instruction,input,output
"Based on the patient description, predict if they have CKD.","This patient is 49 years old, female. The age (years) is 49. The sex is female. The hemoglobin (g/dL) is 9.3. The hematocrit (%) is 25.0. The lymphocytes (%) are 12. The mean corpuscular hemoglobin (MCH, pg) is 28.0. The mean corpuscular hemoglobin concentration (MCHC, g/dL) is 36.0. The mean corpuscular volume (MCV, fL) is 78.0. The monocytes (%) are 3. The mean platelet volume (fL) is 7.0. The plateletcrit (%) is 0.11. The platelet distribution width (%) is 36.9. The platelet count (×10^9/L) is 163. The polymorphs (%) are 83. The red blood cell count (million/µL) is 3.2. The red cell distribution width (RDW-SD, fL) is 16.3. The white blood cell count (×10^9/L) is 7.7. The eosinophils (%) are 2. The serum creatinine (mg/dL) is 12.2. The blood urea (mg/dL) is 239.0. The glomerular filtration rate (mL/min/1.73m²) is 3.29.",CKD
"Based on the patient description, predict if they have CKD.","This patient is 65 years old, female. The age (years) is 65. The sex is female. The hemoglobin (g/dL) is 12.1. The hematocrit (%) is 36.9. The lymphocytes (%) are 14. The mean corpuscular hemoglobin (MCH, pg) is 31.0. The mean corpuscular hemoglobin concentration (MCHC, g/dL) is 36.0. The mean corpuscular volume (MCV, fL) is 96.0. The monocytes (%) are 7. The mean platelet volume (fL) is 9.5. The plateletcrit (%) is 0.12. The platelet distribution width (%) is 15.0. The platelet count (×10^9/L) is 131. The polymorphs (%) are 76. The red blood cell count (million/µL) is 3.8. The red cell distribution width (RDW-SD, fL) is 53.0. The white blood cell count (×10^9/L) is 6.4. The eosinophils (%) are 3. The serum creatinine (mg/dL) is 9.0. The blood urea (mg/dL) is 113.0. The glomerular filtration rate (mL/min/1.73m²) is 4.41.",CKD
"Based on the patient description, predict if they have CKD.","This patient is 27 years old, male. The age (years) is 27. The sex is male. The hemoglobin (g/dL) is 13.4. The hematocrit (%) is 53.2. The lymphocytes (%) are 27. The mean corpuscular hemoglobin (MCH, pg) is 34.0. The mean corpuscular hemoglobin concentration (MCHC, g/dL) is 33.0. The mean corpuscular volume (MCV, fL) is 106.0. The monocytes (%) are 9. The mean platelet volume (fL) is 9.9. The plateletcrit (%) is 0.12. The platelet distribution width (%) is 42.0. The platelet count (×10^9/L) is 119. The polymorphs (%) are 60. The red blood cell count (million/µL) is 3.8. The red cell distribution width (RDW-SD, fL) is 19.0. The white blood cell count (×10^9/L) is 5.5. The eosinophils (%) are 4. The serum creatinine (mg/dL) is 9.9. The blood urea (mg/dL) is 96.0. The glomerular filtration rate (mL/min/1.73m²) is 6.36.",CKD
"Based on the patient description, predict if they have CKD.","This patient is 22 years old, male. The age (years) is 22. The sex is male. The hemoglobin (g/dL) is 11.0. The hematocrit (%) is 32.7. The lymphocytes (%) are 28. The mean corpuscular hemoglobin (MCH, pg) is 33.0. The mean corpuscular hemoglobin concentration (MCHC, g/dL) is 34.0. The mean corpuscular volume (MCV, fL) is 99.0. The monocytes (%) are 4. The mean platelet volume (fL) is 9.5. The plateletcrit (%) is 0.14. The platelet distribution width (%) is 15.0. The platelet count (×10^9/L) is 148. The polymorphs (%) are 66. The red blood cell count (million/µL) is 3.3. The red cell distribution width (RDW-SD, fL) is 47.0. The white blood cell count (×10^9/L) is 5.1. The eosinophils (%) are 2. The serum creatinine (mg/dL) is 13.4. The blood urea (mg/dL) is 136.0. The glomerular filtration rate (mL/min/1.73m²) is 4.68.",CKD
"Based on the patient description, predict if they have CKD.","This patient is 45 years old, female. The age (years) is 45. The sex is female. The hemoglobin (g/dL) is 11.0. The hematocrit (%) is 47.0. The lymphocytes (%) are 30. The mean corpuscular hemoglobin (MCH, pg) is 24.0. The mean corpuscular hemoglobin concentration (MCHC, g/dL) is 31.0. The mean corpuscular volume (MCV, fL) is 83.0. The monocytes (%) are 4. The mean platelet volume (fL) is 8.2. The plateletcrit (%) is 0.17. The platelet distribution width (%) is 39.0. The platelet count (×10^9/L) is 204. The polymorphs (%) are 64. The red blood cell count (million/µL) is 3.6. The red cell distribution width (RDW-SD, fL) is 21.0. The white blood cell count (×10^9/L) is 10.3. The eosinophils (%) are 2. The serum creatinine (mg/dL) is 11.0. The blood urea (mg/dL) is 160.0. The glomerular filtration rate (mL/min/1.73m²) is 3.77.",CKD
"Based on the patient description, predict if they have CKD.","This patient is 45 years old, male. The age (years) is 45. The sex is male. The hemoglobin (g/dL) is 12.6. The hematocrit (%) is 38.7. The lymphocytes (%) are 18. The mean corpuscular hemoglobin (MCH, pg) is 31.0. The mean corpuscular hemoglobin concentration (MCHC, g/dL) is 32.0. The mean corpuscular volume (MCV, fL) is 95.0. The monocytes (%) are 8. The mean platelet volume (fL) is 10.8. The plateletcrit (%) is 0.12. The platelet distribution width (%) is 16.0. The platelet count (×10^9/L) is 111. The polymorphs (%) are 71. The red blood cell count (million/µL) is 4.0. The red cell distribution width (RDW-SD, fL) is 51.0. The white blood cell count (×10^9/L) is 6.2. The eosinophils (%) are 3. The serum creatinine (mg/dL) is 6.8. The blood urea (mg/dL) is 160.0. The glomerular filtration rate (mL/min/1.73m²) is 8.85.",CKD
"Based on the patient description, predict if they have CKD.","This patient is 40 years old, male. The age (years) is 40. The sex is male. The hemoglobin (g/dL) is 11.9. The hematocrit (%) is 41.18. The lymphocytes (%) are 16. The mean corpuscular hemoglobin (MCH, pg) is 29.0. The mean corpuscular hemoglobin concentration (MCHC, g/dL) is 35.0. The mean corpuscular volume (MCV, fL) is 99.0. The monocytes (%) are 8. The mean platelet volume (fL) is 8.4. The plateletcrit (%) is 0.18. The platelet distribution width (%) is 38.0. The platelet count (×10^9/L) is 211. The polymorphs (%) are 73. The red blood cell count (million/µL) is 4.1. The red cell distribution width (RDW-SD, fL) is 20.0. The white blood cell count (×10^9/L) is 7.0. The eosinophils (%) are 3. The serum creatinine (mg/dL) is 9.8. The blood urea (mg/dL) is 195.0. The glomerular filtration rate (mL/min/1.73m²) is 5.94.",CKD
"Based on the patient description, predict if they have CKD.","This patient is 53 years old, female. The age (years) is 53. The sex is female. The hemoglobin (g/dL) is 10.6. The hematocrit (%) is 34.0. The lymphocytes (%) are 19. The mean corpuscular hemoglobin (MCH, pg) is 31.0. The mean corpuscular hemoglobin concentration (MCHC, g/dL) is 32.0. The mean corpuscular volume (MCV, fL) is 99.0. The monocytes (%) are 5. The mean platelet volume (fL) is 9.6. The plateletcrit (%) is 0.2. The platelet distribution width (%) is 15.0. The platelet count (×10^9/L) is 209. The polymorphs (%) are 73. The red blood cell count (million/µL) is 3.4. The red cell distribution width (RDW-SD, fL) is 50.0. The white blood cell count (×10^9/L) is 6.8. The eosinophils (%) are 3. The serum creatinine (mg/dL) is 8.8. The blood urea (mg/dL) is 99.0. The glomerular filtration rate (mL/min/1.73m²) is 4.71.",CKD
"Based on the patient description, predict if they have CKD.","This patient is 23 years old, female. The age (years) is 23. The sex is female. The hemoglobin (g/dL) is 9.2. The hematocrit (%) is 28.7. The lymphocytes (%) are 10. The mean corpuscular hemoglobin (MCH, pg) is 32.5. The mean corpuscular hemoglobin concentration (MCHC, g/dL) is 31.9. The mean corpuscular volume (MCV, fL) is 101.7. The monocytes (%) are 4. The mean platelet volume (fL) is 10.4. The plateletcrit (%) is 0.1. The platelet distribution width (%) is 16.5. The platelet count (×10^9/L) is 128. The polymorphs (%) are 84. The red blood cell count (million/µL) is 2.8. The red cell distribution width (RDW-SD, fL) is 51.2. The white blood cell count (×10^9/L) is 4.6. The eosinophils (%) are 2. The serum creatinine (mg/dL) is 11.1. The blood urea (mg/dL) is 221.0. The glomerular filtration rate (mL/min/1.73m²) is 4.27.",CKD
"Based on the patient description, predict if they have CKD.","This patient is 34 years old, female. The age (years) is 34. The sex is female. The hemoglobin (g/dL) is 8.8. The hematocrit (%) is 34.5. The lymphocytes (%) are 32. The mean corpuscular hemoglobin (MCH, pg) is 22.0. The mean corpuscular hemoglobin concentration (MCHC, g/dL) is 32.0. The mean corpuscular volume (MCV, fL) is 98.0. The monocytes (%) are 5. The mean platelet volume (fL) is 12.0. The plateletcrit (%) is 0.2. The platelet distribution width (%) is 45.0. The platelet count (×10^9/L) is 169. The polymorphs (%) are 59. The red blood cell count (million/µL) is 2.7. The red cell distribution width (RDW-SD, fL) is 23.0. The white blood cell count (×10^9/L) is 8.3. The eosinophils (%) are 4. The serum creatinine (mg/dL) is 5.1. The blood urea (mg/dL) is 132.0. The glomerular filtration rate (mL/min/1.73m²) is 9.68.",CKD
"Based on the patient description, predict if they have CKD.","This patient is 47 years old, female. The age (years) is 47. The sex is female. The hemoglobin (g/dL) is 9.9. The hematocrit (%) is 31.1. The lymphocytes (%) are 25. The mean corpuscular hemoglobin (MCH, pg) is 27.8. The mean corpuscular hemoglobin concentration (MCHC, g/dL) is 31.9. The mean corpuscular volume (MCV, fL) is 87.3. The monocytes (%) are 4. The mean platelet volume (fL) is 9.5. The plateletcrit (%) is 0.2. The platelet distribution width (%) is 15.5. The platelet count (×10^9/L) is 220. The polymorphs (%) are 69. The red blood cell count (million/µL) is 3.5. The red cell distribution width (RDW-SD, fL) is 44.6. The white blood cell count (×10^9/L) is 12.5. The eosinophils (%) are 2. The serum creatinine (mg/dL) is 8.8. The blood urea (mg/dL) is 175.0. The glomerular filtration rate (mL/min/1.73m²) is 4.83.",CKD
"Based on the patient description, predict if they have CKD.","This patient is 68 years old, male. The age (years) is 68. The sex is male. The hemoglobin (g/dL) is 10.6. The hematocrit (%) is 33.6. The lymphocytes (%) are 40. The mean corpuscular hemoglobin (MCH, pg) is 25.1. The mean corpuscular hemoglobin concentration (MCHC, g/dL) is 31.4. The mean corpuscular volume (MCV, fL) is 79.8. The monocytes (%) are 5. The mean platelet volume (fL) is 11.9. The plateletcrit (%) is 0.1. The platelet distribution width (%) is 15.1. The platelet count (×10^9/L) is 138. The polymorphs (%) are 52. The red blood cell count (million/µL) is 4.2. The red cell distribution width (RDW-SD, fL) is 45.2. The white blood cell count (×10^9/L) is 8.5. The eosinophils (%) are 3. The serum creatinine (mg/dL) is 4.2. The blood urea (mg/dL) is 164.0. The glomerular filtration rate (mL/min/1.73m²) is 14.18.",CKD
"Based on the patient description, predict if they have CKD.","This patient is 29 years old, male. The age (years) is 29. The sex is male. The hemoglobin (g/dL) is 12.2. The hematocrit (%) is 36.4. The lymphocytes (%) are 27. The mean corpuscular hemoglobin (MCH, pg) is 30.2. The mean corpuscular hemoglobin concentration (MCHC, g/dL) is 33.5. The mean corpuscular volume (MCV, fL) is 90.1. The monocytes (%) are 3. The mean platelet volume (fL) is 10.0. The plateletcrit (%) is 0.2. The platelet distribution width (%) is 15.5. The platelet count (×10^9/L) is 263. The polymorphs (%) are 68. The red blood cell count (million/µL) is 4.0. The red cell distribution width (RDW-SD, fL) is 40.8. The white blood cell count (×10^9/L) is 6.7. The eosinophils (%) are 2. The serum creatinine (mg/dL) is 13.1. The blood urea (mg/dL) is 135.0. The glomerular filtration rate (mL/min/1.73m²) is 4.54.",CKD
"Based on the patient description, predict if they have CKD.","This patient is 35 years old, male. The age (years) is 35. The sex is male. The hemoglobin (g/dL) is 8.5. The hematocrit (%) is 26.0. The lymphocytes (%) are 24. The mean corpuscular hemoglobin (MCH, pg) is 28.0. The mean corpuscular hemoglobin concentration (MCHC, g/dL) is 32.0. The mean corpuscular volume (MCV, fL) is 87.0. The monocytes (%) are 6. The mean platelet volume (fL) is 9.1. The plateletcrit (%) is 0.16. The platelet distribution width (%) is 15.6. The platelet count (×10^9/L) is 183. The polymorphs (%) are 67. The red blood cell count (million/µL) is 3.0. The red cell distribution width (RDW-SD, fL) is 47.6. The white blood cell count (×10^9/L) is 10.6. The eosinophils (%) are 3. The serum creatinine (mg/dL) is 10.9. The blood urea (mg/dL) is 169.0. The glomerular filtration rate (mL/min/1.73m²) is 5.4.",CKD
"Based on the patient description, predict if they have CKD.","This patient is 68 years old, female. The age (years) is 68. The sex is female. The hemoglobin (g/dL) is 10.3. The hematocrit (%) is 29.56. The lymphocytes (%) are 21. The mean corpuscular hemoglobin (MCH, pg) is 27.0. The mean corpuscular hemoglobin concentration (MCHC, g/dL) is 34.0. The mean corpuscular volume (MCV, fL) is 79.0. The monocytes (%) are 5. The mean platelet volume (fL) is 8.5. The plateletcrit (%) is 0.09. The platelet distribution width (%) is 37.0. The platelet count (×10^9/L) is 106. The polymorphs (%) are 72. The red blood cell count (million/µL) is 3.7. The red cell distribution width (RDW-SD, fL) is 17.4. The white blood cell count (×10^9/L) is 7.2. The eosinophils (%) are 2. The serum creatinine (mg/dL) is 8.1. The blood urea (mg/dL) is 141.0. The glomerular filtration rate (mL/min/1.73m²) is 4.93.",CKD
"Based on the patient description, predict if they have CKD.","This patient is 61 years old, male. The age (years) is 61. The sex is male. The hemoglobin (g/dL) is 12.6. The hematocrit (%) is 39.0. The lymphocytes (%) are 24. The mean corpuscular hemoglobin (MCH, pg) is 28.0. The mean corpuscular hemoglobin concentration (MCHC, g/dL) is 32.0. The mean corpuscular volume (MCV, fL) is 86.0. The monocytes (%) are 8. The mean platelet volume (fL) is 9.7. The plateletcrit (%) is 0.19. The platelet distribution width (%) is 15.6. The platelet count (×10^9/L) is 205. The polymorphs (%) are 64. The red blood cell count (million/µL) is 4.5. The red cell distribution width (RDW-SD, fL) is 46.6. The white blood cell count (×10^9/L) is 5.4. The eosinophils (%) are 4. The serum creatinine (mg/dL) is 8.6. The blood urea (mg/dL) is 100.0. The glomerular filtration rate (mL/min/1.73m²) is 6.34.",CKD
"Based on the patient description, predict if they have CKD.","This patient is 26 years old, female. The age (years) is 26. The sex is female. The hemoglobin (g/dL) is 11.2. The hematocrit (%) is 43.2. The lymphocytes (%) are 19. The mean corpuscular hemoglobin (MCH, pg) is 28.0. The mean corpuscular hemoglobin concentration (MCHC, g/dL) is 31.0. The mean corpuscular volume (MCV, fL) is 96.0. The monocytes (%) are 7. The mean platelet volume (fL) is 9.1. The plateletcrit (%) is 0.13. The platelet distribution width (%) is 39.0. The platelet count (×10^9/L) is 166. The polymorphs (%) are 72. The red blood cell count (million/µL) is 4.4. The red cell distribution width (RDW-SD, fL) is 22.0. The white blood cell count (×10^9/L) is 5.9. The eosinophils (%) are 2. The serum creatinine (mg/dL) is 7.0. The blood urea (mg/dL) is 114.0. The glomerular filtration rate (mL/min/1.73m²) is 7.1.",CKD
"Based on the patient description, predict if they have CKD.","This patient is 18 years old, male. The age (years) is 18. The sex is male. The hemoglobin (g/dL) is 9.4. The hematocrit (%) is 29.4. The lymphocytes (%) are 27. The mean corpuscular hemoglobin (MCH, pg) is 21.0. The mean corpuscular hemoglobin concentration (MCHC, g/dL) is 32.0. The mean corpuscular volume (MCV, fL) is 67.0. The monocytes (%) are 6. The mean platelet volume (fL) is 10.0. The plateletcrit (%) is 0.11. The platelet distribution width (%) is 14.0. The platelet count (×10^9/L) is 110. The polymorphs (%) are 64. The red blood cell count (million/µL) is 4.3. The red cell distribution width (RDW-SD, fL) is 37.0. The white blood cell count (×10^9/L) is 7.1. The eosinophils (%) are 5. The serum creatinine (mg/dL) is 12.4. The blood urea (mg/dL) is 162.0. The glomerular filtration rate (mL/min/1.73m²) is 5.33.",CKD
"Based on the patient description, predict if they have CKD.","This patient is 37 years old, male. The age (years) is 37. The sex is male. The hemoglobin (g/dL) is 9.1. The hematocrit (%) is 28.7. The lymphocytes (%) are 25. The mean corpuscular hemoglobin (MCH, pg) is 30.2. The mean corpuscular hemoglobin concentration (MCHC, g/dL) is 31.7. The mean corpuscular volume (MCV, fL) is 95.3. The monocytes (%) are 5. The mean platelet volume (fL) is 12.1. The plateletcrit (%) is 0.2. The platelet distribution width (%) is 47.6. The platelet count (×10^9/L) is 185. The polymorphs (%) are 67. The red blood cell count (million/µL) is 3.0. The red cell distribution width (RDW-SD, fL) is 47.6. The white blood cell count (×10^9/L) is 8.5. The eosinophils (%) are 3. The serum creatinine (mg/dL) is 10.1. The blood urea (mg/dL) is 107.0. The glomerular filtration rate (mL/min/1.73m²) is 5.83.",CKD
"Based on the patient description, predict if they have CKD.","This patient is 13 years old, female. The age (years) is 13. The sex is female. The hemoglobin (g/dL) is 9.9. The hematocrit (%) is 29.0. The lymphocytes (%) are 23. The mean corpuscular hemoglobin (MCH, pg) is 30.0. The mean corpuscular hemoglobin concentration (MCHC, g/dL) is 32.0. The mean corpuscular volume (MCV, fL) is 89.0. The monocytes (%) are 5. The mean platelet volume (fL) is 9.8. The plateletcrit (%) is 0.18. The platelet distribution width (%) is 15.4. The platelet count (×10^9/L) is 187. The polymorphs (%) are 70. The red blood cell count (million/µL) is 2.8. The red cell distribution width (RDW-SD, fL) is 52.2. The white blood cell count (×10^9/L) is 6.7. The eosinophils (%) are 2. The serum creatinine (mg/dL) is 10.1. The blood urea (mg/dL) is 151.0. The glomerular filtration rate (mL/min/1.73m²) is 5.35.",CKD
"Based on the patient description, predict if they have CKD.","This patient is 55 years old, male. The age (years) is 55. The sex is male. The hemoglobin (g/dL) is 10.3. The hematocrit (%) is 30.6. The lymphocytes (%) are 29. The mean corpuscular hemoglobin (MCH, pg) is 32.0. The mean corpuscular hemoglobin concentration (MCHC, g/dL) is 33.5. The mean corpuscular volume (MCV, fL) is 95.6. The monocytes (%) are 4. The mean platelet volume (fL) is 9.4. The plateletcrit (%) is 0.1. The platelet distribution width (%) is 15.7. The platelet count (×10^9/L) is 168. The polymorphs (%) are 65. The red blood cell count (million/µL) is 3.2. The red cell distribution width (RDW-SD, fL) is 48.0. The white blood cell count (×10^9/L) is 4.6. The eosinophils (%) are 2. The serum creatinine (mg/dL) is 3.7. The blood urea (mg/dL) is 135.0. The glomerular filtration rate (mL/min/1.73m²) is 17.14.",CKD
"Based on the patient description, predict if they have CKD.","This patient is 50 years old, male. The age (years) is 50. The sex is male. The hemoglobin (g/dL) is 10.7. The hematocrit (%) is 31.0. The lymphocytes (%) are 17. The mean corpuscular hemoglobin (MCH, pg) is 30.3. The mean corpuscular hemoglobin concentration (MCHC, g/dL) is 34.6. The mean corpuscular volume (MCV, fL) is 88.0. The monocytes (%) are 5. The mean platelet volume (fL) is 9.0. The plateletcrit (%) is 0.2. The platelet distribution width (%) is 39.4. The platelet count (×10^9/L) is 218. The polymorphs (%) are 76. The red blood cell count (million/µL) is 3.5. The red cell distribution width (RDW-SD, fL) is 15.1. The white blood cell count (×10^9/L) is 6.2. The eosinophils (%) are 2. The serum creatinine (mg/dL) is 18.0. The blood urea (mg/dL) is 256.0. The glomerular filtration rate (mL/min/1.73m²) is 2.82.",CKD
"Based on the patient description, predict if they have CKD.","This patient is 36 years old, female. The age (years) is 36. The sex is female. The hemoglobin (g/dL) is 9.4. The hematocrit (%) is 30.7. The lymphocytes (%) are 39. The mean corpuscular hemoglobin (MCH, pg) is 30.7. The mean corpuscular hemoglobin concentration (MCHC, g/dL) is 30.7. The mean corpuscular volume (MCV, fL) is 100.1. The monocytes (%) are 9. The mean platelet volume (fL) is 11.0. The plateletcrit (%) is 0.1. The platelet distribution width (%) is 16.2. The platelet count (×10^9/L) is 138. The polymorphs (%) are 48. The red blood cell count (million/µL) is 3.0. The red cell distribution width (RDW-SD, fL) is 58.9. The white blood cell count (×10^9/L) is 5.8. The eosinophils (%) are 4. The serum creatinine (mg/dL) is 10.9. The blood urea (mg/dL) is 206.0. The glomerular filtration rate (mL/min/1.73m²) is 3.98.",CKD
"Based on the patient description, predict if they have CKD.","This patient is 38 years old, male. The age (years) is 38. The sex is male. The hemoglobin (g/dL) is 10.9. The hematocrit (%) is 32.6. The lymphocytes (%) are 15. The mean corpuscular hemoglobin (MCH, pg) is 32.0. The mean corpuscular hemoglobin concentration (MCHC, g/dL) is 33.5. The mean corpuscular volume (MCV, fL) is 95.5. The monocytes (%) are 5. The mean platelet volume (fL) is 11.4. The plateletcrit (%) is 0.2. The platelet distribution width (%) is 16.0. The platelet count (×10^9/L) is 185. The polymorphs (%) are 77. The red blood cell count (million/µL) is 3.4. The red cell distribution width (RDW-SD, fL) is 45.3. The white blood cell count (×10^9/L) is 11.4. The eosinophils (%) are 3. The serum creatinine (mg/dL) is 13.3. The blood urea (mg/dL) is 162.0. The glomerular filtration rate (mL/min/1.73m²) is 4.22.",CKD
"Based on the patient description, predict if they have CKD.","This patient is 33 years old, male. The age (years) is 33. The sex is male. The hemoglobin (g/dL) is 10.5. The hematocrit (%) is 32.3. The lymphocytes (%) are 22. The mean corpuscular hemoglobin (MCH, pg) is 30.3. The mean corpuscular hemoglobin concentration (MCHC, g/dL) is 32.4. The mean corpuscular volume (MCV, fL) is 93.4. The monocytes (%) are 3. The mean platelet volume (fL) is 8.6. The plateletcrit (%) is 0.1. The platelet distribution width (%) is 15.4. The platelet count (×10^9/L) is 129. The polymorphs (%) are 73. The red blood cell count (million/µL) is 3.4. The red cell distribution width (RDW-SD, fL) is 46.1. The white blood cell count (×10^9/L) is 4.8. The eosinophils (%) are 2. The serum creatinine (mg/dL) is 9.9. The blood urea (mg/dL) is 138.0. The glomerular filtration rate (mL/min/1.73m²) is 6.11.",CKD
"Based on the patient description, predict if they have CKD.","This patient is 33 years old, female. The age (years) is 33. The sex is female. The hemoglobin (g/dL) is 10.7. The hematocrit (%) is 31.4. The lymphocytes (%) are 35. The mean corpuscular hemoglobin (MCH, pg) is 32.2. The mean corpuscular hemoglobin concentration (MCHC, g/dL) is 34.1. The mean corpuscular volume (MCV, fL) is 94.3. The monocytes (%) are 4. The mean platelet volume (fL) is 10.7. The plateletcrit (%) is 0.1. The platelet distribution width (%) is 16.4. The platelet count (×10^9/L) is 94. The polymorphs (%) are 59. The red blood cell count (million/µL) is 3.3. The red cell distribution width (RDW-SD, fL) is 41.1. The white blood cell count (×10^9/L) is 5.0. The eosinophils (%) are 2. The serum creatinine (mg/dL) is 8.8. The blood urea (mg/dL) is 150.0. The glomerular filtration rate (mL/min/1.73m²) is 5.19.",CKD
"Based on the patient description, predict if they have CKD.","This patient is 28 years old, male. The age (years) is 28. The sex is male. The hemoglobin (g/dL) is 11.1. The hematocrit (%) is 34.3. The lymphocytes (%) are 33. The mean corpuscular hemoglobin (MCH, pg) is 30.0. The mean corpuscular hemoglobin concentration (MCHC, g/dL) is 32.0. The mean corpuscular volume (MCV, fL) is 94.0. The monocytes (%) are 7. The mean platelet volume (fL) is 9.8. The plateletcrit (%) is 0.15. The platelet distribution width (%) is 16.0. The platelet count (×10^9/L) is 160. The polymorphs (%) are 57. The red blood cell count (million/µL) is 3.6. The red cell distribution width (RDW-SD, fL) is 47.0. The white blood cell count (×10^9/L) is 4.9. The eosinophils (%) are 3. The serum creatinine (mg/dL) is 14.0. The blood urea (mg/dL) is 172.0. The glomerular filtration rate (mL/min/1.73m²) is 4.23.",CKD
"Based on the patient description, predict if they have CKD.","This patient is 54 years old, female. The age (years) is 54. The sex is female. The hemoglobin (g/dL) is 11.5. The hematocrit (%) is 35.3. The lymphocytes (%) are 16. The mean corpuscular hemoglobin (MCH, pg) is 29.0. The mean corpuscular hemoglobin concentration (MCHC, g/dL) is 32.5. The mean corpuscular volume (MCV, fL) is 89.3. The monocytes (%) are 4. The mean platelet volume (fL) is 11.6. The plateletcrit (%) is 0.1. The platelet distribution width (%) is 15.8. The platelet count (×10^9/L) is 105. The polymorphs (%) are 78. The red blood cell count (million/µL) is 3.9. The red cell distribution width (RDW-SD, fL) is 47.5. The white blood cell count (×10^9/L) is 7.6. The eosinophils (%) are 2. The serum creatinine (mg/dL) is 9.2. The blood urea (mg/dL) is 172.0. The glomerular filtration rate (mL/min/1.73m²) is 4.46.",CKD
"Based on the patient description, predict if they have CKD.","This patient is 40 years old, male. The age (years) is 40. The sex is male. The hemoglobin (g/dL) is 9.5. The hematocrit (%) is 28.1. The lymphocytes (%) are 30. The mean corpuscular hemoglobin (MCH, pg) is 31.2. The mean corpuscular hemoglobin concentration (MCHC, g/dL) is 33.7. The mean corpuscular volume (MCV, fL) is 92.7. The monocytes (%) are 3. The mean platelet volume (fL) is 10.0. The plateletcrit (%) is 0.1. The platelet distribution width (%) is 16.4. The platelet count (×10^9/L) is 165. The polymorphs (%) are 65. The red blood cell count (million/µL) is 3.0. The red cell distribution width (RDW-SD, fL) is 47.0. The white blood cell count (×10^9/L) is 4.2. The eosinophils (%) are 2. The serum creatinine (mg/dL) is 11.4. The blood urea (mg/dL) is 164.0. The glomerular filtration rate (mL/min/1.73m²) is 4.99.",CKD
"Based on the patient description, predict if they have CKD.","This patient is 30 years old, female. The age (years) is 30. The sex is female. The hemoglobin (g/dL) is 11.2. The hematocrit (%) is 34.1. The lymphocytes (%) are 31. The mean corpuscular hemoglobin (MCH, pg) is 29.0. The mean corpuscular hemoglobin concentration (MCHC, g/dL) is 34.0. The mean corpuscular volume (MCV, fL) is 95.0. The monocytes (%) are 5. The mean platelet volume (fL) is 6.8. The plateletcrit (%) is 0.19. The platelet distribution width (%) is 19.0. The platelet count (×10^9/L) is 223. The polymorphs (%) are 60. The red blood cell count (million/µL) is 3.52. The red cell distribution width (RDW-SD, fL) is 41.0. The white blood cell count (×10^9/L) is 9.5. The eosinophils (%) are 4. The serum creatinine (mg/dL) is 8.8. The blood urea (mg/dL) is 122.0. The glomerular filtration rate (mL/min/1.73m²) is 5.29.",CKD
"Based on the patient description, predict if they have CKD.","This patient is 39 years old, male. The age (years) is 39. The sex is male. The hemoglobin (g/dL) is 13.0. The hematocrit (%) is 39.5. The lymphocytes (%) are 31. The mean corpuscular hemoglobin (MCH, pg) is 26.5. The mean corpuscular hemoglobin concentration (MCHC, g/dL) is 32.9. The mean corpuscular volume (MCV, fL) is 80.6. The monocytes (%) are 3. The mean platelet volume (fL) is 10.0. The plateletcrit (%) is 0.1. The platelet distribution width (%) is 15.6. The platelet count (×10^9/L) is 145. The polymorphs (%) are 64. The red blood cell count (million/µL) is 4.9. The red cell distribution width (RDW-SD, fL) is 37.6. The white blood cell count (×10^9/L) is 10.5. The eosinophils (%) are 2. The serum creatinine (mg/dL) is 11.9. The blood urea (mg/dL) is 184.0. The glomerular filtration rate (mL/min/1.73m²) is 4.77.",CKD
"Based on the patient description, predict if they have CKD.","This patient is 45 years old, female. The age (years) is 45. The sex is female. The hemoglobin (g/dL) is 9.5. The hematocrit (%) is 28.6. The lymphocytes (%) are 23. The mean corpuscular hemoglobin (MCH, pg) is 30.2. The mean corpuscular hemoglobin concentration (MCHC, g/dL) is 33.3. The mean corpuscular volume (MCV, fL) is 90.7. The monocytes (%) are 3. The mean platelet volume (fL) is 10.6. The plateletcrit (%) is 0.08. The platelet distribution width (%) is 15.7. The platelet count (×10^9/L) is 99. The polymorphs (%) are 72. The red blood cell count (million/µL) is 3.1. The red cell distribution width (RDW-SD, fL) is 45.7. The white blood cell count (×10^9/L) is 4.9. The eosinophils (%) are 2. The serum creatinine (mg/dL) is 12.6. The blood urea (mg/dL) is 135.0. The glomerular filtration rate (mL/min/1.73m²) is 3.22.",CKD
"Based on the patient description, predict if they have CKD.","This patient is 43 years old, male. The age (years) is 43. The sex is male. The hemoglobin (g/dL) is 10.3. The hematocrit (%) is 31.0. The lymphocytes (%) are 23. The mean corpuscular hemoglobin (MCH, pg) is 30.0. The mean corpuscular hemoglobin concentration (MCHC, g/dL) is 33.0. The mean corpuscular volume (MCV, fL) is 91.0. The monocytes (%) are 6. The mean platelet volume (fL) is 9.6. The plateletcrit (%) is 0.19. The platelet distribution width (%) is 15.7. The platelet count (×10^9/L) is 200. The polymorphs (%) are 68. The red blood cell count (million/µL) is 3.4. The red cell distribution width (RDW-SD, fL) is 45.4. The white blood cell count (×10^9/L) is 12.3. The eosinophils (%) are 3. The serum creatinine (mg/dL) is 8.7. The blood urea (mg/dL) is 126.0. The glomerular filtration rate (mL/min/1.73m²) is 6.72.",CKD
"Based on the patient description, predict if they have CKD.","This patient is 33 years old, male. The age (years) is 33. The sex is male. The hemoglobin (g/dL) is 6.9. The hematocrit (%) is 22.5. The lymphocytes (%) are 5. The mean corpuscular hemoglobin (MCH, pg) is 28.5. The mean corpuscular hemoglobin concentration (MCHC, g/dL) is 30.9. The mean corpuscular volume (MCV, fL) is 92.4. The monocytes (%) are 3. The mean platelet volume (fL) is 9.1. The plateletcrit (%) is 0.3. The platelet distribution width (%) is 15.7. The platelet count (×10^9/L) is 336. The polymorphs (%) are 90. The red blood cell count (million/µL) is 2.4. The red cell distribution width (RDW-SD, fL) is 49.8. The white blood cell count (×10^9/L) is 16.8. The eosinophils (%) are 2. The serum creatinine (mg/dL) is 13.1. The blood urea (mg/dL) is 112.0. The glomerular filtration rate (mL/min/1.73m²) is 4.42.",CKD
"Based on the patient description, predict if they have CKD.","This patient is 47 years old, male. The age (years) is 47. The sex is male. The hemoglobin (g/dL) is 11.8. The hematocrit (%) is 35.0. The lymphocytes (%) are 16. The mean corpuscular hemoglobin (MCH, pg) is 29.0. The mean corpuscular hemoglobin concentration (MCHC, g/dL) is 33.0. The mean corpuscular volume (MCV, fL) is 87.0. The monocytes (%) are 6. The mean platelet volume (fL) is 8.2. The plateletcrit (%) is 0.22. The platelet distribution width (%) is 15.2. The platelet count (×10^9/L) is 271. The polymorphs (%) are 75. The red blood cell count (million/µL) is 4.0. The red cell distribution width (RDW-SD, fL) is 46.2. The white blood cell count (×10^9/L) is 7.9. The eosinophils (%) are 3. The serum creatinine (mg/dL) is 8.1. The blood urea (mg/dL) is 120.0. The glomerular filtration rate (mL/min/1.73m²) is 7.16.",CKD
"Based on the patient description, predict if they have CKD.","This patient is 63 years old, male. The age (years) is 63. The sex is male. The hemoglobin (g/dL) is 12.7. The hematocrit (%) is 38.0. The lymphocytes (%) are 27. The mean corpuscular hemoglobin (MCH, pg) is 34.0. The mean corpuscular hemoglobin concentration (MCHC, g/dL) is 33.0. The mean corpuscular volume (MCV, fL) is 85.0. The monocytes (%) are 5. The mean platelet volume (fL) is 11.2. The plateletcrit (%) is 0.14. The platelet distribution width (%) is 15.6. The platelet count (×10^9/L) is 186. The polymorphs (%) are 65. The red blood cell count (million/µL) is 4.7. The red cell distribution width (RDW-SD, fL) is 44.8. The white blood cell count (×10^9/L) is 9.9. The eosinophils (%) are 3. The serum creatinine (mg/dL) is 10.8. The blood urea (mg/dL) is 126.0. The glomerular filtration rate (mL/min/1.73m²) is 4.84.",CKD
"Based on the patient description, predict if they have CKD.","This patient is 42 years old, male. The age (years) is 42. The sex is male. The hemoglobin (g/dL) is 10.6. The hematocrit (%) is 29.8. The lymphocytes (%) are 21. The mean corpuscular hemoglobin (MCH, pg) is 35.0. The mean corpuscular hemoglobin concentration (MCHC, g/dL) is 36.0. The mean corpuscular volume (MCV, fL) is 101.0. The monocytes (%) are 8. The mean platelet volume (fL) is 11.3. The plateletcrit (%) is 0.25. The platelet distribution width (%) is 16.0. The platelet count (×10^9/L) is 225. The polymorphs (%) are 71. The red blood cell count (million/µL) is 2.9. The red cell distribution width (RDW-SD, fL) is 55.0. The white blood cell count (×10^9/L) is 9.5. The eosinophils (%) are 0. The serum creatinine (mg/dL) is 14.4. The blood urea (mg/dL) is 140.0. The glomerular filtration rate (mL/min/1.73m²) is 3.77.",CKD
"Based on the patient description, predict if they have CKD.","This patient is 28 years old, female. The age (years) is 28. The sex is female. The hemoglobin (g/dL) is 11.4. The hematocrit (%) is 34.9. The lymphocytes (%) are 22. The mean corpuscular hemoglobin (MCH, pg) is 28.8. The mean corpuscular hemoglobin concentration (MCHC, g/dL) is 32.5. The mean corpuscular volume (MCV, fL) is 88.6. The monocytes (%) are 4. The mean platelet volume (fL) is 9.1. The plateletcrit (%) is 0.2. The platelet distribution width (%) is 15.5. The platelet count (×10^9/L) is 271. The polymorphs (%) are 72. The red blood cell count (million/µL) is 3.9. The red cell distribution width (RDW-SD, fL) is 45.8. The white blood cell count (×10^9/L) is 7.3. The eosinophils (%) are 2. The serum creatinine (mg/dL) is 9.9. The blood urea (mg/dL) is 122.0. The glomerular filtration rate (mL/min/1.73m²) is 4.68.",CKD
"Based on the patient description, predict if they have CKD.","This patient is 62 years old, female. The age (years) is 62. The sex is female. The hemoglobin (g/dL) is 12.7. The hematocrit (%) is 38.4. The lymphocytes (%) are 11. The mean corpuscular hemoglobin (MCH, pg) is 30.3. The mean corpuscular hemoglobin concentration (MCHC, g/dL) is 33.0. The mean corpuscular volume (MCV, fL) is 91.9. The monocytes (%) are 5. The mean platelet volume (fL) is 9.4. The plateletcrit (%) is 0.1. The platelet distribution width (%) is 16.1. The platelet count (×10^9/L) is 195. The polymorphs (%) are 82. The red blood cell count (million/µL) is 4.1. The red cell distribution width (RDW-SD, fL) is 47.4. The white blood cell count (×10^9/L) is 6.8. The eosinophils (%) are 2. The serum creatinine (mg/dL) is 9.8. The blood urea (mg/dL) is 173.0. The glomerular filtration rate (mL/min/1.73m²) is 4.03.",CKD
"Based on the patient description, predict if they have CKD.","This patient is 48 years old, female. The age (years) is 48. The sex is female. The hemoglobin (g/dL) is 9.2. The hematocrit (%) is 29.1. The lymphocytes (%) are 32. The mean corpuscular hemoglobin (MCH, pg) is 27.9. The mean corpuscular hemoglobin concentration (MCHC, g/dL) is 31.7. The mean corpuscular volume (MCV, fL) is 88.1. The monocytes (%) are 3. The mean platelet volume (fL) is 9.0. The plateletcrit (%) is 0.1. The platelet distribution width (%) is 15.8. The platelet count (×10^9/L) is 130. The polymorphs (%) are 63. The red blood cell count (million/µL) is 3.3. The red cell distribution width (RDW-SD, fL) is 45.2. The white blood cell count (×10^9/L) is 5.6. The eosinophils (%) are 2. The serum creatinine (mg/dL) is 7.7. The blood urea (mg/dL) is 161.0. The glomerular filtration rate (mL/min/1.73m²) is 5.61.",CKD
"Based on the patient description, predict if they have CKD.","This patient is 70 years old, male. The age (years) is 70. The sex is male. The hemoglobin (g/dL) is 10.6. The hematocrit (%) is 30.9. The lymphocytes (%) are 34. The mean corpuscular hemoglobin (MCH, pg) is 31.0. The mean corpuscular hemoglobin concentration (MCHC, g/dL) is 34.4. The mean corpuscular volume (MCV, fL) is 90.0. The monocytes (%) are 5. The mean platelet volume (fL) is 11.0. The plateletcrit (%) is 0.2. The platelet distribution width (%) is 15.7. The platelet count (×10^9/L) is 207. The polymorphs (%) are 58. The red blood cell count (million/µL) is 3.4. The red cell distribution width (RDW-SD, fL) is 42.3. The white blood cell count (×10^9/L) is 7.8. The eosinophils (%) are 3. The serum creatinine (mg/dL) is 5.2. The blood urea (mg/dL) is 106.0. The glomerular filtration rate (mL/min/1.73m²) is 11.02.",CKD
"Based on the patient description, predict if they have CKD.","This patient is 43 years old, male. The age (years) is 43. The sex is male. The hemoglobin (g/dL) is 11.3. The hematocrit (%) is 34.0. The lymphocytes (%) are 13. The mean corpuscular hemoglobin (MCH, pg) is 27.0. The mean corpuscular hemoglobin concentration (MCHC, g/dL) is 33.0. The mean corpuscular volume (MCV, fL) is 83.0. The monocytes (%) are 7. The mean platelet volume (fL) is 10.7. The plateletcrit (%) is 0.24. The platelet distribution width (%) is 16.3. The platelet count (×10^9/L) is 232. The polymorphs (%) are 77. The red blood cell count (million/µL) is 4.1. The red cell distribution width (RDW-SD, fL) is 41.7. The white blood cell count (×10^9/L) is 8.5. The eosinophils (%) are 3. The serum creatinine (mg/dL) is 9.0. The blood urea (mg/dL) is 180.0. The glomerular filtration rate (mL/min/1.73m²) is 6.46.",CKD
"Based on the patient description, predict if they have CKD.","This patient is 58 years old, female. The age (years) is 58. The sex is female. The hemoglobin (g/dL) is 11.0. The hematocrit (%) is 34.8. The lymphocytes (%) are 35. The mean corpuscular hemoglobin (MCH, pg) is 27.1. The mean corpuscular hemoglobin concentration (MCHC, g/dL) is 31.6. The mean corpuscular volume (MCV, fL) is 85.6. The monocytes (%) are 3. The mean platelet volume (fL) is 12.1. The plateletcrit (%) is 0.1. The platelet distribution width (%) is 15.9. The platelet count (×10^9/L) is 111. The polymorphs (%) are 60. The red blood cell count (million/µL) is 4.0. The red cell distribution width (RDW-SD, fL) is 48.8. The white blood cell count (×10^9/L) is 5.4. The eosinophils (%) are 2. The serum creatinine (mg/dL) is 6.5. The blood urea (mg/dL) is 119.0. The glomerular filtration rate (mL/min/1.73m²) is 6.57.",CKD
"Based on the patient description, predict if they have CKD.","This patient is 33 years old, male. The age (years) is 33. The sex is male. The hemoglobin (g/dL) is 6.1. The hematocrit (%) is 21.5. The lymphocytes (%) are 60. The mean corpuscular hemoglobin (MCH, pg) is 29.3. The mean corpuscular hemoglobin concentration (MCHC, g/dL) is 28.5. The mean corpuscular volume (MCV, fL) is 103.0. The monocytes (%) are 3. The mean platelet volume (fL) is 8.6. The plateletcrit (%) is 0.2. The platelet distribution width (%) is 39.2. The platelet count (×10^9/L) is 254. The polymorphs (%) are 35. The red blood cell count (million/µL) is 2.0. The red cell distribution width (RDW-SD, fL) is 19.9. The white blood cell count (×10^9/L) is 7.0. The eosinophils (%) are 2. The serum creatinine (mg/dL) is 8.4. The blood urea (mg/dL) is 136.0. The glomerular filtration rate (mL/min/1.73m²) is 7.38.",CKD
"Based on the patient description, predict if they have CKD.","This patient is 29 years old, female. The age (years) is 29. The sex is female. The hemoglobin (g/dL) is 9.8. The hematocrit (%) is 30.0. The lymphocytes (%) are 22. The mean corpuscular hemoglobin (MCH, pg) is 31.5. The mean corpuscular hemoglobin concentration (MCHC, g/dL) is 32.6. The mean corpuscular volume (MCV, fL) is 96.8. The monocytes (%) are 4. The mean platelet volume (fL) is 10.7. The plateletcrit (%) is 0.2. The platelet distribution width (%) is 15.7. The platelet count (×10^9/L) is 200. The polymorphs (%) are 71. The red blood cell count (million/µL) is 3.1. The red cell distribution width (RDW-SD, fL) is 50.9. The white blood cell count (×10^9/L) is 7.9. The eosinophils (%) are 3. The serum creatinine (mg/dL) is 4.7. The blood urea (mg/dL) is 133.0. The glomerular filtration rate (mL/min/1.73m²) is 10.99.",CKD
"Based on the patient description, predict if they have CKD.","This patient is 46 years old, male. The age (years) is 46. The sex is male. The hemoglobin (g/dL) is 9.6. The hematocrit (%) is 30.0. The lymphocytes (%) are 15. The mean corpuscular hemoglobin (MCH, pg) is 25.0. The mean corpuscular hemoglobin concentration (MCHC, g/dL) is 32.0. The mean corpuscular volume (MCV, fL) is 80.0. The monocytes (%) are 8. The mean platelet volume (fL) is 7.5. The plateletcrit (%) is 0.15. The platelet distribution width (%) is 14.0. The platelet count (×10^9/L) is 212. The polymorphs (%) are 73. The red blood cell count (million/µL) is 3.7. The red cell distribution width (RDW-SD, fL) is 49.0. The white blood cell count (×10^9/L) is 8.1. The eosinophils (%) are 4. The serum creatinine (mg/dL) is 10.8. The blood urea (mg/dL) is 135.0. The glomerular filtration rate (mL/min/1.73m²) is 5.16.",CKD
"Based on the patient description, predict if they have CKD.","This patient is 41 years old, male. The age (years) is 41. The sex is male. The hemoglobin (g/dL) is 11.2. The hematocrit (%) is 32.0. The lymphocytes (%) are 25. The mean corpuscular hemoglobin (MCH, pg) is 26.0. The mean corpuscular hemoglobin concentration (MCHC, g/dL) is 34.0. The mean corpuscular volume (MCV, fL) is 90.0. The monocytes (%) are 3. The mean platelet volume (fL) is 8.1. The plateletcrit (%) is 0.15. The platelet distribution width (%) is 15.1. The platelet count (×10^9/L) is 165. The polymorphs (%) are 70. The red blood cell count (million/µL) is 3.5. The red cell distribution width (RDW-SD, fL) is 40.0. The white blood cell count (×10^9/L) is 10.0. The eosinophils (%) are 2. The serum creatinine (mg/dL) is 12.6. The blood urea (mg/dL) is 172.0. The glomerular filtration rate (mL/min/1.73m²) is 4.42.",CKD
"Based on the patient description, predict if they have CKD.","This patient is 37 years old, female. The age (years) is 37. The sex is female. The hemoglobin (g/dL) is 10.0. The hematocrit (%) is 29.96. The lymphocytes (%) are 2. The mean corpuscular hemoglobin (MCH, pg) is 27.0. The mean corpuscular hemoglobin concentration (MCHC, g/dL) is 35.0. The mean corpuscular volume (MCV, fL) is 77.0. The monocytes (%) are 3. The mean platelet volume (fL) is 9.8. The plateletcrit (%) is 0.2. The platelet distribution width (%) is 42.0. The platelet count (×10^9/L) is 200. The polymorphs (%) are 95. The red blood cell count (million/µL) is 3.8. The red cell distribution width (RDW-SD, fL) is 16.0. The white blood cell count (×10^9/L) is 19.1. The eosinophils (%) are 0. The serum creatinine (mg/dL) is 9.5. The blood urea (mg/dL) is 177.0. The glomerular filtration rate (mL/min/1.73m²) is 4.64.",CKD
"Based on the patient description, predict if they have CKD.","This patient is 67 years old, male. The age (years) is 67. The sex is male. The hemoglobin (g/dL) is 12.8. The hematocrit (%) is 33.0. The lymphocytes (%) are 20. The mean corpuscular hemoglobin (MCH, pg) is 28.0. The mean corpuscular hemoglobin concentration (MCHC, g/dL) is 32.0. The mean corpuscular volume (MCV, fL) is 86.0. The monocytes (%) are 4. The mean platelet volume (fL) is 9.5. The plateletcrit (%) is 0.2. The platelet distribution width (%) is 16.0. The platelet count (×10^9/L) is 216. The polymorphs (%) are 74. The red blood cell count (million/µL) is 4.8. The red cell distribution width (RDW-SD, fL) is 14.0. The white blood cell count (×10^9/L) is 13.3. The eosinophils (%) are 2. The serum creatinine (mg/dL) is 10.2. The blood urea (mg/dL) is 174.0. The glomerular filtration rate (mL/min/1.73m²) is 5.11.",CKD
"Based on the patient description, predict if they have CKD.","This patient is 57 years old, male. The age (years) is 57. The sex is male. The hemoglobin (g/dL) is 11.6. The hematocrit (%) is 36.4. The lymphocytes (%) are 24. The mean corpuscular hemoglobin (MCH, pg) is 32.4. The mean corpuscular hemoglobin concentration (MCHC, g/dL) is 34.6. The mean corpuscular volume (MCV, fL) is 94.0. The monocytes (%) are 4. The mean platelet volume (fL) is 8.2. The plateletcrit (%) is 0.1. The platelet distribution width (%) is 38.1. The platelet count (×10^9/L) is 220. The polymorphs (%) are 70. The red blood cell count (million/µL) is 3.8. The red cell distribution width (RDW-SD, fL) is 13.1. The white blood cell count (×10^9/L) is 7.2. The eosinophils (%) are 2. The serum creatinine (mg/dL) is 11.1. The blood urea (mg/dL) is 146.0. The glomerular filtration rate (mL/min/1.73m²) is 4.79.",CKD
"Based on the patient description, predict if they have CKD.","This patient is 67 years old, male. The age (years) is 67. The sex is male. The hemoglobin (g/dL) is 9.8. The hematocrit (%) is 29.0. The lymphocytes (%) are 20. The mean corpuscular hemoglobin (MCH, pg) is 27.0. The mean corpuscular hemoglobin concentration (MCHC, g/dL) is 33.0. The mean corpuscular volume (MCV, fL) is 80.0. The monocytes (%) are 7. The mean platelet volume (fL) is 9.4. The plateletcrit (%) is 0.16. The platelet distribution width (%) is 15.7. The platelet count (×10^9/L) is 175. The polymorphs (%) are 71. The red blood cell count (million/µL) is 3.6. The red cell distribution width (RDW-SD, fL) is 40.0. The white blood cell count (×10^9/L) is 6.9. The eosinophils (%) are 3. The serum creatinine (mg/dL) is 9.1. The blood urea (mg/dL) is 122.0. The glomerular filtration rate (mL/min/1.73m²) is 5.83.",CKD
"Based on the patient description, predict if they have CKD.","This patient is 71 years old, male. The age (years) is 71. The sex is male. The hemoglobin (g/dL) is 10.9. The hematocrit (%) is 33.1. The lymphocytes (%) are 20. The mean corpuscular hemoglobin (MCH, pg) is 28.0. The mean corpuscular hemoglobin concentration (MCHC, g/dL) is 33.0. The mean corpuscular volume (MCV, fL) is 87.0. The monocytes (%) are 8. The mean platelet volume (fL) is 9.7. The plateletcrit (%) is 0.15. The platelet distribution width (%) is 16.0. The platelet count (×10^9/L) is 159. The polymorphs (%) are 68. The red blood cell count (million/µL) is 3.7. The red cell distribution width (RDW-SD, fL) is 53.0. The white blood cell count (×10^9/L) is 9.0. The eosinophils (%) are 4. The serum creatinine (mg/dL) is 11.0. The blood urea (mg/dL) is 210.0. The glomerular filtration rate (mL/min/1.73m²) is 4.63.",CKD
"Based on the patient description, predict if they have CKD.","This patient is 27 years old, male. The age (years) is 27. The sex is male. The hemoglobin (g/dL) is 11.6. The hematocrit (%) is 32.6. The lymphocytes (%) are 28. The mean corpuscular hemoglobin (MCH, pg) is 32.0. The mean corpuscular hemoglobin concentration (MCHC, g/dL) is 36.0. The mean corpuscular volume (MCV, fL) is 89.0. The monocytes (%) are 5. The mean platelet volume (fL) is 0.11. The plateletcrit (%) is 0.0. The platelet distribution width (%) is 34.0. The platelet count (×10^9/L) is 159. The polymorphs (%) are 65. The red blood cell count (million/µL) is 3.6. The red cell distribution width (RDW-SD, fL) is 15.0. The white blood cell count (×10^9/L) is 7.0. The eosinophils (%) are 2. The serum creatinine (mg/dL) is 10.1. The blood urea (mg/dL) is 70.0. The glomerular filtration rate (mL/min/1.73m²) is 6.22.",CKD
"Based on the patient description, predict if they have CKD.","This patient is 61 years old, male. The age (years) is 61. The sex is male. The hemoglobin (g/dL) is 13.0. The hematocrit (%) is 36.0. The lymphocytes (%) are 24. The mean corpuscular hemoglobin (MCH, pg) is 28.0. The mean corpuscular hemoglobin concentration (MCHC, g/dL) is 36.0. The mean corpuscular volume (MCV, fL) is 79.0. The monocytes (%) are 6. The mean platelet volume (fL) is 7.1. The plateletcrit (%) is 0.1. The platelet distribution width (%) is 37.2. The platelet count (×10^9/L) is 144. The polymorphs (%) are 68. The red blood cell count (million/µL) is 4.5. The red cell distribution width (RDW-SD, fL) is 16.5. The white blood cell count (×10^9/L) is 4.7. The eosinophils (%) are 2. The serum creatinine (mg/dL) is 9.3. The blood urea (mg/dL) is 123.0. The glomerular filtration rate (mL/min/1.73m²) is 5.79.",CKD
"Based on the patient description, predict if they have CKD.","This patient is 55 years old, male. The age (years) is 55. The sex is male. The hemoglobin (g/dL) is 12.6. The hematocrit (%) is 36.0. The lymphocytes (%) are 21. The mean corpuscular hemoglobin (MCH, pg) is 33.0. The mean corpuscular hemoglobin concentration (MCHC, g/dL) is 35.0. The mean corpuscular volume (MCV, fL) is 94.0. The monocytes (%) are 3. The mean platelet volume (fL) is 7.2. The plateletcrit (%) is 0.09. The platelet distribution width (%) is 35.0. The platelet count (×10^9/L) is 126. The polymorphs (%) are 74. The red blood cell count (million/µL) is 3.8. The red cell distribution width (RDW-SD, fL) is 15.0. The white blood cell count (×10^9/L) is 5.4. The eosinophils (%) are 2. The serum creatinine (mg/dL) is 11.6. The blood urea (mg/dL) is 116.0. The glomerular filtration rate (mL/min/1.73m²) is 4.59.",CKD
"Based on the patient description, predict if they have CKD.","This patient is 37 years old, male. The age (years) is 37. The sex is male. The hemoglobin (g/dL) is 11.0. The hematocrit (%) is 33.0. The lymphocytes (%) are 25. The mean corpuscular hemoglobin (MCH, pg) is 30.0. The mean corpuscular hemoglobin concentration (MCHC, g/dL) is 33.0. The mean corpuscular volume (MCV, fL) is 92.0. The monocytes (%) are 6. The mean platelet volume (fL) is 8.3. The plateletcrit (%) is 0.16. The platelet distribution width (%) is 38.0. The platelet count (×10^9/L) is 188. The polymorphs (%) are 66. The red blood cell count (million/µL) is 3.5. The red cell distribution width (RDW-SD, fL) is 15.0. The white blood cell count (×10^9/L) is 7.2. The eosinophils (%) are 3. The serum creatinine (mg/dL) is 12.4. The blood urea (mg/dL) is 0.0. The glomerular filtration rate (mL/min/1.73m²) is 4.6.",CKD
"Based on the patient description, predict if they have CKD.","This patient is 55 years old, male. The age (years) is 55. The sex is male. The hemoglobin (g/dL) is 11.6. The hematocrit (%) is 32.8. The lymphocytes (%) are 19. The mean corpuscular hemoglobin (MCH, pg) is 34.0. The mean corpuscular hemoglobin concentration (MCHC, g/dL) is 35.0. The mean corpuscular volume (MCV, fL) is 96.0. The monocytes (%) are 5. The mean platelet volume (fL) is 7.3. The plateletcrit (%) is 0.14. The platelet distribution width (%) is 36.0. The platelet count (×10^9/L) is 190. The polymorphs (%) are 73. The red blood cell count (million/µL) is 3.4. The red cell distribution width (RDW-SD, fL) is 13.0. The white blood cell count (×10^9/L) is 6.5. The eosinophils (%) are 3. The serum creatinine (mg/dL) is 10.6. The blood urea (mg/dL) is 119.0. The glomerular filtration rate (mL/min/1.73m²) is 5.09.",CKD
"Based on the patient description, predict if they have CKD.","This patient is 28 years old, male. The age (years) is 28. The sex is male. The hemoglobin (g/dL) is 11.3. The hematocrit (%) is 31.9. The lymphocytes (%) are 19. The mean corpuscular hemoglobin (MCH, pg) is 31.0. The mean corpuscular hemoglobin concentration (MCHC, g/dL) is 35.0. The mean corpuscular volume (MCV, fL) is 87.0. The monocytes (%) are 3. The mean platelet volume (fL) is 7.8. The plateletcrit (%) is 0.15. The platelet distribution width (%) is 37.0. The platelet count (×10^9/L) is 186. The polymorphs (%) are 76. The red blood cell count (million/µL) is 3.7. The red cell distribution width (RDW-SD, fL) is 14.2. The white blood cell count (×10^9/L) is 9.2. The eosinophils (%) are 2. The serum creatinine (mg/dL) is 15.0. The blood urea (mg/dL) is 210.0. The glomerular filtration rate (mL/min/1.73m²) is 3.91.",CKD
"Based on the patient description, predict if they have CKD.","This patient is 14 years old, female. The age (years) is 14. The sex is female. The hemoglobin (g/dL) is 10.8. The hematocrit (%) is 30.2. The lymphocytes (%) are 24. The mean corpuscular hemoglobin (MCH, pg) is 37.0. The mean corpuscular hemoglobin concentration (MCHC, g/dL) is 35.0. The mean corpuscular volume (MCV, fL) is 104.0. The monocytes (%) are 5. The mean platelet volume (fL) is 9.2. The plateletcrit (%) is 0.12. The platelet distribution width (%) is 39.0. The platelet count (×10^9/L) is 127. The polymorphs (%) are 68. The red blood cell count (million/µL) is 2.9. The red cell distribution width (RDW-SD, fL) is 16.0. The white blood cell count (×10^9/L) is 5.3. The eosinophils (%) are 3. The serum creatinine (mg/dL) is 9.5. The blood urea (mg/dL) is 138.0. The glomerular filtration rate (mL/min/1.73m²) is 5.66.",CKD
"Based on the patient description, predict if they have CKD.","This patient is 66 years old, female. The age (years) is 66. The sex is female. The hemoglobin (g/dL) is 13.3. The hematocrit (%) is 38.6. The lymphocytes (%) are 12. The mean corpuscular hemoglobin (MCH, pg) is 33.2. The mean corpuscular hemoglobin concentration (MCHC, g/dL) is 34.6. The mean corpuscular volume (MCV, fL) is 96.0. The monocytes (%) are 3. The mean platelet volume (fL) is 8.6. The plateletcrit (%) is 0.1. The platelet distribution width (%) is 37.6. The platelet count (×10^9/L) is 179. The polymorphs (%) are 83. The red blood cell count (million/µL) is 4.0. The red cell distribution width (RDW-SD, fL) is 14.7. The white blood cell count (×10^9/L) is 8.0. The eosinophils (%) are 2. The serum creatinine (mg/dL) is 10.6. The blood urea (mg/dL) is 152.0. The glomerular filtration rate (mL/min/1.73m²) is 3.64.",CKD
"Based on the patient description, predict if they have CKD.","This patient is 31 years old, female. The age (years) is 31. The sex is female. The hemoglobin (g/dL) is 11.2. The hematocrit (%) is 31.0. The lymphocytes (%) are 29. The mean corpuscular hemoglobin (MCH, pg) is 30.0. The mean corpuscular hemoglobin concentration (MCHC, g/dL) is 35.0. The mean corpuscular volume (MCV, fL) is 87.0. The monocytes (%) are 2. The mean platelet volume (fL) is 8.7. The plateletcrit (%) is 0.14. The platelet distribution width (%) is 38.4. The platelet count (×10^9/L) is 157. The polymorphs (%) are 58. The red blood cell count (million/µL) is 3.6. The red cell distribution width (RDW-SD, fL) is 14.2. The white blood cell count (×10^9/L) is 5.7. The eosinophils (%) are 1. The serum creatinine (mg/dL) is 9.2. The blood urea (mg/dL) is 187.0. The glomerular filtration rate (mL/min/1.73m²) is 4.99.",CKD
"Based on the patient description, predict if they have CKD.","This patient is 47 years old, male. The age (years) is 47. The sex is male. The hemoglobin (g/dL) is 10.7. The hematocrit (%) is 29.0. The lymphocytes (%) are 17. The mean corpuscular hemoglobin (MCH, pg) is 30.0. The mean corpuscular hemoglobin concentration (MCHC, g/dL) is 35.0. The mean corpuscular volume (MCV, fL) is 85.0. The monocytes (%) are 6. The mean platelet volume (fL) is 7.7. The plateletcrit (%) is 0.23. The platelet distribution width (%) is 37.4. The platelet count (×10^9/L) is 303. The polymorphs (%) are 74. The red blood cell count (million/µL) is 3.5. The red cell distribution width (RDW-SD, fL) is 15.9. The white blood cell count (×10^9/L) is 7.4. The eosinophils (%) are 3. The serum creatinine (mg/dL) is 8.8. The blood urea (mg/dL) is 144.0. The glomerular filtration rate (mL/min/1.73m²) is 6.51.",CKD
"Based on the patient description, predict if they have CKD.","This patient is 33 years old, male. The age (years) is 33. The sex is male. The hemoglobin (g/dL) is 9.5. The hematocrit (%) is 27.4. The lymphocytes (%) are 15. The mean corpuscular hemoglobin (MCH, pg) is 26.8. The mean corpuscular hemoglobin concentration (MCHC, g/dL) is 34.6. The mean corpuscular volume (MCV, fL) is 77.0. The monocytes (%) are 4. The mean platelet volume (fL) is 8.0. The plateletcrit (%) is 0.1. The platelet distribution width (%) is 35.8. The platelet count (×10^9/L) is 238. The polymorphs (%) are 79. The red blood cell count (million/µL) is 3.5. The red cell distribution width (RDW-SD, fL) is 17.1. The white blood cell count (×10^9/L) is 5.5. The eosinophils (%) are 2. The serum creatinine (mg/dL) is 6.9. The blood urea (mg/dL) is 81.0. The glomerular filtration rate (mL/min/1.73m²) is 9.26.",CKD
"Based on the patient description, predict if they have CKD.","This patient is 74 years old, male. The age (years) is 74. The sex is male. The hemoglobin (g/dL) is 11.1. The hematocrit (%) is 30.0. The lymphocytes (%) are 26. The mean corpuscular hemoglobin (MCH, pg) is 30.0. The mean corpuscular hemoglobin concentration (MCHC, g/dL) is 36.0. The mean corpuscular volume (MCV, fL) is 84.0. The monocytes (%) are 6. The mean platelet volume (fL) is 8.6. The plateletcrit (%) is 0.17. The platelet distribution width (%) is 38.1. The platelet count (×10^9/L) is 198. The polymorphs (%) are 65. The red blood cell count (million/µL) is 3.6. The red cell distribution width (RDW-SD, fL) is 15.7. The white blood cell count (×10^9/L) is 8.4. The eosinophils (%) are 3. The serum creatinine (mg/dL) is 8.2. The blood urea (mg/dL) is 123.0. The glomerular filtration rate (mL/min/1.73m²) is 6.44.",CKD
"Based on the patient description, predict if they have CKD.","This patient is 49 years old, male. The age (years) is 49. The sex is male. The hemoglobin (g/dL) is 10.5. The hematocrit (%) is 28.6. The lymphocytes (%) are 24. The mean corpuscular hemoglobin (MCH, pg) is 31.7. The mean corpuscular hemoglobin concentration (MCHC, g/dL) is 36.5. The mean corpuscular volume (MCV, fL) is 87.0. The monocytes (%) are 5. The mean platelet volume (fL) is 9.1. The plateletcrit (%) is 0.1. The platelet distribution width (%) is 40.5. The platelet count (×10^9/L) is 181. The polymorphs (%) are 68. The red blood cell count (million/µL) is 3.3. The red cell distribution width (RDW-SD, fL) is 14.4. The white blood cell count (×10^9/L) is 6.2. The eosinophils (%) are 3. The serum creatinine (mg/dL) is 11.7. The blood urea (mg/dL) is 187.0. The glomerular filtration rate (mL/min/1.73m²) is 4.65.",CKD
"Based on the patient description, predict if they have CKD.","This patient is 45 years old, male. The age (years) is 45. The sex is male. The hemoglobin (g/dL) is 10.7. The hematocrit (%) is 34.4. The lymphocytes (%) are 16. The mean corpuscular hemoglobin (MCH, pg) is 27.0. The mean corpuscular hemoglobin concentration (MCHC, g/dL) is 31.0. The mean corpuscular volume (MCV, fL) is 88.0. The monocytes (%) are 5. The mean platelet volume (fL) is 9.9. The plateletcrit (%) is 0.15. The platelet distribution width (%) is 16.0. The platelet count (×10^9/L) is 154. The polymorphs (%) are 76. The red blood cell count (million/µL) is 3.8. The red cell distribution width (RDW-SD, fL) is 49.0. The white blood cell count (×10^9/L) is 6.6. The eosinophils (%) are 3. The serum creatinine (mg/dL) is 4.2. The blood urea (mg/dL) is 104.0. The glomerular filtration rate (mL/min/1.73m²) is 15.42.",CKD
"Based on the patient description, predict if they have CKD.","This patient is 55 years old, male. The age (years) is 55. The sex is male. The hemoglobin (g/dL) is 13.0. The hematocrit (%) is 44.0. The lymphocytes (%) are 23. The mean corpuscular hemoglobin (MCH, pg) is 33.0. The mean corpuscular hemoglobin concentration (MCHC, g/dL) is 35.0. The mean corpuscular volume (MCV, fL) is 102.0. The monocytes (%) are 10. The mean platelet volume (fL) is 9.0. The plateletcrit (%) is 0.16. The platelet distribution width (%) is 16.0. The platelet count (×10^9/L) is 179. The polymorphs (%) are 64. The red blood cell count (million/µL) is 4.2. The red cell distribution width (RDW-SD, fL) is 52.0. The white blood cell count (×10^9/L) is 6.9. The eosinophils (%) are 3. The serum creatinine (mg/dL) is 12.1. The blood urea (mg/dL) is 105.0. The glomerular filtration rate (mL/min/1.73m²) is 4.37.",CKD
"Based on the patient description, predict if they have CKD.","This patient is 25 years old, female. The age (years) is 25. The sex is female. The hemoglobin (g/dL) is 8.7. The hematocrit (%) is 25.0. The lymphocytes (%) are 9. The mean corpuscular hemoglobin (MCH, pg) is 33.0. The mean corpuscular hemoglobin concentration (MCHC, g/dL) is 34.0. The mean corpuscular volume (MCV, fL) is 97.0. The monocytes (%) are 9. The mean platelet volume (fL) is 8.9. The plateletcrit (%) is 0.04. The platelet distribution width (%) is 16.0. The platelet count (×10^9/L) is 97. The polymorphs (%) are 80. The red blood cell count (million/µL) is 2.6. The red cell distribution width (RDW-SD, fL) is 48.0. The white blood cell count (×10^9/L) is 5.8. The eosinophils (%) are 2. The serum creatinine (mg/dL) is 12.4. The blood urea (mg/dL) is 177.0. The glomerular filtration rate (mL/min/1.73m²) is 3.7.",CKD
"Based on the patient description, predict if they have CKD.","This patient is 26 years old, female. The age (years) is 26. The sex is female. The hemoglobin (g/dL) is 11.1. The hematocrit (%) is 33.8. The lymphocytes (%) are 30. The mean corpuscular hemoglobin (MCH, pg) is 32.5. The mean corpuscular hemoglobin concentration (MCHC, g/dL) is 32.9. The mean corpuscular volume (MCV, fL) is 98.9. The monocytes (%) are 5. The mean platelet volume (fL) is 10.5. The plateletcrit (%) is 0.1. The platelet distribution width (%) is 16.3. The platelet count (×10^9/L) is 159. The polymorphs (%) are 63. The red blood cell count (million/µL) is 3.4. The red cell distribution width (RDW-SD, fL) is 47.1. The white blood cell count (×10^9/L) is 6.1. The eosinophils (%) are 2. The serum creatinine (mg/dL) is 10.5. The blood urea (mg/dL) is 127.0. The glomerular filtration rate (mL/min/1.73m²) is 4.44.",CKD
"Based on the patient description, predict if they have CKD.","This patient is 45 years old, male. The age (years) is 45. The sex is male. The hemoglobin (g/dL) is 11.0. The hematocrit (%) is 33.5. The lymphocytes (%) are 19. The mean corpuscular hemoglobin (MCH, pg) is 30.2. The mean corpuscular hemoglobin concentration (MCHC, g/dL) is 33.0. The mean corpuscular volume (MCV, fL) is 91.5. The monocytes (%) are 5. The mean platelet volume (fL) is 9.7. The plateletcrit (%) is 0.09. The platelet distribution width (%) is 15.7. The platelet count (×10^9/L) is 110. The polymorphs (%) are 74. The red blood cell count (million/µL) is 3.6. The red cell distribution width (RDW-SD, fL) is 43.4. The white blood cell count (×10^9/L) is 4.8. The eosinophils (%) are 2. The serum creatinine (mg/dL) is 8.6. The blood urea (mg/dL) is 166.0. The glomerular filtration rate (mL/min/1.73m²) is 6.75.",CKD
"Based on the patient description, predict if they have CKD.","This patient is 43 years old, male. The age (years) is 43. The sex is male. The hemoglobin (g/dL) is 8.5. The hematocrit (%) is 25.2. The lymphocytes (%) are 13. The mean corpuscular hemoglobin (MCH, pg) is 26.0. The mean corpuscular hemoglobin concentration (MCHC, g/dL) is 33.0. The mean corpuscular volume (MCV, fL) is 84.0. The monocytes (%) are 8. The mean platelet volume (fL) is 8.1. The plateletcrit (%) is 0.17. The platelet distribution width (%) is 15.0. The platelet count (×10^9/L) is 210. The polymorphs (%) are 75. The red blood cell count (million/µL) is 2.9. The red cell distribution width (RDW-SD, fL) is 47.0. The white blood cell count (×10^9/L) is 6.5. The eosinophils (%) are 4. The serum creatinine (mg/dL) is 8.4. The blood urea (mg/dL) is 127.0. The glomerular filtration rate (mL/min/1.73m²) is 7.0.",CKD
"Based on the patient description, predict if they have CKD.","This patient is 41 years old, male. The age (years) is 41. The sex is male. The hemoglobin (g/dL) is 10.0. The hematocrit (%) is 30.4. The lymphocytes (%) are 16. The mean corpuscular hemoglobin (MCH, pg) is 29.0. The mean corpuscular hemoglobin concentration (MCHC, g/dL) is 33.0. The mean corpuscular volume (MCV, fL) is 87.0. The monocytes (%) are 6. The mean platelet volume (fL) is 8.5. The plateletcrit (%) is 0.23. The platelet distribution width (%) is 15.0. The platelet count (×10^9/L) is 277. The polymorphs (%) are 77. The red blood cell count (million/µL) is 3.4. The red cell distribution width (RDW-SD, fL) is 13.0. The white blood cell count (×10^9/L) is 10.6. The eosinophils (%) are 1. The serum creatinine (mg/dL) is 6.9. The blood urea (mg/dL) is 144.0. The glomerular filtration rate (mL/min/1.73m²) is 8.86.",CKD
"Based on the patient description, predict if they have CKD.","This patient is 31 years old, female. The age (years) is 31. The sex is female. The hemoglobin (g/dL) is 10.7. The hematocrit (%) is 31.17. The lymphocytes (%) are 17. The mean corpuscular hemoglobin (MCH, pg) is 31.0. The mean corpuscular hemoglobin concentration (MCHC, g/dL) is 34.0. The mean corpuscular volume (MCV, fL) is 92.0. The monocytes (%) are 6. The mean platelet volume (fL) is 9.8. The plateletcrit (%) is 0.07. The platelet distribution width (%) is 40.0. The platelet count (×10^9/L) is 72. The polymorphs (%) are 75. The red blood cell count (million/µL) is 3.3. The red cell distribution width (RDW-SD, fL) is 13.0. The white blood cell count (×10^9/L) is 6.0. The eosinophils (%) are 2. The serum creatinine (mg/dL) is 7.2. The blood urea (mg/dL) is 126.0. The glomerular filtration rate (mL/min/1.73m²) is 6.63.",CKD
"Based on the patient description, predict if they have CKD.","This patient is 53 years old, female. The age (years) is 53. The sex is female. The hemoglobin (g/dL) is 11.4. The hematocrit (%) is 35.5. The lymphocytes (%) are 28. The mean corpuscular hemoglobin (MCH, pg) is 31.0. The mean corpuscular hemoglobin concentration (MCHC, g/dL) is 32.0. The mean corpuscular volume (MCV, fL) is 98.0. The monocytes (%) are 5. The mean platelet volume (fL) is 9.7. The plateletcrit (%) is 0.2. The platelet distribution width (%) is 15.0. The platelet count (×10^9/L) is 216. The polymorphs (%) are 64. The red blood cell count (million/µL) is 3.6. The red cell distribution width (RDW-SD, fL) is 14.0. The white blood cell count (×10^9/L) is 9.1. The eosinophils (%) are 3. The serum creatinine (mg/dL) is 9.6. The blood urea (mg/dL) is 154.0. The glomerular filtration rate (mL/min/1.73m²) is 4.26.",CKD
"Based on the patient description, predict if they have CKD.","This patient is 68 years old, female. The age (years) is 68. The sex is female. The hemoglobin (g/dL) is 8.6. The hematocrit (%) is 26.2. The lymphocytes (%) are 9. The mean corpuscular hemoglobin (MCH, pg) is 29.0. The mean corpuscular hemoglobin concentration (MCHC, g/dL) is 32.0. The mean corpuscular volume (MCV, fL) is 88.0. The monocytes (%) are 9. The mean platelet volume (fL) is 10.5. The plateletcrit (%) is 0.23. The platelet distribution width (%) is 15.0. The platelet count (×10^9/L) is 223. The polymorphs (%) are 80. The red blood cell count (million/µL) is 2.9. The red cell distribution width (RDW-SD, fL) is 45.0. The white blood cell count (×10^9/L) is 8.5. The eosinophils (%) are 2. The serum creatinine (mg/dL) is 4.5. The blood urea (mg/dL) is 78.0. The glomerular filtration rate (mL/min/1.73m²) is 9.72.",CKD
"Based on the patient description, predict if they have CKD.","This patient is 70 years old, male. The age (years) is 70. The sex is male. The hemoglobin (g/dL) is 11.9. The hematocrit (%) is 48.81. The lymphocytes (%) are 27. The mean corpuscular hemoglobin (MCH, pg) is 23.0. The mean corpuscular hemoglobin concentration (MCHC, g/dL) is 29.0. The mean corpuscular volume (MCV, fL) is 97.0. The monocytes (%) are 4. The mean platelet volume (fL) is 10.9. The plateletcrit (%) is 0.21. The platelet distribution width (%) is 42.0. The platelet count (×10^9/L) is 192. The polymorphs (%) are 67. The red blood cell count (million/µL) is 5.0. The red cell distribution width (RDW-SD, fL) is 23.0. The white blood cell count (×10^9/L) is 8.7. The eosinophils (%) are 2. The serum creatinine (mg/dL) is 6.7. The blood urea (mg/dL) is 117.0. The glomerular filtration rate (mL/min/1.73m²) is 8.23.",CKD
"Based on the patient description, predict if they have CKD.","This patient is 27 years old, female. The age (years) is 27. The sex is female. The hemoglobin (g/dL) is 11.0. The hematocrit (%) is 35.0. The lymphocytes (%) are 30. The mean corpuscular hemoglobin (MCH, pg) is 29.0. The mean corpuscular hemoglobin concentration (MCHC, g/dL) is 32.0. The mean corpuscular volume (MCV, fL) is 86.0. The monocytes (%) are 5. The mean platelet volume (fL) is 8.1. The plateletcrit (%) is 0.18. The platelet distribution width (%) is 14.0. The platelet count (×10^9/L) is 107. The polymorphs (%) are 62. The red blood cell count (million/µL) is 3.9. The red cell distribution width (RDW-SD, fL) is 42.0. The white blood cell count (×10^9/L) is 5.9. The eosinophils (%) are 3. The serum creatinine (mg/dL) is 9.5. The blood urea (mg/dL) is 117.0. The glomerular filtration rate (mL/min/1.73m²) is 4.95.",CKD
"Based on the patient description, predict if they have CKD.","This patient is 76 years old, male. The age (years) is 76. The sex is male. The hemoglobin (g/dL) is 12.0. The hematocrit (%) is 34.7. The lymphocytes (%) are 27. The mean corpuscular hemoglobin (MCH, pg) is 28.0. The mean corpuscular hemoglobin concentration (MCHC, g/dL) is 34.0. The mean corpuscular volume (MCV, fL) is 82.0. The monocytes (%) are 10. The mean platelet volume (fL) is 9.1. The plateletcrit (%) is 0.2. The platelet distribution width (%) is 15.0. The platelet count (×10^9/L) is 226. The polymorphs (%) are 59. The red blood cell count (million/µL) is 4.2. The red cell distribution width (RDW-SD, fL) is 15.0. The white blood cell count (×10^9/L) is 7.7. The eosinophils (%) are 6. The serum creatinine (mg/dL) is 10.1. The blood urea (mg/dL) is 181.0. The glomerular filtration rate (mL/min/1.73m²) is 5.04.",CKD
"Based on the patient description, predict if they have CKD.","This patient is 42 years old, male. The age (years) is 42. The sex is male. The hemoglobin (g/dL) is 11.0. The hematocrit (%) is 34.7. The lymphocytes (%) are 34. The mean corpuscular hemoglobin (MCH, pg) is 30.0. The mean corpuscular hemoglobin concentration (MCHC, g/dL) is 34.0. The mean corpuscular volume (MCV, fL) is 88.0. The monocytes (%) are 5. The mean platelet volume (fL) is 9.2. The plateletcrit (%) is 0.23. The platelet distribution width (%) is 15.0. The platelet count (×10^9/L) is 255. The polymorphs (%) are 58. The red blood cell count (million/µL) is 3.9. The red cell distribution width (RDW-SD, fL) is 45.0. The white blood cell count (×10^9/L) is 6.8. The eosinophils (%) are 3. The serum creatinine (mg/dL) is 8.6. The blood urea (mg/dL) is 69.0. The glomerular filtration rate (mL/min/1.73m²) is 6.84.",CKD
"Based on the patient description, predict if they have CKD.","This patient is 44 years old, female. The age (years) is 44. The sex is female. The hemoglobin (g/dL) is 10.4. The hematocrit (%) is 38.4. The lymphocytes (%) are 23. The mean corpuscular hemoglobin (MCH, pg) is 29.0. The mean corpuscular hemoglobin concentration (MCHC, g/dL) is 38.0. The mean corpuscular volume (MCV, fL) is 90.0. The monocytes (%) are 10. The mean platelet volume (fL) is 6.9. The plateletcrit (%) is 0.16. The platelet distribution width (%) is 39.0. The platelet count (×10^9/L) is 152. The polymorphs (%) are 60. The red blood cell count (million/µL) is 3.8. The red cell distribution width (RDW-SD, fL) is 13.8. The white blood cell count (×10^9/L) is 6.2. The eosinophils (%) are 7. The serum creatinine (mg/dL) is 11.4. The blood urea (mg/dL) is 144.0. The glomerular filtration rate (mL/min/1.73m²) is 3.63.",CKD
"Based on the patient description, predict if they have CKD.","This patient is 31 years old, female. The age (years) is 31. The sex is female. The hemoglobin (g/dL) is 8.6. The hematocrit (%) is 26.6. The lymphocytes (%) are 22. The mean corpuscular hemoglobin (MCH, pg) is 30.0. The mean corpuscular hemoglobin concentration (MCHC, g/dL) is 32.2. The mean corpuscular volume (MCV, fL) is 93.4. The monocytes (%) are 4. The mean platelet volume (fL) is 10.2. The plateletcrit (%) is 0.1. The platelet distribution width (%) is 15.6. The platelet count (×10^9/L) is 152. The polymorphs (%) are 72. The red blood cell count (million/µL) is 2.8. The red cell distribution width (RDW-SD, fL) is 45.8. The white blood cell count (×10^9/L) is 4.1. The eosinophils (%) are 2. The serum creatinine (mg/dL) is 12.3. The blood urea (mg/dL) is 195.0. The glomerular filtration rate (mL/min/1.73m²) is 3.57.",CKD
"Based on the patient description, predict if they have CKD.","This patient is 56 years old, male. The age (years) is 56. The sex is male. The hemoglobin (g/dL) is 11.1. The hematocrit (%) is 34.2. The lymphocytes (%) are 43. The mean corpuscular hemoglobin (MCH, pg) is 29.1. The mean corpuscular hemoglobin concentration (MCHC, g/dL) is 32.5. The mean corpuscular volume (MCV, fL) is 89.7. The monocytes (%) are 5. The mean platelet volume (fL) is 10.2. The plateletcrit (%) is 0.1. The platelet distribution width (%) is 15.8. The platelet count (×10^9/L) is 175. The polymorphs (%) are 49. The red blood cell count (million/µL) is 3.8. The red cell distribution width (RDW-SD, fL) is 47.2. The white blood cell count (×10^9/L) is 5.6. The eosinophils (%) are 3. The serum creatinine (mg/dL) is 9.3. The blood urea (mg/dL) is 139.0. The glomerular filtration rate (mL/min/1.73m²) is 5.9.",CKD
"Based on the patient description, predict if they have CKD.","This patient is 42 years old, female. The age (years) is 42. The sex is female. The hemoglobin (g/dL) is 10.4. The hematocrit (%) is 36.0. The lymphocytes (%) are 22. The mean corpuscular hemoglobin (MCH, pg) is 34.0. The mean corpuscular hemoglobin concentration (MCHC, g/dL) is 28.0. The mean corpuscular volume (MCV, fL) is 122.0. The monocytes (%) are 10. The mean platelet volume (fL) is 11.5. The plateletcrit (%) is 0.24. The platelet distribution width (%) is 44.3. The platelet count (×10^9/L) is 211. The polymorphs (%) are 63. The red blood cell count (million/µL) is 3.0. The red cell distribution width (RDW-SD, fL) is 20.5. The white blood cell count (×10^9/L) is 7.3. The eosinophils (%) are 5. The serum creatinine (mg/dL) is 5.9. The blood urea (mg/dL) is 107.0. The glomerular filtration rate (mL/min/1.73m²) is 7.84.",CKD
"Based on the patient description, predict if they have CKD.","This patient is 67 years old, male. The age (years) is 67. The sex is male. The hemoglobin (g/dL) is 13.8. The hematocrit (%) is 40.6. The lymphocytes (%) are 15. The mean corpuscular hemoglobin (MCH, pg) is 35.5. The mean corpuscular hemoglobin concentration (MCHC, g/dL) is 33.9. The mean corpuscular volume (MCV, fL) is 105.0. The monocytes (%) are 3. The mean platelet volume (fL) is 9.0. The plateletcrit (%) is 0.1. The platelet distribution width (%) is 39.8. The platelet count (×10^9/L) is 195. The polymorphs (%) are 80. The red blood cell count (million/µL) is 3.8. The red cell distribution width (RDW-SD, fL) is 12.8. The white blood cell count (×10^9/L) is 5.5. The eosinophils (%) are 2. The serum creatinine (mg/dL) is 12.7. The blood urea (mg/dL) is 201.0. The glomerular filtration rate (mL/min/1.73m²) is 3.97.",CKD
"Based on the patient description, predict if they have CKD.","This patient is 74 years old, male. The age (years) is 74. The sex is male. The hemoglobin (g/dL) is 10.4. The hematocrit (%) is 29.9. The lymphocytes (%) are 25. The mean corpuscular hemoglobin (MCH, pg) is 31.1. The mean corpuscular hemoglobin concentration (MCHC, g/dL) is 34.7. The mean corpuscular volume (MCV, fL) is 90.0. The monocytes (%) are 4. The mean platelet volume (fL) is 10.5. The plateletcrit (%) is 0.1. The platelet distribution width (%) is 40.8. The platelet count (×10^9/L) is 159. The polymorphs (%) are 69. The red blood cell count (million/µL) is 3.3. The red cell distribution width (RDW-SD, fL) is 13.3. The white blood cell count (×10^9/L) is 5.6. The eosinophils (%) are 2. The serum creatinine (mg/dL) is 8.4. The blood urea (mg/dL) is 114.0. The glomerular filtration rate (mL/min/1.73m²) is 6.27.",CKD
"Based on the patient description, predict if they have CKD.","This patient is 48 years old, male. The age (years) is 48. The sex is male. The hemoglobin (g/dL) is 9.7. The hematocrit (%) is 28.3. The lymphocytes (%) are 31. The mean corpuscular hemoglobin (MCH, pg) is 31.0. The mean corpuscular hemoglobin concentration (MCHC, g/dL) is 34.0. The mean corpuscular volume (MCV, fL) is 90.0. The monocytes (%) are 8. The mean platelet volume (fL) is 9.8. The plateletcrit (%) is 0.08. The platelet distribution width (%) is 16.0. The platelet count (×10^9/L) is 109. The polymorphs (%) are 58. The red blood cell count (million/µL) is 3.1. The red cell distribution width (RDW-SD, fL) is 51.0. The white blood cell count (×10^9/L) is 5.4. The eosinophils (%) are 3. The serum creatinine (mg/dL) is 13.1. The blood urea (mg/dL) is 189.0. The glomerular filtration rate (mL/min/1.73m²) is 4.1.",CKD
"Based on the patient description, predict if they have CKD.","This patient is 31 years old, male. The age (years) is 31. The sex is male. The hemoglobin (g/dL) is 11.2. The hematocrit (%) is 32.5. The lymphocytes (%) are 29. The mean corpuscular hemoglobin (MCH, pg) is 33.0. The mean corpuscular hemoglobin concentration (MCHC, g/dL) is 34.0. The mean corpuscular volume (MCV, fL) is 96.0. The monocytes (%) are 5. The mean platelet volume (fL) is 12.2. The plateletcrit (%) is 0.15. The platelet distribution width (%) is 16.0. The platelet count (×10^9/L) is 126. The polymorphs (%) are 62. The red blood cell count (million/µL) is 3.3. The red cell distribution width (RDW-SD, fL) is 45.0. The white blood cell count (×10^9/L) is 5.3. The eosinophils (%) are 4. The serum creatinine (mg/dL) is 9.3. The blood urea (mg/dL) is 133.0. The glomerular filtration rate (mL/min/1.73m²) is 6.65.",CKD
"Based on the patient description, predict if they have CKD.","This patient is 62 years old, male. The age (years) is 62. The sex is male. The hemoglobin (g/dL) is 11.3. The hematocrit (%) is 40.02. The lymphocytes (%) are 47. The mean corpuscular hemoglobin (MCH, pg) is 22.0. The mean corpuscular hemoglobin concentration (MCHC, g/dL) is 30.0. The mean corpuscular volume (MCV, fL) is 81.0. The monocytes (%) are 3. The mean platelet volume (fL) is 10.2. The plateletcrit (%) is 0.3. The platelet distribution width (%) is 44.0. The platelet count (×10^9/L) is 289. The polymorphs (%) are 42. The red blood cell count (million/µL) is 4.9. The red cell distribution width (RDW-SD, fL) is 20.0. The white blood cell count (×10^9/L) is 9.5. The eosinophils (%) are 0. The serum creatinine (mg/dL) is 7.2. The blood urea (mg/dL) is 119.0. The glomerular filtration rate (mL/min/1.73m²) is 7.76.",CKD
"Based on the patient description, predict if they have CKD.","This patient is 65 years old, female. The age (years) is 65. The sex is female. The hemoglobin (g/dL) is 8.7. The hematocrit (%) is 32.0. The lymphocytes (%) are 71. The mean corpuscular hemoglobin (MCH, pg) is 30.0. The mean corpuscular hemoglobin concentration (MCHC, g/dL) is 27.0. The mean corpuscular volume (MCV, fL) is 122.0. The monocytes (%) are 8. The mean platelet volume (fL) is 11.9. The plateletcrit (%) is 0.2. The platelet distribution width (%) is 43.7. The platelet count (×10^9/L) is 168. The polymorphs (%) are 17. The red blood cell count (million/µL) is 2.6. The red cell distribution width (RDW-SD, fL) is 24.3. The white blood cell count (×10^9/L) is 12.2. The eosinophils (%) are 4. The serum creatinine (mg/dL) is 8.2. The blood urea (mg/dL) is 145.0. The glomerular filtration rate (mL/min/1.73m²) is 4.91.",CKD
"Based on the patient description, predict if they have CKD.","This patient is 50 years old, male. The age (years) is 50. The sex is male. The hemoglobin (g/dL) is 11.6. The hematocrit (%) is 36.5. The lymphocytes (%) are 19. The mean corpuscular hemoglobin (MCH, pg) is 27.4. The mean corpuscular hemoglobin concentration (MCHC, g/dL) is 32.2. The mean corpuscular volume (MCV, fL) is 85.1. The monocytes (%) are 4. The mean platelet volume (fL) is 11.0. The plateletcrit (%) is 0.1. The platelet distribution width (%) is 15.4. The platelet count (×10^9/L) is 147. The polymorphs (%) are 75. The red blood cell count (million/µL) is 4.2. The red cell distribution width (RDW-SD, fL) is 55.1. The white blood cell count (×10^9/L) is 5.8. The eosinophils (%) are 2. The serum creatinine (mg/dL) is 8.4. The blood urea (mg/dL) is 163.0. The glomerular filtration rate (mL/min/1.73m²) is 6.78.",CKD
"Based on the patient description, predict if they have CKD.","This patient is 39 years old, female. The age (years) is 39. The sex is female. The hemoglobin (g/dL) is 11.3. The hematocrit (%) is 33.3. The lymphocytes (%) are 19. The mean corpuscular hemoglobin (MCH, pg) is 26.9. The mean corpuscular hemoglobin concentration (MCHC, g/dL) is 34.0. The mean corpuscular volume (MCV, fL) is 79.0. The monocytes (%) are 4. The mean platelet volume (fL) is 11.1. The plateletcrit (%) is 0.4. The platelet distribution width (%) is 40.3. The platelet count (×10^9/L) is 256. The polymorphs (%) are 75. The red blood cell count (million/µL) is 4.2. The red cell distribution width (RDW-SD, fL) is 17.1. The white blood cell count (×10^9/L) is 11.0. The eosinophils (%) are 2. The serum creatinine (mg/dL) is 4.8. The blood urea (mg/dL) is 103.0. The glomerular filtration rate (mL/min/1.73m²) is 10.1.",CKD
"Based on the patient description, predict if they have CKD.","This patient is 62 years old, male. The age (years) is 62. The sex is male. The hemoglobin (g/dL) is 11.3. The hematocrit (%) is 29.4. The lymphocytes (%) are 28. The mean corpuscular hemoglobin (MCH, pg) is 27.0. The mean corpuscular hemoglobin concentration (MCHC, g/dL) is 32.0. The mean corpuscular volume (MCV, fL) is 86.0. The monocytes (%) are 6. The mean platelet volume (fL) is 6.2. The plateletcrit (%) is 0.18. The platelet distribution width (%) is 18.0. The platelet count (×10^9/L) is 239. The polymorphs (%) are 62. The red blood cell count (million/µL) is 4.0. The red cell distribution width (RDW-SD, fL) is 51.0. The white blood cell count (×10^9/L) is 6.0. The eosinophils (%) are 4. The serum creatinine (mg/dL) is 14.2. The blood urea (mg/dL) is 159.0. The glomerular filtration rate (mL/min/1.73m²) is 3.54.",CKD
"Based on the patient description, predict if they have CKD.","This patient is 35 years old, male. The age (years) is 35. The sex is male. The hemoglobin (g/dL) is 10.5. The hematocrit (%) is 30.4. The lymphocytes (%) are 33. The mean corpuscular hemoglobin (MCH, pg) is 33.6. The mean corpuscular hemoglobin concentration (MCHC, g/dL) is 34.6. The mean corpuscular volume (MCV, fL) is 97.0. The monocytes (%) are 7. The mean platelet volume (fL) is 11.8. The plateletcrit (%) is 0.1. The platelet distribution width (%) is 41.4. The platelet count (×10^9/L) is 180. The polymorphs (%) are 58. The red blood cell count (million/µL) is 3.1. The red cell distribution width (RDW-SD, fL) is 13.0. The white blood cell count (×10^9/L) is 5.3. The eosinophils (%) are 2. The serum creatinine (mg/dL) is 13.0. The blood urea (mg/dL) is 136.0. The glomerular filtration rate (mL/min/1.73m²) is 4.41.",CKD
"Based on the patient description, predict if they have CKD.","This patient is 53 years old, female. The age (years) is 53. The sex is female. The hemoglobin (g/dL) is 7.5. The hematocrit (%) is 23.0. The lymphocytes (%) are 30. The mean corpuscular hemoglobin (MCH, pg) is 20.0. The mean corpuscular hemoglobin concentration (MCHC, g/dL) is 31.0. The mean corpuscular volume (MCV, fL) is 64.0. The monocytes (%) are 6. The mean platelet volume (fL) is 9.4. The plateletcrit (%) is 0.22. The platelet distribution width (%) is 15.5. The platelet count (×10^9/L) is 237. The polymorphs (%) are 61. The red blood cell count (million/µL) is 3.6. The red cell distribution width (RDW-SD, fL) is 38.8. The white blood cell count (×10^9/L) is 7.3. The eosinophils (%) are 3. The serum creatinine (mg/dL) is 6.9. The blood urea (mg/dL) is 102.0. The glomerular filtration rate (mL/min/1.73m²) is 6.24.",CKD
"Based on the patient description, predict if they have CKD.","This patient is 54 years old, male. The age (years) is 54. The sex is male. The hemoglobin (g/dL) is 11.5. The hematocrit (%) is 34.0. The lymphocytes (%) are 36. The mean corpuscular hemoglobin (MCH, pg) is 33.0. The mean corpuscular hemoglobin concentration (MCHC, g/dL) is 33.0. The mean corpuscular volume (MCV, fL) is 101.0. The monocytes (%) are 6. The mean platelet volume (fL) is 8.8. The plateletcrit (%) is 0.21. The platelet distribution width (%) is 15.9. The platelet count (×10^9/L) is 245. The polymorphs (%) are 55. The red blood cell count (million/µL) is 3.4. The red cell distribution width (RDW-SD, fL) is 54.0. The white blood cell count (×10^9/L) is 6.5. The eosinophils (%) are 3. The serum creatinine (mg/dL) is 9.8. The blood urea (mg/dL) is 128.0. The glomerular filtration rate (mL/min/1.73m²) is 5.59.",CKD
"Based on the patient description, predict if they have CKD.","This patient is 43 years old, male. The age (years) is 43. The sex is male. The hemoglobin (g/dL) is 10.0. The hematocrit (%) is 28.2. The lymphocytes (%) are 27. The mean corpuscular hemoglobin (MCH, pg) is 34.0. The mean corpuscular hemoglobin concentration (MCHC, g/dL) is 35.0. The mean corpuscular volume (MCV, fL) is 96.0. The monocytes (%) are 8. The mean platelet volume (fL) is 11.0. The plateletcrit (%) is 0.14. The platelet distribution width (%) is 16.0. The platelet count (×10^9/L) is 132. The polymorphs (%) are 62. The red blood cell count (million/µL) is 2.9. The red cell distribution width (RDW-SD, fL) is 45.0. The white blood cell count (×10^9/L) is 5.9. The eosinophils (%) are 3. The serum creatinine (mg/dL) is 13.0. The blood urea (mg/dL) is 219.0. The glomerular filtration rate (mL/min/1.73m²) is 4.23.",CKD
"Based on the patient description, predict if they have CKD.","This patient is 34 years old, male. The age (years) is 34. The sex is male. The hemoglobin (g/dL) is 12.2. The hematocrit (%) is 47.7. The lymphocytes (%) are 29. The mean corpuscular hemoglobin (MCH, pg) is 30.5. The mean corpuscular hemoglobin concentration (MCHC, g/dL) is 31.9. The mean corpuscular volume (MCV, fL) is 95.8. The monocytes (%) are 4. The mean platelet volume (fL) is 8.9. The plateletcrit (%) is 0.1. The platelet distribution width (%) is 15.8. The platelet count (×10^9/L) is 213. The polymorphs (%) are 64. The red blood cell count (million/µL) is 4.9. The red cell distribution width (RDW-SD, fL) is 57.7. The white blood cell count (×10^9/L) is 4.9. The eosinophils (%) are 3. The serum creatinine (mg/dL) is 4.7. The blood urea (mg/dL) is 106.0. The glomerular filtration rate (mL/min/1.73m²) is 14.34.",CKD
"Based on the patient description, predict if they have CKD.","This patient is 32 years old, male. The age (years) is 32. The sex is male. The hemoglobin (g/dL) is 10.9. The hematocrit (%) is 28.4. The lymphocytes (%) are 33. The mean corpuscular hemoglobin (MCH, pg) is 39.2. The mean corpuscular hemoglobin concentration (MCHC, g/dL) is 38.4. The mean corpuscular volume (MCV, fL) is 102.0. The monocytes (%) are 5. The mean platelet volume (fL) is 8.5. The plateletcrit (%) is 0.2. The platelet distribution width (%) is 35.9. The platelet count (×10^9/L) is 256. The polymorphs (%) are 59. The red blood cell count (million/µL) is 2.7. The red cell distribution width (RDW-SD, fL) is 13.0. The white blood cell count (×10^9/L) is 4.3. The eosinophils (%) are 2. The serum creatinine (mg/dL) is 13.1. The blood urea (mg/dL) is 143.0. The glomerular filtration rate (mL/min/1.73m²) is 4.45.",CKD
"Based on the patient description, predict if they have CKD.","This patient is 42 years old, male. The age (years) is 42. The sex is male. The hemoglobin (g/dL) is 7.3. The hematocrit (%) is 20.6. The lymphocytes (%) are 25. The mean corpuscular hemoglobin (MCH, pg) is 34.3. The mean corpuscular hemoglobin concentration (MCHC, g/dL) is 35.1. The mean corpuscular volume (MCV, fL) is 98.0. The monocytes (%) are 5. The mean platelet volume (fL) is 12.0. The plateletcrit (%) is 0.2. The platelet distribution width (%) is 41.6. The platelet count (×10^9/L) is 208. The polymorphs (%) are 68. The red blood cell count (million/µL) is 2.1. The red cell distribution width (RDW-SD, fL) is 13.6. The white blood cell count (×10^9/L) is 5.8. The eosinophils (%) are 2. The serum creatinine (mg/dL) is 8.4. The blood urea (mg/dL) is 190.0. The glomerular filtration rate (mL/min/1.73m²) is 7.03.",CKD
"Based on the patient description, predict if they have CKD.","This patient is 45 years old, male. The age (years) is 45. The sex is male. The hemoglobin (g/dL) is 8.9. The hematocrit (%) is 26.9. The lymphocytes (%) are 28. The mean corpuscular hemoglobin (MCH, pg) is 28.5. The mean corpuscular hemoglobin concentration (MCHC, g/dL) is 33.1. The mean corpuscular volume (MCV, fL) is 86.1. The monocytes (%) are 3. The mean platelet volume (fL) is 10.2. The plateletcrit (%) is 0.1. The platelet distribution width (%) is 15.8. The platelet count (×10^9/L) is 145. The polymorphs (%) are 67. The red blood cell count (million/µL) is 3.1. The red cell distribution width (RDW-SD, fL) is 43.0. The white blood cell count (×10^9/L) is 5.1. The eosinophils (%) are 2. The serum creatinine (mg/dL) is 10.7. The blood urea (mg/dL) is 115.0. The glomerular filtration rate (mL/min/1.73m²) is 5.24.",CKD
"Based on the patient description, predict if they have CKD.","This patient is 80 years old, female. The age (years) is 80. The sex is female. The hemoglobin (g/dL) is 10.4. The hematocrit (%) is 30.7. The lymphocytes (%) are 21. The mean corpuscular hemoglobin (MCH, pg) is 31.7. The mean corpuscular hemoglobin concentration (MCHC, g/dL) is 33.9. The mean corpuscular volume (MCV, fL) is 93.5. The monocytes (%) are 4. The mean platelet volume (fL) is 8.9. The plateletcrit (%) is 0.1. The platelet distribution width (%) is 15.2. The platelet count (×10^9/L) is 214. The polymorphs (%) are 72. The red blood cell count (million/µL) is 3.2. The red cell distribution width (RDW-SD, fL) is 41.7. The white blood cell count (×10^9/L) is 11.8. The eosinophils (%) are 3. The serum creatinine (mg/dL) is 6.0. The blood urea (mg/dL) is 105.0. The glomerular filtration rate (mL/min/1.73m²) is 6.75.",CKD
"Based on the patient description, predict if they have CKD.","This patient is 68 years old, female. The age (years) is 68. The sex is female. The hemoglobin (g/dL) is 10.4. The hematocrit (%) is 35.0. The lymphocytes (%) are 22. The mean corpuscular hemoglobin (MCH, pg) is 25.0. The mean corpuscular hemoglobin concentration (MCHC, g/dL) is 33.0. The mean corpuscular volume (MCV, fL) is 84.0. The monocytes (%) are 4. The mean platelet volume (fL) is 10.0. The plateletcrit (%) is 0.15. The platelet distribution width (%) is 14.8. The platelet count (×10^9/L) is 168. The polymorphs (%) are 72. The red blood cell count (million/µL) is 4.1. The red cell distribution width (RDW-SD, fL) is 50.0. The white blood cell count (×10^9/L) is 9.1. The eosinophils (%) are 2. The serum creatinine (mg/dL) is 9.0. The blood urea (mg/dL) is 160.0. The glomerular filtration rate (mL/min/1.73m²) is 4.37.",CKD
"Based on the patient description, predict if they have CKD.","This patient is 47 years old, male. The age (years) is 47. The sex is male. The hemoglobin (g/dL) is 12.2. The hematocrit (%) is 34.2. The lymphocytes (%) are 19. The mean corpuscular hemoglobin (MCH, pg) is 31.9. The mean corpuscular hemoglobin concentration (MCHC, g/dL) is 35.6. The mean corpuscular volume (MCV, fL) is 90.0. The monocytes (%) are 5. The mean platelet volume (fL) is 12.3. The plateletcrit (%) is 0.1. The platelet distribution width (%) is 44.7. The platelet count (×10^9/L) is 95. The polymorphs (%) are 73. The red blood cell count (million/µL) is 3.8. The red cell distribution width (RDW-SD, fL) is 13.5. The white blood cell count (×10^9/L) is 4.6. The eosinophils (%) are 3. The serum creatinine (mg/dL) is 13.5. The blood urea (mg/dL) is 180.0. The glomerular filtration rate (mL/min/1.73m²) is 3.97.",CKD
"Based on the patient description, predict if they have CKD.","This patient is 50 years old, male. The age (years) is 50. The sex is male. The hemoglobin (g/dL) is 11.0. The hematocrit (%) is 30.5. The lymphocytes (%) are 22. The mean corpuscular hemoglobin (MCH, pg) is 33.1. The mean corpuscular hemoglobin concentration (MCHC, g/dL) is 36.1. The mean corpuscular volume (MCV, fL) is 92.0. The monocytes (%) are 6. The mean platelet volume (fL) is 10.1. The plateletcrit (%) is 0.2. The platelet distribution width (%) is 41.7. The platelet count (×10^9/L) is 202. The polymorphs (%) are 69. The red blood cell count (million/µL) is 3.3. The red cell distribution width (RDW-SD, fL) is 12.1. The white blood cell count (×10^9/L) is 6.5. The eosinophils (%) are 3. The serum creatinine (mg/dL) is 15.7. The blood urea (mg/dL) is 280.0. The glomerular filtration rate (mL/min/1.73m²) is 3.3.",CKD
"Based on the patient description, predict if they have CKD.","This patient is 57 years old, male. The age (years) is 57. The sex is male. The hemoglobin (g/dL) is 11.3. The hematocrit (%) is 33.0. The lymphocytes (%) are 34. The mean corpuscular hemoglobin (MCH, pg) is 29.0. The mean corpuscular hemoglobin concentration (MCHC, g/dL) is 33.0. The mean corpuscular volume (MCV, fL) is 88.0. The monocytes (%) are 5. The mean platelet volume (fL) is 9.1. The plateletcrit (%) is 0.17. The platelet distribution width (%) is 15.9. The platelet count (×10^9/L) is 187. The polymorphs (%) are 58. The red blood cell count (million/µL) is 3.7. The red cell distribution width (RDW-SD, fL) is 44.5. The white blood cell count (×10^9/L) is 6.7. The eosinophils (%) are 3. The serum creatinine (mg/dL) is 11.4. The blood urea (mg/dL) is 159.0. The glomerular filtration rate (mL/min/1.73m²) is 4.64.",CKD
"Based on the patient description, predict if they have CKD.","This patient is 49 years old, male. The age (years) is 49. The sex is male. The hemoglobin (g/dL) is 10.1. The hematocrit (%) is 33.7. The lymphocytes (%) are 25. The mean corpuscular hemoglobin (MCH, pg) is 22.0. The mean corpuscular hemoglobin concentration (MCHC, g/dL) is 30.0. The mean corpuscular volume (MCV, fL) is 73.0. The monocytes (%) are 5. The mean platelet volume (fL) is 10.5. The plateletcrit (%) is 0.3. The platelet distribution width (%) is 42.6. The platelet count (×10^9/L) is 316. The polymorphs (%) are 68. The red blood cell count (million/µL) is 4.6. The red cell distribution width (RDW-SD, fL) is 17.6. The white blood cell count (×10^9/L) is 6.1. The eosinophils (%) are 2. The serum creatinine (mg/dL) is 10.7. The blood urea (mg/dL) is 151.0. The glomerular filtration rate (mL/min/1.73m²) is 5.15.",CKD
"Based on the patient description, predict if they have CKD.","This patient is 45 years old, male. The age (years) is 45. The sex is male. The hemoglobin (g/dL) is 9.4. The hematocrit (%) is 26.0. The lymphocytes (%) are 21. The mean corpuscular hemoglobin (MCH, pg) is 30.7. The mean corpuscular hemoglobin concentration (MCHC, g/dL) is 35.9. The mean corpuscular volume (MCV, fL) is 86.0. The monocytes (%) are 3. The mean platelet volume (fL) is 8.3. The plateletcrit (%) is 0.1. The platelet distribution width (%) is 38.1. The platelet count (×10^9/L) is 217. The polymorphs (%) are 74. The red blood cell count (million/µL) is 3.0. The red cell distribution width (RDW-SD, fL) is 16.2. The white blood cell count (×10^9/L) is 5.7. The eosinophils (%) are 2. The serum creatinine (mg/dL) is 12.0. The blood urea (mg/dL) is 205.0. The glomerular filtration rate (mL/min/1.73m²) is 4.59.",CKD
"Based on the patient description, predict if they have CKD.","This patient is 77 years old, male. The age (years) is 77. The sex is male. The hemoglobin (g/dL) is 9.6. The hematocrit (%) is 30.0. The lymphocytes (%) are 11. The mean corpuscular hemoglobin (MCH, pg) is 29.4. The mean corpuscular hemoglobin concentration (MCHC, g/dL) is 32.1. The mean corpuscular volume (MCV, fL) is 91.7. The monocytes (%) are 4. The mean platelet volume (fL) is 9.9. The plateletcrit (%) is 0.2. The platelet distribution width (%) is 15.5. The platelet count (×10^9/L) is 302. The polymorphs (%) are 83. The red blood cell count (million/µL) is 3.2. The red cell distribution width (RDW-SD, fL) is 60.7. The white blood cell count (×10^9/L) is 8.2. The eosinophils (%) are 2. The serum creatinine (mg/dL) is 7.3. The blood urea (mg/dL) is 171.0. The glomerular filtration rate (mL/min/1.73m²) is 7.31.",CKD
"Based on the patient description, predict if they have CKD.","This patient is 60 years old, female. The age (years) is 60. The sex is female. The hemoglobin (g/dL) is 8.5. The hematocrit (%) is 25.1. The lymphocytes (%) are 25. The mean corpuscular hemoglobin (MCH, pg) is 26.0. The mean corpuscular hemoglobin concentration (MCHC, g/dL) is 33.0. The mean corpuscular volume (MCV, fL) is 77.0. The monocytes (%) are 11. The mean platelet volume (fL) is 8.1. The plateletcrit (%) is 0.35. The platelet distribution width (%) is 15.0. The platelet count (×10^9/L) is 435. The polymorphs (%) are 69. The red blood cell count (million/µL) is 3.2. The red cell distribution width (RDW-SD, fL) is 39.0. The white blood cell count (×10^9/L) is 13.8. The eosinophils (%) are 3. The serum creatinine (mg/dL) is 4.5. The blood urea (mg/dL) is 78.0. The glomerular filtration rate (mL/min/1.73m²) is 9.97.",CKD
"Based on the patient description, predict if they have CKD.","This patient is 27 years old, male. The age (years) is 27. The sex is male. The hemoglobin (g/dL) is 11.4. The hematocrit (%) is 32.2. The lymphocytes (%) are 35. The mean corpuscular hemoglobin (MCH, pg) is 29.6. The mean corpuscular hemoglobin concentration (MCHC, g/dL) is 35.6. The mean corpuscular volume (MCV, fL) is 83.3. The monocytes (%) are 4. The mean platelet volume (fL) is 10.1. The plateletcrit (%) is 0.1. The platelet distribution width (%) is 16.2. The platelet count (×10^9/L) is 172. The polymorphs (%) are 58. The red blood cell count (million/µL) is 3.8. The red cell distribution width (RDW-SD, fL) is 34.5. The white blood cell count (×10^9/L) is 7.1. The eosinophils (%) are 3. The serum creatinine (mg/dL) is 12.1. The blood urea (mg/dL) is 161.0. The glomerular filtration rate (mL/min/1.73m²) is 5.05.",CKD
"Based on the patient description, predict if they have CKD.","This patient is 34 years old, male. The age (years) is 34. The sex is male. The hemoglobin (g/dL) is 9.2. The hematocrit (%) is 28.5. The lymphocytes (%) are 17. The mean corpuscular hemoglobin (MCH, pg) is 31.0. The mean corpuscular hemoglobin concentration (MCHC, g/dL) is 32.0. The mean corpuscular volume (MCV, fL) is 97.0. The monocytes (%) are 8. The mean platelet volume (fL) is 10.7. The plateletcrit (%) is 0.25. The platelet distribution width (%) is 16.0. The platelet count (×10^9/L) is 240. The polymorphs (%) are 72. The red blood cell count (million/µL) is 2.9. The red cell distribution width (RDW-SD, fL) is 14.3. The white blood cell count (×10^9/L) is 10.5. The eosinophils (%) are 3. The serum creatinine (mg/dL) is 13.8. The blood urea (mg/dL) is 175.0. The glomerular filtration rate (mL/min/1.73m²) is 4.14.",CKD
"Based on the patient description, predict if they have CKD.","This patient is 35 years old, male. The age (years) is 35. The sex is male. The hemoglobin (g/dL) is 9.6. The hematocrit (%) is 30.8. The lymphocytes (%) are 15. The mean corpuscular hemoglobin (MCH, pg) is 28.7. The mean corpuscular hemoglobin concentration (MCHC, g/dL) is 31.3. The mean corpuscular volume (MCV, fL) is 91.9. The monocytes (%) are 4. The mean platelet volume (fL) is 11.0. The plateletcrit (%) is 0.3. The platelet distribution width (%) is 15.8. The platelet count (×10^9/L) is 287. The polymorphs (%) are 79. The red blood cell count (million/µL) is 3.3. The red cell distribution width (RDW-SD, fL) is 68.3. The white blood cell count (×10^9/L) is 8.2. The eosinophils (%) are 2. The serum creatinine (mg/dL) is 4.6. The blood urea (mg/dL) is 110.0. The glomerular filtration rate (mL/min/1.73m²) is 14.61.",CKD
"Based on the patient description, predict if they have CKD.","This patient is 39 years old, male. The age (years) is 39. The sex is male. The hemoglobin (g/dL) is 8.0. The hematocrit (%) is 23.6. The lymphocytes (%) are 35. The mean corpuscular hemoglobin (MCH, pg) is 33.2. The mean corpuscular hemoglobin concentration (MCHC, g/dL) is 33.8. The mean corpuscular volume (MCV, fL) is 98.0. The monocytes (%) are 5. The mean platelet volume (fL) is 9.5. The plateletcrit (%) is 0.05. The platelet distribution width (%) is 37.6. The platelet count (×10^9/L) is 60. The polymorphs (%) are 57. The red blood cell count (million/µL) is 2.4. The red cell distribution width (RDW-SD, fL) is 14.1. The white blood cell count (×10^9/L) is 6.7. The eosinophils (%) are 3. The serum creatinine (mg/dL) is 7.6. The blood urea (mg/dL) is 105.0. The glomerular filtration rate (mL/min/1.73m²) is 8.01.",CKD
"Based on the patient description, predict if they have CKD.","This patient is 49 years old, female. The age (years) is 49. The sex is female. The hemoglobin (g/dL) is 12.2. The hematocrit (%) is 37.0. The lymphocytes (%) are 39. The mean corpuscular hemoglobin (MCH, pg) is 27.0. The mean corpuscular hemoglobin concentration (MCHC, g/dL) is 33.0. The mean corpuscular volume (MCV, fL) is 82.0. The monocytes (%) are 7. The mean platelet volume (fL) is 10.9. The plateletcrit (%) is 0.17. The platelet distribution width (%) is 15.7. The platelet count (×10^9/L) is 163. The polymorphs (%) are 51. The red blood cell count (million/µL) is 4.5. The red cell distribution width (RDW-SD, fL) is 46.2. The white blood cell count (×10^9/L) is 3.6. The eosinophils (%) are 3. The serum creatinine (mg/dL) is 4.8. The blood urea (mg/dL) is 90.0. The glomerular filtration rate (mL/min/1.73m²) is 9.64.",CKD
"Based on the patient description, predict if they have CKD.","This patient is 34 years old, female. The age (years) is 34. The sex is female. The hemoglobin (g/dL) is 7.0. The hematocrit (%) is 18.0. The lymphocytes (%) are 60. The mean corpuscular hemoglobin (MCH, pg) is 28.0. The mean corpuscular hemoglobin concentration (MCHC, g/dL) is 38.0. The mean corpuscular volume (MCV, fL) is 73.0. The monocytes (%) are 4. The mean platelet volume (fL) is 7.0. The plateletcrit (%) is 0.23. The platelet distribution width (%) is 35.0. The platelet count (×10^9/L) is 322. The polymorphs (%) are 35. The red blood cell count (million/µL) is 2.4. The red cell distribution width (RDW-SD, fL) is 20.0. The white blood cell count (×10^9/L) is 8.7. The eosinophils (%) are 1. The serum creatinine (mg/dL) is 6.8. The blood urea (mg/dL) is 93.0. The glomerular filtration rate (mL/min/1.73m²) is 6.95.",CKD
"Based on the patient description, predict if they have CKD.","This patient is 26 years old, female. The age (years) is 26. The sex is female. The hemoglobin (g/dL) is 11.9. The hematocrit (%) is 40.6. The lymphocytes (%) are 15. The mean corpuscular hemoglobin (MCH, pg) is 28.5. The mean corpuscular hemoglobin concentration (MCHC, g/dL) is 32.5. The mean corpuscular volume (MCV, fL) is 88.0. The monocytes (%) are 4. The mean platelet volume (fL) is 7.4. The plateletcrit (%) is 0.07. The platelet distribution width (%) is 37.4. The platelet count (×10^9/L) is 148. The polymorphs (%) are 78. The red blood cell count (million/µL) is 4.6. The red cell distribution width (RDW-SD, fL) is 16.9. The white blood cell count (×10^9/L) is 10.4. The eosinophils (%) are 3. The serum creatinine (mg/dL) is 6.9. The blood urea (mg/dL) is 123.0. The glomerular filtration rate (mL/min/1.73m²) is 7.21.",CKD
"Based on the patient description, predict if they have CKD.","This patient is 25 years old, female. The age (years) is 25. The sex is female. The hemoglobin (g/dL) is 9.6. The hematocrit (%) is 25.67. The lymphocytes (%) are 20. The mean corpuscular hemoglobin (MCH, pg) is 28.0. The mean corpuscular hemoglobin concentration (MCHC, g/dL) is 37.0. The mean corpuscular volume (MCV, fL) is 76.0. The monocytes (%) are 7. The mean platelet volume (fL) is 6.9. The plateletcrit (%) is 0.13. The platelet distribution width (%) is 33.0. The platelet count (×10^9/L) is 194. The polymorphs (%) are 70. The red blood cell count (million/µL) is 3.3. The red cell distribution width (RDW-SD, fL) is 17.0. The white blood cell count (×10^9/L) is 6.8. The eosinophils (%) are 3. The serum creatinine (mg/dL) is 9.5. The blood urea (mg/dL) is 130.0. The glomerular filtration rate (mL/min/1.73m²) is 5.03.",CKD
"Based on the patient description, predict if they have CKD.","This patient is 45 years old, male. The age (years) is 45. The sex is male. The hemoglobin (g/dL) is 10.4. The hematocrit (%) is 28.0. The lymphocytes (%) are 14. The mean corpuscular hemoglobin (MCH, pg) is 30.2. The mean corpuscular hemoglobin concentration (MCHC, g/dL) is 37.2. The mean corpuscular volume (MCV, fL) is 81.0. The monocytes (%) are 4. The mean platelet volume (fL) is 7.8. The plateletcrit (%) is 0.07. The platelet distribution width (%) is 36.6. The platelet count (×10^9/L) is 132. The polymorphs (%) are 80. The red blood cell count (million/µL) is 3.4. The red cell distribution width (RDW-SD, fL) is 14.5. The white blood cell count (×10^9/L) is 4.6. The eosinophils (%) are 2. The serum creatinine (mg/dL) is 9.8. The blood urea (mg/dL) is 152.0. The glomerular filtration rate (mL/min/1.73m²) is 5.8.",CKD
"Based on the patient description, predict if they have CKD.","This patient is 32 years old, female. The age (years) is 32. The sex is female. The hemoglobin (g/dL) is 7.0. The hematocrit (%) is 19.0. The lymphocytes (%) are 24. The mean corpuscular hemoglobin (MCH, pg) is 27.0. The mean corpuscular hemoglobin concentration (MCHC, g/dL) is 35.0. The mean corpuscular volume (MCV, fL) is 78.0. The monocytes (%) are 5. The mean platelet volume (fL) is 8.2. The plateletcrit (%) is 0.04. The platelet distribution width (%) is 33.1. The platelet count (×10^9/L) is 80. The polymorphs (%) are 68. The red blood cell count (million/µL) is 2.5. The red cell distribution width (RDW-SD, fL) is 18.9. The white blood cell count (×10^9/L) is 5.9. The eosinophils (%) are 3. The serum creatinine (mg/dL) is 11.6. The blood urea (mg/dL) is 146.0. The glomerular filtration rate (mL/min/1.73m²) is 3.8.",CKD
"Based on the patient description, predict if they have CKD.","This patient is 72 years old, female. The age (years) is 72. The sex is female. The hemoglobin (g/dL) is 11.0. The hematocrit (%) is 30.0. The lymphocytes (%) are 11. The mean corpuscular hemoglobin (MCH, pg) is 29.0. The mean corpuscular hemoglobin concentration (MCHC, g/dL) is 36.0. The mean corpuscular volume (MCV, fL) is 81.0. The monocytes (%) are 5. The mean platelet volume (fL) is 8.9. The plateletcrit (%) is 0.15. The platelet distribution width (%) is 36.9. The platelet count (×10^9/L) is 173. The polymorphs (%) are 81. The red blood cell count (million/µL) is 3.7. The red cell distribution width (RDW-SD, fL) is 18.0. The white blood cell count (×10^9/L) is 7.4. The eosinophils (%) are 3. The serum creatinine (mg/dL) is 8.8. The blood urea (mg/dL) is 97.0. The glomerular filtration rate (mL/min/1.73m²) is 4.43.",CKD
"Based on the patient description, predict if they have CKD.","This patient is 50 years old, male. The age (years) is 50. The sex is male. The hemoglobin (g/dL) is 11.2. The hematocrit (%) is 29.08. The lymphocytes (%) are 18. The mean corpuscular hemoglobin (MCH, pg) is 27.0. The mean corpuscular hemoglobin concentration (MCHC, g/dL) is 38.0. The mean corpuscular volume (MCV, fL) is 71.0. The monocytes (%) are 2. The mean platelet volume (fL) is 8.9. The plateletcrit (%) is 0.11. The platelet distribution width (%) is 41.0. The platelet count (×10^9/L) is 120. The polymorphs (%) are 78. The red blood cell count (million/µL) is 4.0. The red cell distribution width (RDW-SD, fL) is 19.0. The white blood cell count (×10^9/L) is 4.8. The eosinophils (%) are 2. The serum creatinine (mg/dL) is 9.4. The blood urea (mg/dL) is 129.0. The glomerular filtration rate (mL/min/1.73m²) is 5.96.",CKD
"Based on the patient description, predict if they have CKD.","This patient is 63 years old, male. The age (years) is 63. The sex is male. The hemoglobin (g/dL) is 9.3. The hematocrit (%) is 26.0. The lymphocytes (%) are 18. The mean corpuscular hemoglobin (MCH, pg) is 30.0. The mean corpuscular hemoglobin concentration (MCHC, g/dL) is 36.0. The mean corpuscular volume (MCV, fL) is 82.0. The monocytes (%) are 3. The mean platelet volume (fL) is 7.4. The plateletcrit (%) is 0.09. The platelet distribution width (%) is 36.0. The platelet count (×10^9/L) is 129. The polymorphs (%) are 76. The red blood cell count (million/µL) is 3.1. The red cell distribution width (RDW-SD, fL) is 14.0. The white blood cell count (×10^9/L) is 4.9. The eosinophils (%) are 3. The serum creatinine (mg/dL) is 7.7. The blood urea (mg/dL) is 68.0. The glomerular filtration rate (mL/min/1.73m²) is 7.16.",CKD
"Based on the patient description, predict if they have CKD.","This patient is 67 years old, female. The age (years) is 67. The sex is female. The hemoglobin (g/dL) is 10.2. The hematocrit (%) is 28.0. The lymphocytes (%) are 10. The mean corpuscular hemoglobin (MCH, pg) is 30.0. The mean corpuscular hemoglobin concentration (MCHC, g/dL) is 36.0. The mean corpuscular volume (MCV, fL) is 85.0. The monocytes (%) are 4. The mean platelet volume (fL) is 7.5. The plateletcrit (%) is 0.15. The platelet distribution width (%) is 36.0. The platelet count (×10^9/L) is 205. The polymorphs (%) are 83. The red blood cell count (million/µL) is 3.3. The red cell distribution width (RDW-SD, fL) is 16.0. The white blood cell count (×10^9/L) is 7.3. The eosinophils (%) are 3. The serum creatinine (mg/dL) is 5.9. The blood urea (mg/dL) is 68.0. The glomerular filtration rate (mL/min/1.73m²) is 7.13.",CKD
"Based on the patient description, predict if they have CKD.","This patient is 23 years old, male. The age (years) is 23. The sex is male. The hemoglobin (g/dL) is 11.3. The hematocrit (%) is 34.6. The lymphocytes (%) are 39. The mean corpuscular hemoglobin (MCH, pg) is 32.7. The mean corpuscular hemoglobin concentration (MCHC, g/dL) is 35.5. The mean corpuscular volume (MCV, fL) is 92.0. The monocytes (%) are 4. The mean platelet volume (fL) is 8.7. The plateletcrit (%) is 0.1. The platelet distribution width (%) is 40.8. The platelet count (×10^9/L) is 125. The polymorphs (%) are 54. The red blood cell count (million/µL) is 3.4. The red cell distribution width (RDW-SD, fL) is 13.1. The white blood cell count (×10^9/L) is 3.5. The eosinophils (%) are 3. The serum creatinine (mg/dL) is 12.5. The blood urea (mg/dL) is 155.0. The glomerular filtration rate (mL/min/1.73m²) is 5.02.",CKD
"Based on the patient description, predict if they have CKD.","This patient is 46 years old, female. The age (years) is 46. The sex is female. The hemoglobin (g/dL) is 10.7. The hematocrit (%) is 29.0. The lymphocytes (%) are 26. The mean corpuscular hemoglobin (MCH, pg) is 35.0. The mean corpuscular hemoglobin concentration (MCHC, g/dL) is 36.0. The mean corpuscular volume (MCV, fL) is 97.0. The monocytes (%) are 4. The mean platelet volume (fL) is 8.5. The plateletcrit (%) is 0.15. The platelet distribution width (%) is 38.3. The platelet count (×10^9/L) is 171. The polymorphs (%) are 68. The red blood cell count (million/µL) is 3.0. The red cell distribution width (RDW-SD, fL) is 13.1. The white blood cell count (×10^9/L) is 6.4. The eosinophils (%) are 2. The serum creatinine (mg/dL) is 9.5. The blood urea (mg/dL) is 163.0. The glomerular filtration rate (mL/min/1.73m²) is 4.44.",CKD
"Based on the patient description, predict if they have CKD.","This patient is 45 years old, male. The age (years) is 45. The sex is male. The hemoglobin (g/dL) is 11.2. The hematocrit (%) is 32.44. The lymphocytes (%) are 19. The mean corpuscular hemoglobin (MCH, pg) is 28.0. The mean corpuscular hemoglobin concentration (MCHC, g/dL) is 34.0. The mean corpuscular volume (MCV, fL) is 81.0. The monocytes (%) are 5. The mean platelet volume (fL) is 10.8. The plateletcrit (%) is 0.17. The platelet distribution width (%) is 40.0. The platelet count (×10^9/L) is 156. The polymorphs (%) are 74. The red blood cell count (million/µL) is 4.0. The red cell distribution width (RDW-SD, fL) is 15.1. The white blood cell count (×10^9/L) is 4.7. The eosinophils (%) are 2. The serum creatinine (mg/dL) is 6.6. The blood urea (mg/dL) is 99.0. The glomerular filtration rate (mL/min/1.73m²) is 9.16.",CKD
"Based on the patient description, predict if they have CKD.","This patient is 18 years old, male. The age (years) is 18. The sex is male. The hemoglobin (g/dL) is 9.4. The hematocrit (%) is 26.0. The lymphocytes (%) are 18. The mean corpuscular hemoglobin (MCH, pg) is 21.0. The mean corpuscular hemoglobin concentration (MCHC, g/dL) is 35.0. The mean corpuscular volume (MCV, fL) is 62.0. The monocytes (%) are 5. The mean platelet volume (fL) is 12.6. The plateletcrit (%) is 0.31. The platelet distribution width (%) is 45.0. The platelet count (×10^9/L) is 243. The polymorphs (%) are 74. The red blood cell count (million/µL) is 4.3. The red cell distribution width (RDW-SD, fL) is 16.4. The white blood cell count (×10^9/L) is 7.0. The eosinophils (%) are 3. The serum creatinine (mg/dL) is 10.9. The blood urea (mg/dL) is 129.0. The glomerular filtration rate (mL/min/1.73m²) is 6.18.",CKD
"Based on the patient description, predict if they have CKD.","This patient is 46 years old, female. The age (years) is 46. The sex is female. The hemoglobin (g/dL) is 9.5. The hematocrit (%) is 27.0. The lymphocytes (%) are 10. The mean corpuscular hemoglobin (MCH, pg) is 28.0. The mean corpuscular hemoglobin concentration (MCHC, g/dL) is 34.0. The mean corpuscular volume (MCV, fL) is 83.0. The monocytes (%) are 4. The mean platelet volume (fL) is 10.6. The plateletcrit (%) is 0.02. The platelet distribution width (%) is 39.0. The platelet count (×10^9/L) is 20. The polymorphs (%) are 84. The red blood cell count (million/µL) is 3.3. The red cell distribution width (RDW-SD, fL) is 15.3. The white blood cell count (×10^9/L) is 6.1. The eosinophils (%) are 2. The serum creatinine (mg/dL) is 9.3. The blood urea (mg/dL) is 171.0. The glomerular filtration rate (mL/min/1.73m²) is 4.55.",CKD
"Based on the patient description, predict if they have CKD.","This patient is 45 years old, male. The age (years) is 45. The sex is male. The hemoglobin (g/dL) is 11.9. The hematocrit (%) is 33.2. The lymphocytes (%) are 6. The mean corpuscular hemoglobin (MCH, pg) is 31.7. The mean corpuscular hemoglobin concentration (MCHC, g/dL) is 35.6. The mean corpuscular volume (MCV, fL) is 89.0. The monocytes (%) are 3. The mean platelet volume (fL) is 9.6. The plateletcrit (%) is 0.1. The platelet distribution width (%) is 39.8. The platelet count (×10^9/L) is 115. The polymorphs (%) are 90. The red blood cell count (million/µL) is 3.7. The red cell distribution width (RDW-SD, fL) is 13.9. The white blood cell count (×10^9/L) is 7.4. The eosinophils (%) are 1. The serum creatinine (mg/dL) is 6.0. The blood urea (mg/dL) is 160.0. The glomerular filtration rate (mL/min/1.73m²) is 10.22.",CKD
"Based on the patient description, predict if they have CKD.","This patient is 55 years old, male. The age (years) is 55. The sex is male. The hemoglobin (g/dL) is 10.6. The hematocrit (%) is 30.0. The lymphocytes (%) are 25. The mean corpuscular hemoglobin (MCH, pg) is 32.0. The mean corpuscular hemoglobin concentration (MCHC, g/dL) is 34.0. The mean corpuscular volume (MCV, fL) is 95.0. The monocytes (%) are 6. The mean platelet volume (fL) is 7.7. The plateletcrit (%) is 0.16. The platelet distribution width (%) is 37.4. The platelet count (×10^9/L) is 202. The polymorphs (%) are 66. The red blood cell count (million/µL) is 3.2. The red cell distribution width (RDW-SD, fL) is 15.7. The white blood cell count (×10^9/L) is 4.6. The eosinophils (%) are 3. The serum creatinine (mg/dL) is 7.1. The blood urea (mg/dL) is 99.0. The glomerular filtration rate (mL/min/1.73m²) is 8.08.",CKD
"Based on the patient description, predict if they have CKD.","This patient is 34 years old, female. The age (years) is 34. The sex is female. The hemoglobin (g/dL) is 10.3. The hematocrit (%) is 27.86. The lymphocytes (%) are 7. The mean corpuscular hemoglobin (MCH, pg) is 34.0. The mean corpuscular hemoglobin concentration (MCHC, g/dL) is 36.0. The mean corpuscular volume (MCV, fL) is 94.0. The monocytes (%) are 4. The mean platelet volume (fL) is 7.9. The plateletcrit (%) is 0.15. The platelet distribution width (%) is 37.0. The platelet count (×10^9/L) is 185. The polymorphs (%) are 87. The red blood cell count (million/µL) is 2.9. The red cell distribution width (RDW-SD, fL) is 12.0. The white blood cell count (×10^9/L) is 4.9. The eosinophils (%) are 2. The serum creatinine (mg/dL) is 5.1. The blood urea (mg/dL) is 148.0. The glomerular filtration rate (mL/min/1.73m²) is 9.68.",CKD
"Based on the patient description, predict if they have CKD.","This patient is 50 years old, male. The age (years) is 50. The sex is male. The hemoglobin (g/dL) is 8.6. The hematocrit (%) is 24.28. The lymphocytes (%) are 25. The mean corpuscular hemoglobin (MCH, pg) is 30.0. The mean corpuscular hemoglobin concentration (MCHC, g/dL) is 35.0. The mean corpuscular volume (MCV, fL) is 86.0. The monocytes (%) are 5. The mean platelet volume (fL) is 9.2. The plateletcrit (%) is 0.17. The platelet distribution width (%) is 37.0. The platelet count (×10^9/L) is 187. The polymorphs (%) are 66. The red blood cell count (million/µL) is 2.8. The red cell distribution width (RDW-SD, fL) is 14.0. The white blood cell count (×10^9/L) is 4.3. The eosinophils (%) are 4. The serum creatinine (mg/dL) is 13.3. The blood urea (mg/dL) is 159.0. The glomerular filtration rate (mL/min/1.73m²) is 3.99.",CKD
"Based on the patient description, predict if they have CKD.","This patient is 45 years old, male. The age (years) is 45. The sex is male. The hemoglobin (g/dL) is 11.0. The hematocrit (%) is 30.9. The lymphocytes (%) are 15. The mean corpuscular hemoglobin (MCH, pg) is 30.2. The mean corpuscular hemoglobin concentration (MCHC, g/dL) is 35.6. The mean corpuscular volume (MCV, fL) is 85.0. The monocytes (%) are 5. The mean platelet volume (fL) is 8.7. The plateletcrit (%) is 0.1. The platelet distribution width (%) is 37.9. The platelet count (×10^9/L) is 119. The polymorphs (%) are 78. The red blood cell count (million/µL) is 3.6. The red cell distribution width (RDW-SD, fL) is 13.2. The white blood cell count (×10^9/L) is 5.1. The eosinophils (%) are 2. The serum creatinine (mg/dL) is 9.0. The blood urea (mg/dL) is 136.0. The glomerular filtration rate (mL/min/1.73m²) is 6.4.",CKD
"Based on the patient description, predict if they have CKD.","This patient is 41 years old, male. The age (years) is 41. The sex is male. The hemoglobin (g/dL) is 10.5. The hematocrit (%) is 32.0. The lymphocytes (%) are 7. The mean corpuscular hemoglobin (MCH, pg) is 24.0. The mean corpuscular hemoglobin concentration (MCHC, g/dL) is 32.0. The mean corpuscular volume (MCV, fL) is 74.0. The monocytes (%) are 2. The mean platelet volume (fL) is 10.7. The plateletcrit (%) is 0.24. The platelet distribution width (%) is 44.6. The platelet count (×10^9/L) is 226. The polymorphs (%) are 91. The red blood cell count (million/µL) is 4.3. The red cell distribution width (RDW-SD, fL) is 20.8. The white blood cell count (×10^9/L) is 11.2. The eosinophils (%) are 0. The serum creatinine (mg/dL) is 9.1. The blood urea (mg/dL) is 83.0. The glomerular filtration rate (mL/min/1.73m²) is 6.44.",CKD
"Based on the patient description, predict if they have CKD.","This patient is 33 years old, female. The age (years) is 33. The sex is female. The hemoglobin (g/dL) is 12.2. The hematocrit (%) is 33.2. The lymphocytes (%) are 20. The mean corpuscular hemoglobin (MCH, pg) is 34.6. The mean corpuscular hemoglobin concentration (MCHC, g/dL) is 36.7. The mean corpuscular volume (MCV, fL) is 94.0. The monocytes (%) are 4. The mean platelet volume (fL) is 8.8. The plateletcrit (%) is 0.1. The platelet distribution width (%) is 38.5. The platelet count (×10^9/L) is 145. The polymorphs (%) are 73. The red blood cell count (million/µL) is 3.5. The red cell distribution width (RDW-SD, fL) is 14.3. The white blood cell count (×10^9/L) is 5.8. The eosinophils (%) are 3. The serum creatinine (mg/dL) is 10.0. The blood urea (mg/dL) is 120.0. The glomerular filtration rate (mL/min/1.73m²) is 4.48.",CKD
"Based on the patient description, predict if they have CKD.","This patient is 28 years old, male. The age (years) is 28. The sex is male. The hemoglobin (g/dL) is 10.4. The hematocrit (%) is 29.0. The lymphocytes (%) are 31. The mean corpuscular hemoglobin (MCH, pg) is 30.0. The mean corpuscular hemoglobin concentration (MCHC, g/dL) is 35.0. The mean corpuscular volume (MCV, fL) is 87.0. The monocytes (%) are 10. The mean platelet volume (fL) is 8.5. The plateletcrit (%) is 0.12. The platelet distribution width (%) is 37.7. The platelet count (×10^9/L) is 142. The polymorphs (%) are 54. The red blood cell count (million/µL) is 3.4. The red cell distribution width (RDW-SD, fL) is 14.4. The white blood cell count (×10^9/L) is 3.0. The eosinophils (%) are 5. The serum creatinine (mg/dL) is 10.5. The blood urea (mg/dL) is 100.0. The glomerular filtration rate (mL/min/1.73m²) is 5.9.",CKD
"Based on the patient description, predict if they have CKD.","This patient is 24 years old, female. The age (years) is 24. The sex is female. The hemoglobin (g/dL) is 11.9. The hematocrit (%) is 34.3. The lymphocytes (%) are 20. The mean corpuscular hemoglobin (MCH, pg) is 33.7. The mean corpuscular hemoglobin concentration (MCHC, g/dL) is 34.7. The mean corpuscular volume (MCV, fL) is 97.0. The monocytes (%) are 3. The mean platelet volume (fL) is 9.5. The plateletcrit (%) is 0.1. The platelet distribution width (%) is 40.0. The platelet count (×10^9/L) is 135. The polymorphs (%) are 75. The red blood cell count (million/µL) is 3.5. The red cell distribution width (RDW-SD, fL) is 13.9. The white blood cell count (×10^9/L) is 4.2. The eosinophils (%) are 2. The serum creatinine (mg/dL) is 8.7. The blood urea (mg/dL) is 104.0. The glomerular filtration rate (mL/min/1.73m²) is 5.61.",CKD
"Based on the patient description, predict if they have CKD.","This patient is 53 years old, female. The age (years) is 53. The sex is female. The hemoglobin (g/dL) is 10.8. The hematocrit (%) is 31.0. The lymphocytes (%) are 24. The mean corpuscular hemoglobin (MCH, pg) is 33.0. The mean corpuscular hemoglobin concentration (MCHC, g/dL) is 35.0. The mean corpuscular volume (MCV, fL) is 95.0. The monocytes (%) are 2. The mean platelet volume (fL) is 9.5. The plateletcrit (%) is 0.25. The platelet distribution width (%) is 40.0. The platelet count (×10^9/L) is 258. The polymorphs (%) are 73. The red blood cell count (million/µL) is 3.2. The red cell distribution width (RDW-SD, fL) is 14.0. The white blood cell count (×10^9/L) is 8.0. The eosinophils (%) are 1. The serum creatinine (mg/dL) is 9.5. The blood urea (mg/dL) is 162.0. The glomerular filtration rate (mL/min/1.73m²) is 4.32.",CKD
"Based on the patient description, predict if they have CKD.","This patient is 34 years old, female. The age (years) is 34. The sex is female. The hemoglobin (g/dL) is 9.3. The hematocrit (%) is 26.0. The lymphocytes (%) are 8. The mean corpuscular hemoglobin (MCH, pg) is 29.0. The mean corpuscular hemoglobin concentration (MCHC, g/dL) is 35.0. The mean corpuscular volume (MCV, fL) is 83.0. The monocytes (%) are 2. The mean platelet volume (fL) is 8.5. The plateletcrit (%) is 0.19. The platelet distribution width (%) is 37.9. The platelet count (×10^9/L) is 223. The polymorphs (%) are 89. The red blood cell count (million/µL) is 3.1. The red cell distribution width (RDW-SD, fL) is 19.9. The white blood cell count (×10^9/L) is 7.4. The eosinophils (%) are 1. The serum creatinine (mg/dL) is 7.1. The blood urea (mg/dL) is 134.0. The glomerular filtration rate (mL/min/1.73m²) is 6.61.",CKD
"Based on the patient description, predict if they have CKD.","This patient is 46 years old, female. The age (years) is 46. The sex is female. The hemoglobin (g/dL) is 9.2. The hematocrit (%) is 25.0. The lymphocytes (%) are 24. The mean corpuscular hemoglobin (MCH, pg) is 30.0. The mean corpuscular hemoglobin concentration (MCHC, g/dL) is 35.0. The mean corpuscular volume (MCV, fL) is 86.0. The monocytes (%) are 5. The mean platelet volume (fL) is 9.3. The plateletcrit (%) is 0.14. The platelet distribution width (%) is 39.2. The platelet count (×10^9/L) is 150. The polymorphs (%) are 69. The red blood cell count (million/µL) is 3.0. The red cell distribution width (RDW-SD, fL) is 14.7. The white blood cell count (×10^9/L) is 4.7. The eosinophils (%) are 2. The serum creatinine (mg/dL) is 8.6. The blood urea (mg/dL) is 110.0. The glomerular filtration rate (mL/min/1.73m²) is 4.98.",CKD
"Based on the patient description, predict if they have CKD.","This patient is 69 years old, female. The age (years) is 69. The sex is female. The hemoglobin (g/dL) is 10.6. The hematocrit (%) is 30.0. The lymphocytes (%) are 18. The mean corpuscular hemoglobin (MCH, pg) is 30.0. The mean corpuscular hemoglobin concentration (MCHC, g/dL) is 36.0. The mean corpuscular volume (MCV, fL) is 83.0. The monocytes (%) are 5. The mean platelet volume (fL) is 8.8. The plateletcrit (%) is 0.17. The platelet distribution width (%) is 40.0. The platelet count (×10^9/L) is 198. The polymorphs (%) are 74. The red blood cell count (million/µL) is 3.6. The red cell distribution width (RDW-SD, fL) is 14.7. The white blood cell count (×10^9/L) is 9.0. The eosinophils (%) are 3. The serum creatinine (mg/dL) is 8.5. The blood urea (mg/dL) is 111.0. The glomerular filtration rate (mL/min/1.73m²) is 4.65.",CKD
"Based on the patient description, predict if they have CKD.","This patient is 43 years old, male. The age (years) is 43. The sex is male. The hemoglobin (g/dL) is 9.8. The hematocrit (%) is 26.0. The lymphocytes (%) are 18. The mean corpuscular hemoglobin (MCH, pg) is 37.0. The mean corpuscular hemoglobin concentration (MCHC, g/dL) is 36.0. The mean corpuscular volume (MCV, fL) is 101.0. The monocytes (%) are 3. The mean platelet volume (fL) is 12.5. The plateletcrit (%) is 0.18. The platelet distribution width (%) is 43.7. The platelet count (×10^9/L) is 146. The polymorphs (%) are 77. The red blood cell count (million/µL) is 2.6. The red cell distribution width (RDW-SD, fL) is 15.7. The white blood cell count (×10^9/L) is 6.9. The eosinophils (%) are 2. The serum creatinine (mg/dL) is 15.1. The blood urea (mg/dL) is 162.0. The glomerular filtration rate (mL/min/1.73m²) is 3.56.",CKD
"Based on the patient description, predict if they have CKD.","This patient is 48 years old, female. The age (years) is 48. The sex is female. The hemoglobin (g/dL) is 10.2. The hematocrit (%) is 39.4. The lymphocytes (%) are 25. The mean corpuscular hemoglobin (MCH, pg) is 28.9. The mean corpuscular hemoglobin concentration (MCHC, g/dL) is 34.7. The mean corpuscular volume (MCV, fL) is 83.0. The monocytes (%) are 6. The mean platelet volume (fL) is 8.9. The plateletcrit (%) is 0.1. The platelet distribution width (%) is 38.8. The platelet count (×10^9/L) is 165. The polymorphs (%) are 66. The red blood cell count (million/µL) is 3.5. The red cell distribution width (RDW-SD, fL) is 14.9. The white blood cell count (×10^9/L) is 5.6. The eosinophils (%) are 3. The serum creatinine (mg/dL) is 8.4. The blood urea (mg/dL) is 107.0. The glomerular filtration rate (mL/min/1.73m²) is 5.08.",CKD
"Based on the patient description, predict if they have CKD.","This patient is 58 years old, male. The age (years) is 58. The sex is male. The hemoglobin (g/dL) is 9.0. The hematocrit (%) is 25.2. The lymphocytes (%) are 23. The mean corpuscular hemoglobin (MCH, pg) is 28.0. The mean corpuscular hemoglobin concentration (MCHC, g/dL) is 35.8. The mean corpuscular volume (MCV, fL) is 78.0. The monocytes (%) are 3. The mean platelet volume (fL) is 7.7. The plateletcrit (%) is 0.2. The platelet distribution width (%) is 37.2. The platelet count (×10^9/L) is 255. The polymorphs (%) are 72. The red blood cell count (million/µL) is 3.2. The red cell distribution width (RDW-SD, fL) is 15.4. The white blood cell count (×10^9/L) is 8.6. The eosinophils (%) are 2. The serum creatinine (mg/dL) is 11.2. The blood urea (mg/dL) is 190.0. The glomerular filtration rate (mL/min/1.73m²) is 4.72.",CKD
"Based on the patient description, predict if they have CKD.","This patient is 58 years old, female. The age (years) is 58. The sex is female. The hemoglobin (g/dL) is 10.9. The hematocrit (%) is 30.9. The lymphocytes (%) are 42. The mean corpuscular hemoglobin (MCH, pg) is 29.2. The mean corpuscular hemoglobin concentration (MCHC, g/dL) is 35.3. The mean corpuscular volume (MCV, fL) is 83.0. The monocytes (%) are 4. The mean platelet volume (fL) is 11.0. The plateletcrit (%) is 0.1. The platelet distribution width (%) is 43.2. The platelet count (×10^9/L) is 165. The polymorphs (%) are 51. The red blood cell count (million/µL) is 3.7. The red cell distribution width (RDW-SD, fL) is 16.2. The white blood cell count (×10^9/L) is 5.3. The eosinophils (%) are 3. The serum creatinine (mg/dL) is 7.6. The blood urea (mg/dL) is 110.0. The glomerular filtration rate (mL/min/1.73m²) is 5.48.",CKD
"Based on the patient description, predict if they have CKD.","This patient is 34 years old, male. The age (years) is 34. The sex is male. The hemoglobin (g/dL) is 13.0. The hematocrit (%) is 37.7. The lymphocytes (%) are 17. The mean corpuscular hemoglobin (MCH, pg) is 29.0. The mean corpuscular hemoglobin concentration (MCHC, g/dL) is 34.7. The mean corpuscular volume (MCV, fL) is 83.0. The monocytes (%) are 4. The mean platelet volume (fL) is 8.3. The plateletcrit (%) is 0.1. The platelet distribution width (%) is 37.9. The platelet count (×10^9/L) is 206. The polymorphs (%) are 77. The red blood cell count (million/µL) is 4.4. The red cell distribution width (RDW-SD, fL) is 14.1. The white blood cell count (×10^9/L) is 5.8. The eosinophils (%) are 2. The serum creatinine (mg/dL) is 3.8. The blood urea (mg/dL) is 87.0. The glomerular filtration rate (mL/min/1.73m²) is 18.33.",CKD
"Based on the patient description, predict if they have CKD.","This patient is 12 years old, female. The age (years) is 12. The sex is female. The hemoglobin (g/dL) is 9.2. The hematocrit (%) is 27.0. The lymphocytes (%) are 28. The mean corpuscular hemoglobin (MCH, pg) is 20.0. The mean corpuscular hemoglobin concentration (MCHC, g/dL) is 34.0. The mean corpuscular volume (MCV, fL) is 60.0. The monocytes (%) are 3. The mean platelet volume (fL) is 7.7. The plateletcrit (%) is 0.18. The platelet distribution width (%) is 38.8. The platelet count (×10^9/L) is 228. The polymorphs (%) are 68. The red blood cell count (million/µL) is 4.4. The red cell distribution width (RDW-SD, fL) is 17.7. The white blood cell count (×10^9/L) is 7.8. The eosinophils (%) are 1. The serum creatinine (mg/dL) is 6.3. The blood urea (mg/dL) is 110.0. The glomerular filtration rate (mL/min/1.73m²) is 9.37.",CKD
"Based on the patient description, predict if they have CKD.","This patient is 80 years old, female. The age (years) is 80. The sex is female. The hemoglobin (g/dL) is 10.0. The hematocrit (%) is 27.0. The lymphocytes (%) are 18. The mean corpuscular hemoglobin (MCH, pg) is 33.0. The mean corpuscular hemoglobin concentration (MCHC, g/dL) is 36.0. The mean corpuscular volume (MCV, fL) is 91.0. The monocytes (%) are 5. The mean platelet volume (fL) is 8.5. The plateletcrit (%) is 0.16. The platelet distribution width (%) is 37.7. The platelet count (×10^9/L) is 193. The polymorphs (%) are 75. The red blood cell count (million/µL) is 3.0. The red cell distribution width (RDW-SD, fL) is 13.4. The white blood cell count (×10^9/L) is 8.6. The eosinophils (%) are 2. The serum creatinine (mg/dL) is 6.2. The blood urea (mg/dL) is 91.0. The glomerular filtration rate (mL/min/1.73m²) is 6.5.",CKD
"Based on the patient description, predict if they have CKD.","This patient is 37 years old, female. The age (years) is 37. The sex is female. The hemoglobin (g/dL) is 10.0. The hematocrit (%) is 27.1. The lymphocytes (%) are 6. The mean corpuscular hemoglobin (MCH, pg) is 27.0. The mean corpuscular hemoglobin concentration (MCHC, g/dL) is 36.0. The mean corpuscular volume (MCV, fL) is 76.0. The monocytes (%) are 3. The mean platelet volume (fL) is 9.7. The plateletcrit (%) is 0.26. The platelet distribution width (%) is 40.0. The platelet count (×10^9/L) is 263. The polymorphs (%) are 91. The red blood cell count (million/µL) is 3.6. The red cell distribution width (RDW-SD, fL) is 16.0. The white blood cell count (×10^9/L) is 12.5. The eosinophils (%) are 0. The serum creatinine (mg/dL) is 9.1. The blood urea (mg/dL) is 178.0. The glomerular filtration rate (mL/min/1.73m²) is 4.88.",CKD
"Based on the patient description, predict if they have CKD.","This patient is 50 years old, male. The age (years) is 50. The sex is male. The hemoglobin (g/dL) is 10.1. The hematocrit (%) is 27.4. The lymphocytes (%) are 11. The mean corpuscular hemoglobin (MCH, pg) is 33.0. The mean corpuscular hemoglobin concentration (MCHC, g/dL) is 36.0. The mean corpuscular volume (MCV, fL) is 92.0. The monocytes (%) are 6. The mean platelet volume (fL) is 9.2. The plateletcrit (%) is 0.18. The platelet distribution width (%) is 41.0. The platelet count (×10^9/L) is 199. The polymorphs (%) are 79. The red blood cell count (million/µL) is 2.9. The red cell distribution width (RDW-SD, fL) is 14.0. The white blood cell count (×10^9/L) is 10.4. The eosinophils (%) are 4. The serum creatinine (mg/dL) is 13.3. The blood urea (mg/dL) is 209.0. The glomerular filtration rate (mL/min/1.73m²) is 3.99.",CKD
"Based on the patient description, predict if they have CKD.","This patient is 67 years old, male. The age (years) is 67. The sex is male. The hemoglobin (g/dL) is 9.7. The hematocrit (%) is 27.0. The lymphocytes (%) are 17. The mean corpuscular hemoglobin (MCH, pg) is 28.2. The mean corpuscular hemoglobin concentration (MCHC, g/dL) is 35.9. The mean corpuscular volume (MCV, fL) is 78.0. The monocytes (%) are 3. The mean platelet volume (fL) is 10.6. The plateletcrit (%) is 0.1. The platelet distribution width (%) is 42.1. The platelet count (×10^9/L) is 168. The polymorphs (%) are 78. The red blood cell count (million/µL) is 3.4. The red cell distribution width (RDW-SD, fL) is 13.4. The white blood cell count (×10^9/L) is 11.0. The eosinophils (%) are 2. The serum creatinine (mg/dL) is 8.5. The blood urea (mg/dL) is 151.0. The glomerular filtration rate (mL/min/1.73m²) is 6.31.",CKD
"Based on the patient description, predict if they have CKD.","This patient is 45 years old, male. The age (years) is 45. The sex is male. The hemoglobin (g/dL) is 10.3. The hematocrit (%) is 29.0. The lymphocytes (%) are 14. The mean corpuscular hemoglobin (MCH, pg) is 31.0. The mean corpuscular hemoglobin concentration (MCHC, g/dL) is 35.0. The mean corpuscular volume (MCV, fL) is 88.0. The monocytes (%) are 3. The mean platelet volume (fL) is 8.8. The plateletcrit (%) is 0.17. The platelet distribution width (%) is 39.0. The platelet count (×10^9/L) is 192. The polymorphs (%) are 82. The red blood cell count (million/µL) is 3.3. The red cell distribution width (RDW-SD, fL) is 16.8. The white blood cell count (×10^9/L) is 8.7. The eosinophils (%) are 1. The serum creatinine (mg/dL) is 10.1. The blood urea (mg/dL) is 158.0. The glomerular filtration rate (mL/min/1.73m²) is 5.6.",CKD
"Based on the patient description, predict if they have CKD.","This patient is 53 years old, male. The age (years) is 53. The sex is male. The hemoglobin (g/dL) is 11.5. The hematocrit (%) is 32.94. The lymphocytes (%) are 12. The mean corpuscular hemoglobin (MCH, pg) is 32.0. The mean corpuscular hemoglobin concentration (MCHC, g/dL) is 34.0. The mean corpuscular volume (MCV, fL) is 92.0. The monocytes (%) are 4. The mean platelet volume (fL) is 11.4. The plateletcrit (%) is 0.14. The platelet distribution width (%) is 41.0. The platelet count (×10^9/L) is 127. The polymorphs (%) are 82. The red blood cell count (million/µL) is 3.56. The red cell distribution width (RDW-SD, fL) is 14.0. The white blood cell count (×10^9/L) is 5.8. The eosinophils (%) are 2. The serum creatinine (mg/dL) is 8.6. The blood urea (mg/dL) is 151.0. The glomerular filtration rate (mL/min/1.73m²) is 6.53.",CKD
"Based on the patient description, predict if they have CKD.","This patient is 35 years old, male. The age (years) is 35. The sex is male. The hemoglobin (g/dL) is 8.1. The hematocrit (%) is 21.0. The lymphocytes (%) are 25. The mean corpuscular hemoglobin (MCH, pg) is 30.0. The mean corpuscular hemoglobin concentration (MCHC, g/dL) is 36.0. The mean corpuscular volume (MCV, fL) is 82.0. The monocytes (%) are 8. The mean platelet volume (fL) is 9.4. The plateletcrit (%) is 0.27. The platelet distribution width (%) is 39.5. The platelet count (×10^9/L) is 286. The polymorphs (%) are 64. The red blood cell count (million/µL) is 2.6. The red cell distribution width (RDW-SD, fL) is 16.2. The white blood cell count (×10^9/L) is 6.1. The eosinophils (%) are 3. The serum creatinine (mg/dL) is 12.6. The blood urea (mg/dL) is 130.0. The glomerular filtration rate (mL/min/1.73m²) is 4.57.",CKD
"Based on the patient description, predict if they have CKD.","This patient is 49 years old, female. The age (years) is 49. The sex is female. The hemoglobin (g/dL) is 11.1. The hematocrit (%) is 31.0. The lymphocytes (%) are 15. The mean corpuscular hemoglobin (MCH, pg) is 29.0. The mean corpuscular hemoglobin concentration (MCHC, g/dL) is 35.0. The mean corpuscular volume (MCV, fL) is 83.0. The monocytes (%) are 6. The mean platelet volume (fL) is 9.8. The plateletcrit (%) is 0.38. The platelet distribution width (%) is 40.0. The platelet count (×10^9/L) is 389. The polymorphs (%) are 76. The red blood cell count (million/µL) is 3.7. The red cell distribution width (RDW-SD, fL) is 15.3. The white blood cell count (×10^9/L) is 7.7. The eosinophils (%) are 3. The serum creatinine (mg/dL) is 4.8. The blood urea (mg/dL) is 104.0. The glomerular filtration rate (mL/min/1.73m²) is 9.64.",CKD
"Based on the patient description, predict if they have CKD.","This patient is 27 years old, male. The age (years) is 27. The sex is male. The hemoglobin (g/dL) is 9.2. The hematocrit (%) is 25.0. The lymphocytes (%) are 31. The mean corpuscular hemoglobin (MCH, pg) is 31.0. The mean corpuscular hemoglobin concentration (MCHC, g/dL) is 36.0. The mean corpuscular volume (MCV, fL) is 86.0. The monocytes (%) are 5. The mean platelet volume (fL) is 8.3. The plateletcrit (%) is 0.12. The platelet distribution width (%) is 37.4. The platelet count (×10^9/L) is 141. The polymorphs (%) are 62. The red blood cell count (million/µL) is 2.9. The red cell distribution width (RDW-SD, fL) is 15.5. The white blood cell count (×10^9/L) is 7.8. The eosinophils (%) are 2. The serum creatinine (mg/dL) is 7.1. The blood urea (mg/dL) is 69.0. The glomerular filtration rate (mL/min/1.73m²) is 9.34.",CKD
"Based on the patient description, predict if they have CKD.","This patient is 66 years old, female. The age (years) is 66. The sex is female. The hemoglobin (g/dL) is 9.4. The hematocrit (%) is 26.0. The lymphocytes (%) are 13. The mean corpuscular hemoglobin (MCH, pg) is 30.0. The mean corpuscular hemoglobin concentration (MCHC, g/dL) is 35.0. The mean corpuscular volume (MCV, fL) is 85.0. The monocytes (%) are 3. The mean platelet volume (fL) is 11.5. The plateletcrit (%) is 0.17. The platelet distribution width (%) is 42.7. The platelet count (×10^9/L) is 145. The polymorphs (%) are 82. The red blood cell count (million/µL) is 3.1. The red cell distribution width (RDW-SD, fL) is 15.1. The white blood cell count (×10^9/L) is 5.9. The eosinophils (%) are 2. The serum creatinine (mg/dL) is 8.6. The blood urea (mg/dL) is 136.0. The glomerular filtration rate (mL/min/1.73m²) is 4.63.",CKD
"Based on the patient description, predict if they have CKD.","This patient is 64 years old, male. The age (years) is 64. The sex is male. The hemoglobin (g/dL) is 11.4. The hematocrit (%) is 31.7. The lymphocytes (%) are 23. The mean corpuscular hemoglobin (MCH, pg) is 32.8. The mean corpuscular hemoglobin concentration (MCHC, g/dL) is 35.8. The mean corpuscular volume (MCV, fL) is 92.0. The monocytes (%) are 4. The mean platelet volume (fL) is 9.4. The plateletcrit (%) is 0.09. The platelet distribution width (%) is 39.5. The platelet count (×10^9/L) is 100. The polymorphs (%) are 71. The red blood cell count (million/µL) is 3.4. The red cell distribution width (RDW-SD, fL) is 13.9. The white blood cell count (×10^9/L) is 6.0. The eosinophils (%) are 2. The serum creatinine (mg/dL) is 8.0. The blood urea (mg/dL) is 119.0. The glomerular filtration rate (mL/min/1.73m²) is 6.83.",CKD
"Based on the patient description, predict if they have CKD.","This patient is 36 years old, male. The age (years) is 36. The sex is male. The hemoglobin (g/dL) is 11.3. The hematocrit (%) is 34.2. The lymphocytes (%) are 26. The mean corpuscular hemoglobin (MCH, pg) is 29.8. The mean corpuscular hemoglobin concentration (MCHC, g/dL) is 33.2. The mean corpuscular volume (MCV, fL) is 89.8. The monocytes (%) are 4. The mean platelet volume (fL) is 8.8. The plateletcrit (%) is 0.1. The platelet distribution width (%) is 15.6. The platelet count (×10^9/L) is 177. The polymorphs (%) are 68. The red blood cell count (million/µL) is 3.8. The red cell distribution width (RDW-SD, fL) is 43.7. The white blood cell count (×10^9/L) is 5.8. The eosinophils (%) are 2. The serum creatinine (mg/dL) is 11.3. The blood urea (mg/dL) is 197.0. The glomerular filtration rate (mL/min/1.73m²) is 5.15.",CKD
"Based on the patient description, predict if they have CKD.","This patient is 45 years old, female. The age (years) is 45. The sex is female. The hemoglobin (g/dL) is 12.2. The hematocrit (%) is 37.3. The lymphocytes (%) are 48. The mean corpuscular hemoglobin (MCH, pg) is 34.8. The mean corpuscular hemoglobin concentration (MCHC, g/dL) is 32.7. The mean corpuscular volume (MCV, fL) is 106.3. The monocytes (%) are 6. The mean platelet volume (fL) is 10.2. The plateletcrit (%) is 0.1. The platelet distribution width (%) is 16.4. The platelet count (×10^9/L) is 195. The polymorphs (%) are 43. The red blood cell count (million/µL) is 3.5. The red cell distribution width (RDW-SD, fL) is 51.6. The white blood cell count (×10^9/L) is 6.1. The eosinophils (%) are 3. The serum creatinine (mg/dL) is 10.6. The blood urea (mg/dL) is 163.0. The glomerular filtration rate (mL/min/1.73m²) is 3.93.",CKD
"Based on the patient description, predict if they have CKD.","This patient is 49 years old, male. The age (years) is 49. The sex is male. The hemoglobin (g/dL) is 10.2. The hematocrit (%) is 28.3. The lymphocytes (%) are 19. The mean corpuscular hemoglobin (MCH, pg) is 33.4. The mean corpuscular hemoglobin concentration (MCHC, g/dL) is 35.9. The mean corpuscular volume (MCV, fL) is 93.0. The monocytes (%) are 4. The mean platelet volume (fL) is 8.7. The plateletcrit (%) is 0.2. The platelet distribution width (%) is 39.0. The platelet count (×10^9/L) is 289. The polymorphs (%) are 74. The red blood cell count (million/µL) is 3.0. The red cell distribution width (RDW-SD, fL) is 13.8. The white blood cell count (×10^9/L) is 9.4. The eosinophils (%) are 3. The serum creatinine (mg/dL) is 11.1. The blood urea (mg/dL) is 178.0. The glomerular filtration rate (mL/min/1.73m²) is 4.94.",CKD
"Based on the patient description, predict if they have CKD.","This patient is 33 years old, female. The age (years) is 33. The sex is female. The hemoglobin (g/dL) is 11.1. The hematocrit (%) is 43.0. The lymphocytes (%) are 14. The mean corpuscular hemoglobin (MCH, pg) is 26.0. The mean corpuscular hemoglobin concentration (MCHC, g/dL) is 30.0. The mean corpuscular volume (MCV, fL) is 96.0. The monocytes (%) are 10. The mean platelet volume (fL) is 9.5. The plateletcrit (%) is 0.22. The platelet distribution width (%) is 41.0. The platelet count (×10^9/L) is 181. The polymorphs (%) are 74. The red blood cell count (million/µL) is 3.2. The red cell distribution width (RDW-SD, fL) is 21.0. The white blood cell count (×10^9/L) is 5.6. The eosinophils (%) are 2. The serum creatinine (mg/dL) is 5.2. The blood urea (mg/dL) is 138.0. The glomerular filtration rate (mL/min/1.73m²) is 9.53.",CKD
"Based on the patient description, predict if they have CKD.","This patient is 43 years old, female. The age (years) is 43. The sex is female. The hemoglobin (g/dL) is 11.8. The hematocrit (%) is 35.7. The lymphocytes (%) are 19. The mean corpuscular hemoglobin (MCH, pg) is 32.7. The mean corpuscular hemoglobin concentration (MCHC, g/dL) is 33.0. The mean corpuscular volume (MCV, fL) is 99.2. The monocytes (%) are 4. The mean platelet volume (fL) is 11.8. The plateletcrit (%) is 0.1. The platelet distribution width (%) is 16.3. The platelet count (×10^9/L) is 145. The polymorphs (%) are 75. The red blood cell count (million/µL) is 3.6. The red cell distribution width (RDW-SD, fL) is 45.9. The white blood cell count (×10^9/L) is 10.5. The eosinophils (%) are 2. The serum creatinine (mg/dL) is 9.9. The blood urea (mg/dL) is 165.0. The glomerular filtration rate (mL/min/1.73m²) is 4.29.",CKD
"Based on the patient description, predict if they have CKD.","This patient is 68 years old, female. The age (years) is 68. The sex is female. The hemoglobin (g/dL) is 10.6. The hematocrit (%) is 33.4. The lymphocytes (%) are 27. The mean corpuscular hemoglobin (MCH, pg) is 27.7. The mean corpuscular hemoglobin concentration (MCHC, g/dL) is 31.7. The mean corpuscular volume (MCV, fL) is 87.5. The monocytes (%) are 5. The mean platelet volume (fL) is 10.7. The plateletcrit (%) is 0.1. The platelet distribution width (%) is 15.5. The platelet count (×10^9/L) is 145. The polymorphs (%) are 65. The red blood cell count (million/µL) is 3.8. The red cell distribution width (RDW-SD, fL) is 49.0. The white blood cell count (×10^9/L) is 7.3. The eosinophils (%) are 3. The serum creatinine (mg/dL) is 5.3. The blood urea (mg/dL) is 165.0. The glomerular filtration rate (mL/min/1.73m²) is 8.05.",CKD
"Based on the patient description, predict if they have CKD.","This patient is 68 years old, female. The age (years) is 68. The sex is female. The hemoglobin (g/dL) is 10.6. The hematocrit (%) is 34.2. The lymphocytes (%) are 20. The mean corpuscular hemoglobin (MCH, pg) is 29.8. The mean corpuscular hemoglobin concentration (MCHC, g/dL) is 33.3. The mean corpuscular volume (MCV, fL) is 89.5. The monocytes (%) are 6. The mean platelet volume (fL) is 10.4. The plateletcrit (%) is 0.1. The platelet distribution width (%) is 16.2. The platelet count (×10^9/L) is 156. The polymorphs (%) are 71. The red blood cell count (million/µL) is 3.8. The red cell distribution width (RDW-SD, fL) is 44.7. The white blood cell count (×10^9/L) is 5.7. The eosinophils (%) are 3. The serum creatinine (mg/dL) is 8.1. The blood urea (mg/dL) is 147.0. The glomerular filtration rate (mL/min/1.73m²) is 4.93.",CKD
"Based on the patient description, predict if they have CKD.","This patient is 56 years old, male. The age (years) is 56. The sex is male. The hemoglobin (g/dL) is 12.6. The hematocrit (%) is 50.0. The lymphocytes (%) are 21. The mean corpuscular hemoglobin (MCH, pg) is 26.0. The mean corpuscular hemoglobin concentration (MCHC, g/dL) is 31.0. The mean corpuscular volume (MCV, fL) is 96.0. The monocytes (%) are 10. The mean platelet volume (fL) is 9.4. The plateletcrit (%) is 0.12. The platelet distribution width (%) is 40.0. The platelet count (×10^9/L) is 139. The polymorphs (%) are 61. The red blood cell count (million/µL) is 4.3. The red cell distribution width (RDW-SD, fL) is 20.0. The white blood cell count (×10^9/L) is 8.9. The eosinophils (%) are 8. The serum creatinine (mg/dL) is 13.3. The blood urea (mg/dL) is 156.0. The glomerular filtration rate (mL/min/1.73m²) is 3.9.",CKD
"Based on the patient description, predict if they have CKD.","This patient is 12 years old, female. The age (years) is 12. The sex is female. The hemoglobin (g/dL) is 9.9. The hematocrit (%) is 31.0. The lymphocytes (%) are 25. The mean corpuscular hemoglobin (MCH, pg) is 20.0. The mean corpuscular hemoglobin concentration (MCHC, g/dL) is 31.0. The mean corpuscular volume (MCV, fL) is 63.0. The monocytes (%) are 4. The mean platelet volume (fL) is 8.5. The plateletcrit (%) is 0.21. The platelet distribution width (%) is 14.8. The platelet count (×10^9/L) is 246. The polymorphs (%) are 69. The red blood cell count (million/µL) is 5.0. The red cell distribution width (RDW-SD, fL) is 36.1. The white blood cell count (×10^9/L) is 9.0. The eosinophils (%) are 2. The serum creatinine (mg/dL) is 6.4. The blood urea (mg/dL) is 116.0. The glomerular filtration rate (mL/min/1.73m²) is 9.21.",CKD
"Based on the patient description, predict if they have CKD.","This patient is 58 years old, female. The age (years) is 58. The sex is female. The hemoglobin (g/dL) is 11.0. The hematocrit (%) is 32.4. The lymphocytes (%) are 21. The mean corpuscular hemoglobin (MCH, pg) is 30.9. The mean corpuscular hemoglobin concentration (MCHC, g/dL) is 34.0. The mean corpuscular volume (MCV, fL) is 91.0. The monocytes (%) are 5. The mean platelet volume (fL) is 9.2. The plateletcrit (%) is 0.1. The platelet distribution width (%) is 37.6. The platelet count (×10^9/L) is 191. The polymorphs (%) are 72. The red blood cell count (million/µL) is 3.5. The red cell distribution width (RDW-SD, fL) is 13.7. The white blood cell count (×10^9/L) is 7.6. The eosinophils (%) are 2. The serum creatinine (mg/dL) is 11.2. The blood urea (mg/dL) is 285.0. The glomerular filtration rate (mL/min/1.73m²) is 3.5.",CKD
"Based on the patient description, predict if they have CKD.","This patient is 53 years old, male. The age (years) is 53. The sex is male. The hemoglobin (g/dL) is 7.4. The hematocrit (%) is 21.2. The lymphocytes (%) are 20. The mean corpuscular hemoglobin (MCH, pg) is 31.9. The mean corpuscular hemoglobin concentration (MCHC, g/dL) is 35.0. The mean corpuscular volume (MCV, fL) is 91.0. The monocytes (%) are 5. The mean platelet volume (fL) is 9.8. The plateletcrit (%) is 0.2. The platelet distribution width (%) is 39.6. The platelet count (×10^9/L) is 237. The polymorphs (%) are 73. The red blood cell count (million/µL) is 2.3. The red cell distribution width (RDW-SD, fL) is 14.8. The white blood cell count (×10^9/L) is 4.5. The eosinophils (%) are 2. The serum creatinine (mg/dL) is 10.1. The blood urea (mg/dL) is 184.0. The glomerular filtration rate (mL/min/1.73m²) is 5.42.",CKD
"Based on the patient description, predict if they have CKD.","This patient is 38 years old, male. The age (years) is 38. The sex is male. The hemoglobin (g/dL) is 10.4. The hematocrit (%) is 30.8. The lymphocytes (%) are 19. The mean corpuscular hemoglobin (MCH, pg) is 29.6. The mean corpuscular hemoglobin concentration (MCHC, g/dL) is 33.9. The mean corpuscular volume (MCV, fL) is 87.4. The monocytes (%) are 4. The mean platelet volume (fL) is 9.6. The plateletcrit (%) is 0.1. The platelet distribution width (%) is 15.8. The platelet count (×10^9/L) is 162. The polymorphs (%) are 75. The red blood cell count (million/µL) is 3.5. The red cell distribution width (RDW-SD, fL) is 47.0. The white blood cell count (×10^9/L) is 5.4. The eosinophils (%) are 2. The serum creatinine (mg/dL) is 10.7. The blood urea (mg/dL) is 139.0. The glomerular filtration rate (mL/min/1.73m²) is 5.43.",CKD
"Based on the patient description, predict if they have CKD.","This patient is 39 years old, male. The age (years) is 39. The sex is male. The hemoglobin (g/dL) is 10.6. The hematocrit (%) is 29.9. The lymphocytes (%) are 22. The mean corpuscular hemoglobin (MCH, pg) is 32.0. The mean corpuscular hemoglobin concentration (MCHC, g/dL) is 35.3. The mean corpuscular volume (MCV, fL) is 91.0. The monocytes (%) are 6. The mean platelet volume (fL) is 10.9. The plateletcrit (%) is 0.1. The platelet distribution width (%) is 41.9. The platelet count (×10^9/L) is 189. The polymorphs (%) are 69. The red blood cell count (million/µL) is 3.3. The red cell distribution width (RDW-SD, fL) is 15.0. The white blood cell count (×10^9/L) is 5.5. The eosinophils (%) are 3. The serum creatinine (mg/dL) is 6.0. The blood urea (mg/dL) is 97.0. The glomerular filtration rate (mL/min/1.73m²) is 10.52.",CKD
"Based on the patient description, predict if they have CKD.","This patient is 18 years old, male. The age (years) is 18. The sex is male. The hemoglobin (g/dL) is 6.9. The hematocrit (%) is 18.9. The lymphocytes (%) are 24. The mean corpuscular hemoglobin (MCH, pg) is 29.2. The mean corpuscular hemoglobin concentration (MCHC, g/dL) is 36.4. The mean corpuscular volume (MCV, fL) is 80.0. The monocytes (%) are 4. The mean platelet volume (fL) is 7.7. The plateletcrit (%) is 0.1. The platelet distribution width (%) is 37.2. The platelet count (×10^9/L) is 145. The polymorphs (%) are 70. The red blood cell count (million/µL) is 2.3. The red cell distribution width (RDW-SD, fL) is 16.3. The white blood cell count (×10^9/L) is 5.7. The eosinophils (%) are 2. The serum creatinine (mg/dL) is 12.7. The blood urea (mg/dL) is nan. The glomerular filtration rate (mL/min/1.73m²) is 5.18.",CKD
"Based on the patient description, predict if they have CKD.","This patient is 71 years old, female. The age (years) is 71. The sex is female. The hemoglobin (g/dL) is 10.5. The hematocrit (%) is 30.0. The lymphocytes (%) are 20. The mean corpuscular hemoglobin (MCH, pg) is 28.0. The mean corpuscular hemoglobin concentration (MCHC, g/dL) is 34.0. The mean corpuscular volume (MCV, fL) is 80.0. The monocytes (%) are 5. The mean platelet volume (fL) is 6.9. The plateletcrit (%) is 0.11. The platelet distribution width (%) is 36.0. The platelet count (×10^9/L) is 159. The polymorphs (%) are 72. The red blood cell count (million/µL) is 3.7. The red cell distribution width (RDW-SD, fL) is 15.9. The white blood cell count (×10^9/L) is 5.7. The eosinophils (%) are 3. The serum creatinine (mg/dL) is 8.3. The blood urea (mg/dL) is 175.0. The glomerular filtration rate (mL/min/1.73m²) is 4.75.",CKD
"Based on the patient description, predict if they have CKD.","This patient is 75 years old, female. The age (years) is 75. The sex is female. The hemoglobin (g/dL) is 11.3. The hematocrit (%) is 30.0. The lymphocytes (%) are 32. The mean corpuscular hemoglobin (MCH, pg) is 27.0. The mean corpuscular hemoglobin concentration (MCHC, g/dL) is 37.0. The mean corpuscular volume (MCV, fL) is 75.0. The monocytes (%) are 6. The mean platelet volume (fL) is 8.9. The plateletcrit (%) is 0.11. The platelet distribution width (%) is 38.4. The platelet count (×10^9/L) is 127. The polymorphs (%) are 59. The red blood cell count (million/µL) is 4.0. The red cell distribution width (RDW-SD, fL) is 16.5. The white blood cell count (×10^9/L) is 7.8. The eosinophils (%) are 3. The serum creatinine (mg/dL) is 5.7. The blood urea (mg/dL) is 91.0. The glomerular filtration rate (mL/min/1.73m²) is 7.25.",CKD
"Based on the patient description, predict if they have CKD.","This patient is 28 years old, male. The age (years) is 28. The sex is male. The hemoglobin (g/dL) is 11.2. The hematocrit (%) is 31.0. The lymphocytes (%) are 40. The mean corpuscular hemoglobin (MCH, pg) is 32.0. The mean corpuscular hemoglobin concentration (MCHC, g/dL) is 35.0. The mean corpuscular volume (MCV, fL) is 91.0. The monocytes (%) are 5. The mean platelet volume (fL) is 8.7. The plateletcrit (%) is 0.1. The platelet distribution width (%) is 39.4. The platelet count (×10^9/L) is 114. The polymorphs (%) are 53. The red blood cell count (million/µL) is 3.4. The red cell distribution width (RDW-SD, fL) is 14.3. The white blood cell count (×10^9/L) is 4.1. The eosinophils (%) are 2. The serum creatinine (mg/dL) is 9.6. The blood urea (mg/dL) is nan. The glomerular filtration rate (mL/min/1.73m²) is 6.54.",CKD
"Based on the patient description, predict if they have CKD.","This patient is 40 years old, male. The age (years) is 40. The sex is male. The hemoglobin (g/dL) is 11.0. The hematocrit (%) is 31.0. The lymphocytes (%) are 17. The mean corpuscular hemoglobin (MCH, pg) is 29.0. The mean corpuscular hemoglobin concentration (MCHC, g/dL) is 34.0. The mean corpuscular volume (MCV, fL) is 84.0. The monocytes (%) are 5. The mean platelet volume (fL) is 8.3. The plateletcrit (%) is 0.15. The platelet distribution width (%) is 34.7. The platelet count (×10^9/L) is 184. The polymorphs (%) are 75. The red blood cell count (million/µL) is 3.7. The red cell distribution width (RDW-SD, fL) is 15.2. The white blood cell count (×10^9/L) is 6.5. The eosinophils (%) are 3. The serum creatinine (mg/dL) is 8.9. The blood urea (mg/dL) is 129.0. The glomerular filtration rate (mL/min/1.73m²) is 6.64.",CKD
"Based on the patient description, predict if they have CKD.","This patient is 26 years old, female. The age (years) is 26. The sex is female. The hemoglobin (g/dL) is 9.1. The hematocrit (%) is 26.0. The lymphocytes (%) are 21. The mean corpuscular hemoglobin (MCH, pg) is 33.0. The mean corpuscular hemoglobin concentration (MCHC, g/dL) is 34.0. The mean corpuscular volume (MCV, fL) is 96.0. The monocytes (%) are 4. The mean platelet volume (fL) is 9.0. The plateletcrit (%) is 0.09. The platelet distribution width (%) is 40.4. The platelet count (×10^9/L) is 102. The polymorphs (%) are 73. The red blood cell count (million/µL) is 2.7. The red cell distribution width (RDW-SD, fL) is 13.0. The white blood cell count (×10^9/L) is 5.2. The eosinophils (%) are 2. The serum creatinine (mg/dL) is 7.5. The blood urea (mg/dL) is 71.0. The glomerular filtration rate (mL/min/1.73m²) is 6.55.",CKD
"Based on the patient description, predict if they have CKD.","This patient is 30 years old, female. The age (years) is 30. The sex is female. The hemoglobin (g/dL) is 9.6. The hematocrit (%) is 26.6. The lymphocytes (%) are 11. The mean corpuscular hemoglobin (MCH, pg) is 35.0. The mean corpuscular hemoglobin concentration (MCHC, g/dL) is 37.3. The mean corpuscular volume (MCV, fL) is 94.0. The monocytes (%) are 3. The mean platelet volume (fL) is 7.7. The plateletcrit (%) is 0.2. The platelet distribution width (%) is 35.8. The platelet count (×10^9/L) is 255. The polymorphs (%) are 84. The red blood cell count (million/µL) is 2.7. The red cell distribution width (RDW-SD, fL) is 16.5. The white blood cell count (×10^9/L) is 9.9. The eosinophils (%) are 2. The serum creatinine (mg/dL) is 9.6. The blood urea (mg/dL) is 127.0. The glomerular filtration rate (mL/min/1.73m²) is 4.79.",CKD
"Based on the patient description, predict if they have CKD.","This patient is 39 years old, male. The age (years) is 39. The sex is male. The hemoglobin (g/dL) is 12.3. The hematocrit (%) is 35.0. The lymphocytes (%) are 22. The mean corpuscular hemoglobin (MCH, pg) is 26.0. The mean corpuscular hemoglobin concentration (MCHC, g/dL) is 34.0. The mean corpuscular volume (MCV, fL) is 77.0. The monocytes (%) are 2. The mean platelet volume (fL) is 11.1. The plateletcrit (%) is 0.13. The platelet distribution width (%) is 41.1. The platelet count (×10^9/L) is 119. The polymorphs (%) are 75. The red blood cell count (million/µL) is 4.6. The red cell distribution width (RDW-SD, fL) is 14.6. The white blood cell count (×10^9/L) is 10.4. The eosinophils (%) are 1. The serum creatinine (mg/dL) is 12.0. The blood urea (mg/dL) is 188.0. The glomerular filtration rate (mL/min/1.73m²) is 4.73.",CKD
"Based on the patient description, predict if they have CKD.","This patient is 71 years old, male. The age (years) is 71. The sex is male. The hemoglobin (g/dL) is 10.2. The hematocrit (%) is 29.0. The lymphocytes (%) are 27. The mean corpuscular hemoglobin (MCH, pg) is 22.0. The mean corpuscular hemoglobin concentration (MCHC, g/dL) is 34.0. The mean corpuscular volume (MCV, fL) is 65.0. The monocytes (%) are 4. The mean platelet volume (fL) is 8.5. The plateletcrit (%) is 0.18. The platelet distribution width (%) is 40.2. The platelet count (×10^9/L) is 213. The polymorphs (%) are 67. The red blood cell count (million/µL) is 4.5. The red cell distribution width (RDW-SD, fL) is 17.6. The white blood cell count (×10^9/L) is 10.7. The eosinophils (%) are 2. The serum creatinine (mg/dL) is 6.0. The blood urea (mg/dL) is 108.0. The glomerular filtration rate (mL/min/1.73m²) is 9.32.",CKD
"Based on the patient description, predict if they have CKD.","This patient is 43 years old, male. The age (years) is 43. The sex is male. The hemoglobin (g/dL) is 11.7. The hematocrit (%) is 33.2. The lymphocytes (%) are 24. The mean corpuscular hemoglobin (MCH, pg) is 32.5. The mean corpuscular hemoglobin concentration (MCHC, g/dL) is 35.4. The mean corpuscular volume (MCV, fL) is 92.0. The monocytes (%) are 4. The mean platelet volume (fL) is 8.3. The plateletcrit (%) is 0.1. The platelet distribution width (%) is 37.4. The platelet count (×10^9/L) is 123. The polymorphs (%) are 70. The red blood cell count (million/µL) is 3.6. The red cell distribution width (RDW-SD, fL) is 13.1. The white blood cell count (×10^9/L) is 5.9. The eosinophils (%) are 2. The serum creatinine (mg/dL) is 14.2. The blood urea (mg/dL) is 170.0. The glomerular filtration rate (mL/min/1.73m²) is 3.82.",CKD
"Based on the patient description, predict if they have CKD.","This patient is 72 years old, female. The age (years) is 72. The sex is female. The hemoglobin (g/dL) is 10.1. The hematocrit (%) is 28.0. The lymphocytes (%) are 33. The mean corpuscular hemoglobin (MCH, pg) is 30.0. The mean corpuscular hemoglobin concentration (MCHC, g/dL) is 35.0. The mean corpuscular volume (MCV, fL) is 86.0. The monocytes (%) are 4. The mean platelet volume (fL) is 9.7. The plateletcrit (%) is 0.18. The platelet distribution width (%) is 41.8. The platelet count (×10^9/L) is 189. The polymorphs (%) are 61. The red blood cell count (million/µL) is 3.3. The red cell distribution width (RDW-SD, fL) is 17.2. The white blood cell count (×10^9/L) is 5.3. The eosinophils (%) are 2. The serum creatinine (mg/dL) is 8.6. The blood urea (mg/dL) is 76.0. The glomerular filtration rate (mL/min/1.73m²) is 4.55.",CKD
"Based on the patient description, predict if they have CKD.","This patient is 44 years old, male. The age (years) is 44. The sex is male. The hemoglobin (g/dL) is 10.6. The hematocrit (%) is 30.7. The lymphocytes (%) are 32. The mean corpuscular hemoglobin (MCH, pg) is 29.6. The mean corpuscular hemoglobin concentration (MCHC, g/dL) is 34.4. The mean corpuscular volume (MCV, fL) is 86.0. The monocytes (%) are 5. The mean platelet volume (fL) is 10.5. The plateletcrit (%) is 0.1. The platelet distribution width (%) is 42.2. The platelet count (×10^9/L) is 126. The polymorphs (%) are 61. The red blood cell count (million/µL) is 3.5. The red cell distribution width (RDW-SD, fL) is 15.3. The white blood cell count (×10^9/L) is 5.5. The eosinophils (%) are 2. The serum creatinine (mg/dL) is 7.9. The blood urea (mg/dL) is 99.0. The glomerular filtration rate (mL/min/1.73m²) is 7.47.",CKD
"Based on the patient description, predict if they have CKD.","This patient is 68 years old, female. The age (years) is 68. The sex is female. The hemoglobin (g/dL) is 11.9. The hematocrit (%) is 33.6. The lymphocytes (%) are 12. The mean corpuscular hemoglobin (MCH, pg) is 29.5. The mean corpuscular hemoglobin concentration (MCHC, g/dL) is 35.5. The mean corpuscular volume (MCV, fL) is 83.0. The monocytes (%) are 3. The mean platelet volume (fL) is 10.7. The plateletcrit (%) is 0.1. The platelet distribution width (%) is 43.0. The platelet count (×10^9/L) is 155. The polymorphs (%) are 83. The red blood cell count (million/µL) is 4.0. The red cell distribution width (RDW-SD, fL) is 15.3. The white blood cell count (×10^9/L) is 9.2. The eosinophils (%) are 2. The serum creatinine (mg/dL) is 6.5. The blood urea (mg/dL) is 84.0. The glomerular filtration rate (mL/min/1.73m²) is 6.36.",CKD
"Based on the patient description, predict if they have CKD.","This patient is 31 years old, female. The age (years) is 31. The sex is female. The hemoglobin (g/dL) is 9.6. The hematocrit (%) is 26.9. The lymphocytes (%) are 22. The mean corpuscular hemoglobin (MCH, pg) is 30.5. The mean corpuscular hemoglobin concentration (MCHC, g/dL) is 35.7. The mean corpuscular volume (MCV, fL) is 85.0. The monocytes (%) are 4. The mean platelet volume (fL) is 8.5. The plateletcrit (%) is 0.1. The platelet distribution width (%) is 39.6. The platelet count (×10^9/L) is 178. The polymorphs (%) are 72. The red blood cell count (million/µL) is 3.1. The red cell distribution width (RDW-SD, fL) is 17.9. The white blood cell count (×10^9/L) is 5.1. The eosinophils (%) are 2. The serum creatinine (mg/dL) is 11.1. The blood urea (mg/dL) is 178.0. The glomerular filtration rate (mL/min/1.73m²) is 4.02.",CKD
"Based on the patient description, predict if they have CKD.","This patient is 68 years old, male. The age (years) is 68. The sex is male. The hemoglobin (g/dL) is 9.2. The hematocrit (%) is 25.0. The lymphocytes (%) are 11. The mean corpuscular hemoglobin (MCH, pg) is 35.0. The mean corpuscular hemoglobin concentration (MCHC, g/dL) is 35.0. The mean corpuscular volume (MCV, fL) is 99.0. The monocytes (%) are 3. The mean platelet volume (fL) is 9.5. The plateletcrit (%) is 0.2. The platelet distribution width (%) is 39.6. The platelet count (×10^9/L) is 212. The polymorphs (%) are 84. The red blood cell count (million/µL) is 2.5. The red cell distribution width (RDW-SD, fL) is 13.9. The white blood cell count (×10^9/L) is 6.0. The eosinophils (%) are 2. The serum creatinine (mg/dL) is 12.8. The blood urea (mg/dL) is 191.0. The glomerular filtration rate (mL/min/1.73m²) is 3.92.",CKD
"Based on the patient description, predict if they have CKD.","This patient is 32 years old, male. The age (years) is 32. The sex is male. The hemoglobin (g/dL) is 7.0. The hematocrit (%) is 19.0. The lymphocytes (%) are 16. The mean corpuscular hemoglobin (MCH, pg) is 31.2. The mean corpuscular hemoglobin concentration (MCHC, g/dL) is 37.1. The mean corpuscular volume (MCV, fL) is 84.0. The monocytes (%) are 5. The mean platelet volume (fL) is 8.4. The plateletcrit (%) is 0.1. The platelet distribution width (%) is 38.4. The platelet count (×10^9/L) is 208. The polymorphs (%) are 76. The red blood cell count (million/µL) is 2.2. The red cell distribution width (RDW-SD, fL) is 14.1. The white blood cell count (×10^9/L) is 5.9. The eosinophils (%) are 3. The serum creatinine (mg/dL) is 15.0. The blood urea (mg/dL) is 198.0. The glomerular filtration rate (mL/min/1.73m²) is 3.8.",CKD
"Based on the patient description, predict if they have CKD.","This patient is 47 years old, female. The age (years) is 47. The sex is female. The hemoglobin (g/dL) is 9.6. The hematocrit (%) is 26.9. The lymphocytes (%) are 23. The mean corpuscular hemoglobin (MCH, pg) is 28.7. The mean corpuscular hemoglobin concentration (MCHC, g/dL) is 35.4. The mean corpuscular volume (MCV, fL) is 81.0. The monocytes (%) are 3. The mean platelet volume (fL) is 8.9. The plateletcrit (%) is 0.1. The platelet distribution width (%) is 39.4. The platelet count (×10^9/L) is 218. The polymorphs (%) are 72. The red blood cell count (million/µL) is 3.3. The red cell distribution width (RDW-SD, fL) is 15.3. The white blood cell count (×10^9/L) is 10.7. The eosinophils (%) are 2. The serum creatinine (mg/dL) is 7.3. The blood urea (mg/dL) is 104.0. The glomerular filtration rate (mL/min/1.73m²) is 5.99.",CKD
"Based on the patient description, predict if they have CKD.","This patient is 49 years old, male. The age (years) is 49. The sex is male. The hemoglobin (g/dL) is 9.0. The hematocrit (%) is 24.0. The lymphocytes (%) are 26. The mean corpuscular hemoglobin (MCH, pg) is 31.0. The mean corpuscular hemoglobin concentration (MCHC, g/dL) is 37.0. The mean corpuscular volume (MCV, fL) is 84.0. The monocytes (%) are 10. The mean platelet volume (fL) is 7.7. The plateletcrit (%) is 0.07. The platelet distribution width (%) is 35.2. The platelet count (×10^9/L) is 95. The polymorphs (%) are 60. The red blood cell count (million/µL) is 2.8. The red cell distribution width (RDW-SD, fL) is 16.2. The white blood cell count (×10^9/L) is 5.5. The eosinophils (%) are 4. The serum creatinine (mg/dL) is 12.4. The blood urea (mg/dL) is 144.0. The glomerular filtration rate (mL/min/1.73m²) is 4.35.",CKD
"Based on the patient description, predict if they have CKD.","This patient is 32 years old, male. The age (years) is 32. The sex is male. The hemoglobin (g/dL) is 10.5. The hematocrit (%) is 29.0. The lymphocytes (%) are 18. The mean corpuscular hemoglobin (MCH, pg) is 32.0. The mean corpuscular hemoglobin concentration (MCHC, g/dL) is 36.0. The mean corpuscular volume (MCV, fL) is 91.0. The monocytes (%) are 7. The mean platelet volume (fL) is 9.8. The plateletcrit (%) is 0.17. The platelet distribution width (%) is 41.2. The platelet count (×10^9/L) is 172. The polymorphs (%) are 71. The red blood cell count (million/µL) is 3.1. The red cell distribution width (RDW-SD, fL) is 12.9. The white blood cell count (×10^9/L) is 4.5. The eosinophils (%) are 4. The serum creatinine (mg/dL) is 9.6. The blood urea (mg/dL) is 145.0. The glomerular filtration rate (mL/min/1.73m²) is 6.37.",CKD
"Based on the patient description, predict if they have CKD.","This patient is 62 years old, male. The age (years) is 62. The sex is male. The hemoglobin (g/dL) is 9.2. The hematocrit (%) is 26.0. The lymphocytes (%) are 14. The mean corpuscular hemoglobin (MCH, pg) is 22.0. The mean corpuscular hemoglobin concentration (MCHC, g/dL) is 35.0. The mean corpuscular volume (MCV, fL) is 62.0. The monocytes (%) are 5. The mean platelet volume (fL) is 7.4. The plateletcrit (%) is 0.13. The platelet distribution width (%) is 38.6. The platelet count (×10^9/L) is 177. The polymorphs (%) are 79. The red blood cell count (million/µL) is 4.1. The red cell distribution width (RDW-SD, fL) is 16.9. The white blood cell count (×10^9/L) is 10.1. The eosinophils (%) are 2. The serum creatinine (mg/dL) is 7.7. The blood urea (mg/dL) is 114.0. The glomerular filtration rate (mL/min/1.73m²) is 7.18.",CKD
"Based on the patient description, predict if they have CKD.","This patient is 53 years old, female. The age (years) is 53. The sex is female. The hemoglobin (g/dL) is 8.7. The hematocrit (%) is 24.0. The lymphocytes (%) are 26. The mean corpuscular hemoglobin (MCH, pg) is 22.0. The mean corpuscular hemoglobin concentration (MCHC, g/dL) is 36.0. The mean corpuscular volume (MCV, fL) is 61.0. The monocytes (%) are 6. The mean platelet volume (fL) is 7.5. The plateletcrit (%) is 0.11. The platelet distribution width (%) is 37.2. The platelet count (×10^9/L) is 141. The polymorphs (%) are 65. The red blood cell count (million/µL) is 3.9. The red cell distribution width (RDW-SD, fL) is 18.7. The white blood cell count (×10^9/L) is 5.6. The eosinophils (%) are 3. The serum creatinine (mg/dL) is 5.2. The blood urea (mg/dL) is 56.0. The glomerular filtration rate (mL/min/1.73m²) is 8.65.",CKD
"Based on the patient description, predict if they have CKD.","This patient is 43 years old, male. The age (years) is 43. The sex is male. The hemoglobin (g/dL) is 10.6. The hematocrit (%) is 30.0. The lymphocytes (%) are 10. The mean corpuscular hemoglobin (MCH, pg) is 28.0. The mean corpuscular hemoglobin concentration (MCHC, g/dL) is 34.0. The mean corpuscular volume (MCV, fL) is 82.0. The monocytes (%) are 2. The mean platelet volume (fL) is 10.9. The plateletcrit (%) is 0.23. The platelet distribution width (%) is 41.1. The platelet count (×10^9/L) is 210. The polymorphs (%) are 87. The red blood cell count (million/µL) is 3.7. The red cell distribution width (RDW-SD, fL) is 14.3. The white blood cell count (×10^9/L) is 7.7. The eosinophils (%) are 1. The serum creatinine (mg/dL) is 9.2. The blood urea (mg/dL) is 156.0. The glomerular filtration rate (mL/min/1.73m²) is 6.3.",CKD
"Based on the patient description, predict if they have CKD.","This patient is 29 years old, female. The age (years) is 29. The sex is female. The hemoglobin (g/dL) is 9.2. The hematocrit (%) is 25.5. The lymphocytes (%) are 24. The mean corpuscular hemoglobin (MCH, pg) is 32.8. The mean corpuscular hemoglobin concentration (MCHC, g/dL) is 36.0. The mean corpuscular volume (MCV, fL) is 91.0. The monocytes (%) are 5. The mean platelet volume (fL) is 9.7. The plateletcrit (%) is 0.1. The platelet distribution width (%) is 39.3. The platelet count (×10^9/L) is 179. The polymorphs (%) are 68. The red blood cell count (million/µL) is 2.8. The red cell distribution width (RDW-SD, fL) is 14.6. The white blood cell count (×10^9/L) is 7.3. The eosinophils (%) are 3. The serum creatinine (mg/dL) is 9.8. The blood urea (mg/dL) is 136.0. The glomerular filtration rate (mL/min/1.73m²) is 4.71.",CKD
"Based on the patient description, predict if they have CKD.","This patient is 32 years old, male. The age (years) is 32. The sex is male. The hemoglobin (g/dL) is 10.2. The hematocrit (%) is 28.21. The lymphocytes (%) are 28. The mean corpuscular hemoglobin (MCH, pg) is 35.0. The mean corpuscular hemoglobin concentration (MCHC, g/dL) is 36.0. The mean corpuscular volume (MCV, fL) is 97.0. The monocytes (%) are 8. The mean platelet volume (fL) is 7.6. The plateletcrit (%) is 0.11. The platelet distribution width (%) is 36.0. The platelet count (×10^9/L) is 151. The polymorphs (%) are 60. The red blood cell count (million/µL) is 2.9. The red cell distribution width (RDW-SD, fL) is 12.0. The white blood cell count (×10^9/L) is 4.8. The eosinophils (%) are 4. The serum creatinine (mg/dL) is 12.9. The blood urea (mg/dL) is 143.0. The glomerular filtration rate (mL/min/1.73m²) is 4.53.",CKD
"Based on the patient description, predict if they have CKD.","This patient is 42 years old, male. The age (years) is 42. The sex is male. The hemoglobin (g/dL) is 9.4. The hematocrit (%) is 26.0. The lymphocytes (%) are 11. The mean corpuscular hemoglobin (MCH, pg) is 32.0. The mean corpuscular hemoglobin concentration (MCHC, g/dL) is 35.0. The mean corpuscular volume (MCV, fL) is 92.0. The monocytes (%) are 8. The mean platelet volume (fL) is 10.5. The plateletcrit (%) is 0.19. The platelet distribution width (%) is 41.9. The platelet count (×10^9/L) is 180. The polymorphs (%) are 77. The red blood cell count (million/µL) is 2.8. The red cell distribution width (RDW-SD, fL) is 14.5. The white blood cell count (×10^9/L) is 5.8. The eosinophils (%) are 4. The serum creatinine (mg/dL) is 10.6. The blood urea (mg/dL) is 171.0. The glomerular filtration rate (mL/min/1.73m²) is 5.37.",CKD
"Based on the patient description, predict if they have CKD.","This patient is 62 years old, male. The age (years) is 62. The sex is male. The hemoglobin (g/dL) is 10.1. The hematocrit (%) is 28.8. The lymphocytes (%) are 22. The mean corpuscular hemoglobin (MCH, pg) is 28.4. The mean corpuscular hemoglobin concentration (MCHC, g/dL) is 34.9. The mean corpuscular volume (MCV, fL) is 81.0. The monocytes (%) are 4. The mean platelet volume (fL) is 7.2. The plateletcrit (%) is 0.1. The platelet distribution width (%) is 36.9. The platelet count (×10^9/L) is 172. The polymorphs (%) are 72. The red blood cell count (million/µL) is 3.5. The red cell distribution width (RDW-SD, fL) is 15.5. The white blood cell count (×10^9/L) is 6.9. The eosinophils (%) are 2. The serum creatinine (mg/dL) is 10.9. The blood urea (mg/dL) is 153.0. The glomerular filtration rate (mL/min/1.73m²) is 4.81.",CKD
"Based on the patient description, predict if they have CKD.","This patient is 73 years old, female. The age (years) is 73. The sex is female. The hemoglobin (g/dL) is 10.0. The hematocrit (%) is 28.9. The lymphocytes (%) are 42. The mean corpuscular hemoglobin (MCH, pg) is 29.5. The mean corpuscular hemoglobin concentration (MCHC, g/dL) is 34.6. The mean corpuscular volume (MCV, fL) is 85.0. The monocytes (%) are 4. The mean platelet volume (fL) is 7.4. The plateletcrit (%) is 0.1. The platelet distribution width (%) is 37.2. The platelet count (×10^9/L) is 145. The polymorphs (%) are 52. The red blood cell count (million/µL) is 3.3. The red cell distribution width (RDW-SD, fL) is 13.6. The white blood cell count (×10^9/L) is 4.8. The eosinophils (%) are 2. The serum creatinine (mg/dL) is 4.8. The blood urea (mg/dL) is 69.0. The glomerular filtration rate (mL/min/1.73m²) is 8.89.",CKD
"Based on the patient description, predict if they have CKD.","This patient is 48 years old, male. The age (years) is 48. The sex is male. The hemoglobin (g/dL) is 10.6. The hematocrit (%) is 30.0. The lymphocytes (%) are 11. The mean corpuscular hemoglobin (MCH, pg) is 29.0. The mean corpuscular hemoglobin concentration (MCHC, g/dL) is 34.0. The mean corpuscular volume (MCV, fL) is 85.0. The monocytes (%) are 5. The mean platelet volume (fL) is 10.9. The plateletcrit (%) is 0.08. The platelet distribution width (%) is 41.8. The platelet count (×10^9/L) is 76. The polymorphs (%) are 81. The red blood cell count (million/µL) is 3.5. The red cell distribution width (RDW-SD, fL) is 16.2. The white blood cell count (×10^9/L) is 5.5. The eosinophils (%) are 3. The serum creatinine (mg/dL) is 13.2. The blood urea (mg/dL) is 112.0. The glomerular filtration rate (mL/min/1.73m²) is 4.06.",CKD
"Based on the patient description, predict if they have CKD.","This patient is 53 years old, female. The age (years) is 53. The sex is female. The hemoglobin (g/dL) is 9.7. The hematocrit (%) is 27.4. The lymphocytes (%) are 24. The mean corpuscular hemoglobin (MCH, pg) is 31.9. The mean corpuscular hemoglobin concentration (MCHC, g/dL) is 35.2. The mean corpuscular volume (MCV, fL) is 91.0. The monocytes (%) are 4. The mean platelet volume (fL) is 7.8. The plateletcrit (%) is 0.1. The platelet distribution width (%) is 36.4. The platelet count (×10^9/L) is 218. The polymorphs (%) are 70. The red blood cell count (million/µL) is 3.0. The red cell distribution width (RDW-SD, fL) is 17.1. The white blood cell count (×10^9/L) is 5.7. The eosinophils (%) are 2. The serum creatinine (mg/dL) is 10.4. The blood urea (mg/dL) is 148.0. The glomerular filtration rate (mL/min/1.73m²) is 3.89.",CKD
"Based on the patient description, predict if they have CKD.","This patient is 51 years old, male. The age (years) is 51. The sex is male. The hemoglobin (g/dL) is 11.4. The hematocrit (%) is 32.02. The lymphocytes (%) are 13. The mean corpuscular hemoglobin (MCH, pg) is 30.0. The mean corpuscular hemoglobin concentration (MCHC, g/dL) is 35.0. The mean corpuscular volume (MCV, fL) is 84.0. The monocytes (%) are 5. The mean platelet volume (fL) is 8.3. The plateletcrit (%) is 0.28. The platelet distribution width (%) is 38.0. The platelet count (×10^9/L) is 337. The polymorphs (%) are 79. The red blood cell count (million/µL) is 3.8. The red cell distribution width (RDW-SD, fL) is 17.4. The white blood cell count (×10^9/L) is 8.9. The eosinophils (%) are 3. The serum creatinine (mg/dL) is 14.2. The blood urea (mg/dL) is 188.0. The glomerular filtration rate (mL/min/1.73m²) is 3.69.",CKD
"Based on the patient description, predict if they have CKD.","This patient is 60 years old, female. The age (years) is 60. The sex is female. The hemoglobin (g/dL) is 9.7. The hematocrit (%) is 26.0. The lymphocytes (%) are 19. The mean corpuscular hemoglobin (MCH, pg) is 27.0. The mean corpuscular hemoglobin concentration (MCHC, g/dL) is 36.0. The mean corpuscular volume (MCV, fL) is 77.0. The monocytes (%) are 1. The mean platelet volume (fL) is 8.1. The plateletcrit (%) is 0.41. The platelet distribution width (%) is 37.4. The platelet count (×10^9/L) is 503. The polymorphs (%) are 80. The red blood cell count (million/µL) is 3.4. The red cell distribution width (RDW-SD, fL) is 18.1. The white blood cell count (×10^9/L) is 12.9. The eosinophils (%) are 0. The serum creatinine (mg/dL) is 6.1. The blood urea (mg/dL) is 102.0. The glomerular filtration rate (mL/min/1.73m²) is 7.02.",CKD
"Based on the patient description, predict if they have CKD.","This patient is 39 years old, male. The age (years) is 39. The sex is male. The hemoglobin (g/dL) is 10.1. The hematocrit (%) is 28.0. The lymphocytes (%) are 35. The mean corpuscular hemoglobin (MCH, pg) is 31.0. The mean corpuscular hemoglobin concentration (MCHC, g/dL) is 35.0. The mean corpuscular volume (MCV, fL) is 90.0. The monocytes (%) are 10. The mean platelet volume (fL) is 10.7. The plateletcrit (%) is 0.29. The platelet distribution width (%) is 41.7. The platelet count (×10^9/L) is 271. The polymorphs (%) are 52. The red blood cell count (million/µL) is 3.1. The red cell distribution width (RDW-SD, fL) is 14.8. The white blood cell count (×10^9/L) is 8.4. The eosinophils (%) are 3. The serum creatinine (mg/dL) is 7.0. The blood urea (mg/dL) is 99.0. The glomerular filtration rate (mL/min/1.73m²) is 8.81.",CKD
"Based on the patient description, predict if they have CKD.","This patient is 59 years old, male. The age (years) is 59. The sex is male. The hemoglobin (g/dL) is 9.6. The hematocrit (%) is 26.0. The lymphocytes (%) are 12. The mean corpuscular hemoglobin (MCH, pg) is 28.0. The mean corpuscular hemoglobin concentration (MCHC, g/dL) is 37.0. The mean corpuscular volume (MCV, fL) is 77.0. The monocytes (%) are 1. The mean platelet volume (fL) is 7.7. The plateletcrit (%) is 0.23. The platelet distribution width (%) is 36.6. The platelet count (×10^9/L) is 301. The polymorphs (%) are 86. The red blood cell count (million/µL) is 3.4. The red cell distribution width (RDW-SD, fL) is 17.0. The white blood cell count (×10^9/L) is 11.8. The eosinophils (%) are 1. The serum creatinine (mg/dL) is 5.8. The blood urea (mg/dL) is 127.0. The glomerular filtration rate (mL/min/1.73m²) is 10.06.",CKD
"Based on the patient description, predict if they have CKD.","This patient is 80 years old, male. The age (years) is 80. The sex is male. The hemoglobin (g/dL) is 9.0. The hematocrit (%) is 25.0. The lymphocytes (%) are 28. The mean corpuscular hemoglobin (MCH, pg) is 29.0. The mean corpuscular hemoglobin concentration (MCHC, g/dL) is 36.0. The mean corpuscular volume (MCV, fL) is 81.0. The monocytes (%) are 4. The mean platelet volume (fL) is 9.8. The plateletcrit (%) is 0.24. The platelet distribution width (%) is 40.5. The platelet count (×10^9/L) is 274. The polymorphs (%) are 66. The red blood cell count (million/µL) is 3.1. The red cell distribution width (RDW-SD, fL) is 16.4. The white blood cell count (×10^9/L) is 6.8. The eosinophils (%) are 2. The serum creatinine (mg/dL) is 6.3. The blood urea (mg/dL) is 122.0. The glomerular filtration rate (mL/min/1.73m²) is 8.6.",CKD
"Based on the patient description, predict if they have CKD.","This patient is 61 years old, male. The age (years) is 61. The sex is male. The hemoglobin (g/dL) is 11.1. The hematocrit (%) is 31.0. The lymphocytes (%) are 24. The mean corpuscular hemoglobin (MCH, pg) is 30.0. The mean corpuscular hemoglobin concentration (MCHC, g/dL) is 35.0. The mean corpuscular volume (MCV, fL) is 84.0. The monocytes (%) are 4. The mean platelet volume (fL) is 8.1. The plateletcrit (%) is 0.2. The platelet distribution width (%) is 38.4. The platelet count (×10^9/L) is 246. The polymorphs (%) are 70. The red blood cell count (million/µL) is 3.6. The red cell distribution width (RDW-SD, fL) is 14.3. The white blood cell count (×10^9/L) is 7.2. The eosinophils (%) are 2. The serum creatinine (mg/dL) is 10.8. The blood urea (mg/dL) is 105.0. The glomerular filtration rate (mL/min/1.73m²) is 4.88.",CKD
"Based on the patient description, predict if they have CKD.","This patient is 70 years old, female. The age (years) is 70. The sex is female. The hemoglobin (g/dL) is 10.7. The hematocrit (%) is 30.9. The lymphocytes (%) are 17. The mean corpuscular hemoglobin (MCH, pg) is 28.1. The mean corpuscular hemoglobin concentration (MCHC, g/dL) is 34.6. The mean corpuscular volume (MCV, fL) is 81.0. The monocytes (%) are 3. The mean platelet volume (fL) is 9.7. The plateletcrit (%) is 0.2. The platelet distribution width (%) is 40.9. The platelet count (×10^9/L) is 208. The polymorphs (%) are 76. The red blood cell count (million/µL) is 3.8. The red cell distribution width (RDW-SD, fL) is 13.7. The white blood cell count (×10^9/L) is 8.3. The eosinophils (%) are 2. The serum creatinine (mg/dL) is 9.3. The blood urea (mg/dL) is 126.0. The glomerular filtration rate (mL/min/1.73m²) is 4.18.",CKD
"Based on the patient description, predict if they have CKD.","This patient is 63 years old, male. The age (years) is 63. The sex is male. The hemoglobin (g/dL) is 10.0. The hematocrit (%) is 28.0. The lymphocytes (%) are 14. The mean corpuscular hemoglobin (MCH, pg) is 30.0. The mean corpuscular hemoglobin concentration (MCHC, g/dL) is 34.0. The mean corpuscular volume (MCV, fL) is 88.0. The monocytes (%) are 3. The mean platelet volume (fL) is 9.8. The plateletcrit (%) is 0.14. The platelet distribution width (%) is 40.2. The platelet count (×10^9/L) is 141. The polymorphs (%) are 81. The red blood cell count (million/µL) is 3.2. The red cell distribution width (RDW-SD, fL) is 14.8. The white blood cell count (×10^9/L) is 5.4. The eosinophils (%) are 2. The serum creatinine (mg/dL) is 8.9. The blood urea (mg/dL) is 98.0. The glomerular filtration rate (mL/min/1.73m²) is 6.06.",CKD
"Based on the patient description, predict if they have CKD.","This patient is 61 years old, female. The age (years) is 61. The sex is female. The hemoglobin (g/dL) is 9.1. The hematocrit (%) is 24.8. The lymphocytes (%) are 19. The mean corpuscular hemoglobin (MCH, pg) is 30.0. The mean corpuscular hemoglobin concentration (MCHC, g/dL) is 37.0. The mean corpuscular volume (MCV, fL) is 82.0. The monocytes (%) are 1. The mean platelet volume (fL) is 8.5. The plateletcrit (%) is 0.15. The platelet distribution width (%) is 37.7. The platelet count (×10^9/L) is 179. The polymorphs (%) are 79. The red blood cell count (million/µL) is 3.0. The red cell distribution width (RDW-SD, fL) is 14.7. The white blood cell count (×10^9/L) is 8.0. The eosinophils (%) are 1. The serum creatinine (mg/dL) is 9.9. The blood urea (mg/dL) is 92.0. The glomerular filtration rate (mL/min/1.73m²) is 4.0.",CKD
"Based on the patient description, predict if they have CKD.","This patient is 48 years old, male. The age (years) is 48. The sex is male. The hemoglobin (g/dL) is 7.5. The hematocrit (%) is 20.0. The lymphocytes (%) are 27. The mean corpuscular hemoglobin (MCH, pg) is 29.0. The mean corpuscular hemoglobin concentration (MCHC, g/dL) is 36.0. The mean corpuscular volume (MCV, fL) is 79.0. The monocytes (%) are 8. The mean platelet volume (fL) is 8.4. The plateletcrit (%) is 0.16. The platelet distribution width (%) is 38.6. The platelet count (×10^9/L) is 190. The polymorphs (%) are 61. The red blood cell count (million/µL) is 2.5. The red cell distribution width (RDW-SD, fL) is 14.6. The white blood cell count (×10^9/L) is 4.0. The eosinophils (%) are 4. The serum creatinine (mg/dL) is 7.2. The blood urea (mg/dL) is 112.0. The glomerular filtration rate (mL/min/1.73m²) is 8.17.",CKD
"Based on the patient description, predict if they have CKD.","This patient is 39 years old, female. The age (years) is 39. The sex is female. The hemoglobin (g/dL) is 12.4. The hematocrit (%) is 38.1. The lymphocytes (%) are 32. The mean corpuscular hemoglobin (MCH, pg) is 27.0. The mean corpuscular hemoglobin concentration (MCHC, g/dL) is 32.0. The mean corpuscular volume (MCV, fL) is 84.0. The monocytes (%) are 7. The mean platelet volume (fL) is 10.0. The plateletcrit (%) is 0.21. The platelet distribution width (%) is 15.0. The platelet count (×10^9/L) is 216. The polymorphs (%) are 59. The red blood cell count (million/µL) is 4.5. The red cell distribution width (RDW-SD, fL) is 41.0. The white blood cell count (×10^9/L) is 9.5. The eosinophils (%) are 2. The serum creatinine (mg/dL) is 10.6. The blood urea (mg/dL) is 132.0. The glomerular filtration rate (mL/min/1.73m²) is 4.05.",CKD
"Based on the patient description, predict if they have CKD.","This patient is 35 years old, female. The age (years) is 35. The sex is female. The hemoglobin (g/dL) is 8.9. The hematocrit (%) is 26.0. The lymphocytes (%) are 25. The mean corpuscular hemoglobin (MCH, pg) is 33.0. The mean corpuscular hemoglobin concentration (MCHC, g/dL) is 34.0. The mean corpuscular volume (MCV, fL) is 96.0. The monocytes (%) are 10. The mean platelet volume (fL) is 14.0. The plateletcrit (%) is 0.13. The platelet distribution width (%) is 42.8. The platelet count (×10^9/L) is 92. The polymorphs (%) are 61. The red blood cell count (million/µL) is 2.7. The red cell distribution width (RDW-SD, fL) is 12.5. The white blood cell count (×10^9/L) is 4.9. The eosinophils (%) are 4. The serum creatinine (mg/dL) is 9.4. The blood urea (mg/dL) is 160.0. The glomerular filtration rate (mL/min/1.73m²) is 4.75.",CKD
"Based on the patient description, predict if they have CKD.","This patient is 35 years old, male. The age (years) is 35. The sex is male. The hemoglobin (g/dL) is 9.9. The hematocrit (%) is 35.84. The lymphocytes (%) are 23. The mean corpuscular hemoglobin (MCH, pg) is 30.0. The mean corpuscular hemoglobin concentration (MCHC, g/dL) is 34.0. The mean corpuscular volume (MCV, fL) is 83.0. The monocytes (%) are 8. The mean platelet volume (fL) is 8.9. The plateletcrit (%) is 0.09. The platelet distribution width (%) is 36.0. The platelet count (×10^9/L) is 106. The polymorphs (%) are 66. The red blood cell count (million/µL) is 2.7. The red cell distribution width (RDW-SD, fL) is 20.0. The white blood cell count (×10^9/L) is 3.0. The eosinophils (%) are 3. The serum creatinine (mg/dL) is 11.2. The blood urea (mg/dL) is 138.0. The glomerular filtration rate (mL/min/1.73m²) is 5.23.",CKD
"Based on the patient description, predict if they have CKD.","This patient is 35 years old, male. The age (years) is 35. The sex is male. The hemoglobin (g/dL) is 9.4. The hematocrit (%) is 35.19. The lymphocytes (%) are 37. The mean corpuscular hemoglobin (MCH, pg) is 29.0. The mean corpuscular hemoglobin concentration (MCHC, g/dL) is 32.0. The mean corpuscular volume (MCV, fL) is 89.0. The monocytes (%) are 8. The mean platelet volume (fL) is 9.8. The plateletcrit (%) is 0.14. The platelet distribution width (%) is 39.0. The platelet count (×10^9/L) is 144. The polymorphs (%) are 52. The red blood cell count (million/µL) is 2.6. The red cell distribution width (RDW-SD, fL) is 20.0. The white blood cell count (×10^9/L) is 4.5. The eosinophils (%) are 3. The serum creatinine (mg/dL) is 13.4. The blood urea (mg/dL) is 179.0. The glomerular filtration rate (mL/min/1.73m²) is 4.26.",CKD
"Based on the patient description, predict if they have CKD.","This patient is 66 years old, male. The age (years) is 66. The sex is male. The hemoglobin (g/dL) is 13.8. The hematocrit (%) is 41.0. The lymphocytes (%) are 16. The mean corpuscular hemoglobin (MCH, pg) is 31.0. The mean corpuscular hemoglobin concentration (MCHC, g/dL) is 34.0. The mean corpuscular volume (MCV, fL) is 90.0. The monocytes (%) are 7. The mean platelet volume (fL) is 9.3. The plateletcrit (%) is 0.16. The platelet distribution width (%) is 38.0. The platelet count (×10^9/L) is 174. The polymorphs (%) are 74. The red blood cell count (million/µL) is 4.0. The red cell distribution width (RDW-SD, fL) is 13.0. The white blood cell count (×10^9/L) is 4.5. The eosinophils (%) are 3. The serum creatinine (mg/dL) is 6.7. The blood urea (mg/dL) is 132.0. The glomerular filtration rate (mL/min/1.73m²) is 8.32.",CKD
"Based on the patient description, predict if they have CKD.","This patient is 48 years old, female. The age (years) is 48. The sex is female. The hemoglobin (g/dL) is 11.8. The hematocrit (%) is 36.3. The lymphocytes (%) are 35. The mean corpuscular hemoglobin (MCH, pg) is 27.0. The mean corpuscular hemoglobin concentration (MCHC, g/dL) is 32.0. The mean corpuscular volume (MCV, fL) is 85.0. The monocytes (%) are 7. The mean platelet volume (fL) is 10.0. The plateletcrit (%) is 0.23. The platelet distribution width (%) is 15.0. The platelet count (×10^9/L) is 230. The polymorphs (%) are 55. The red blood cell count (million/µL) is 4.2. The red cell distribution width (RDW-SD, fL) is 41.0. The white blood cell count (×10^9/L) is 5.6. The eosinophils (%) are 3. The serum creatinine (mg/dL) is 9.5. The blood urea (mg/dL) is 123.0. The glomerular filtration rate (mL/min/1.73m²) is 4.4.",CKD
"Based on the patient description, predict if they have CKD.","This patient is 53 years old, female. The age (years) is 53. The sex is female. The hemoglobin (g/dL) is 11.8. The hematocrit (%) is 47.29. The lymphocytes (%) are 15. The mean corpuscular hemoglobin (MCH, pg) is 32.0. The mean corpuscular hemoglobin concentration (MCHC, g/dL) is 33.0. The mean corpuscular volume (MCV, fL) is 95.0. The monocytes (%) are 10. The mean platelet volume (fL) is 8.9. The plateletcrit (%) is 0.14. The platelet distribution width (%) is 39.0. The platelet count (×10^9/L) is 152. The polymorphs (%) are 70. The red blood cell count (million/µL) is 3.7. The red cell distribution width (RDW-SD, fL) is 21.0. The white blood cell count (×10^9/L) is 7.1. The eosinophils (%) are 5. The serum creatinine (mg/dL) is 11.6. The blood urea (mg/dL) is 167.0. The glomerular filtration rate (mL/min/1.73m²) is 3.43.",CKD
"Based on the patient description, predict if they have CKD.","This patient is 34 years old, male. The age (years) is 34. The sex is male. The hemoglobin (g/dL) is 7.9. The hematocrit (%) is 23.0. The lymphocytes (%) are 15. The mean corpuscular hemoglobin (MCH, pg) is 27.0. The mean corpuscular hemoglobin concentration (MCHC, g/dL) is 33.0. The mean corpuscular volume (MCV, fL) is 80.0. The monocytes (%) are 7. The mean platelet volume (fL) is 10.4. The plateletcrit (%) is 0.27. The platelet distribution width (%) is 15.6. The platelet count (×10^9/L) is 261. The polymorphs (%) are 75. The red blood cell count (million/µL) is 2.9. The red cell distribution width (RDW-SD, fL) is 46.2. The white blood cell count (×10^9/L) is 14.4. The eosinophils (%) are 3. The serum creatinine (mg/dL) is 11.5. The blood urea (mg/dL) is 217.0. The glomerular filtration rate (mL/min/1.73m²) is 5.11.",CKD
"Based on the patient description, predict if they have CKD.","This patient is 47 years old, female. The age (years) is 47. The sex is female. The hemoglobin (g/dL) is 9.0. The hematocrit (%) is 25.2. The lymphocytes (%) are 22. The mean corpuscular hemoglobin (MCH, pg) is 32.0. The mean corpuscular hemoglobin concentration (MCHC, g/dL) is 35.0. The mean corpuscular volume (MCV, fL) is 90.0. The monocytes (%) are 6. The mean platelet volume (fL) is 10.1. The plateletcrit (%) is 0.26. The platelet distribution width (%) is 40.0. The platelet count (×10^9/L) is 254. The polymorphs (%) are 68. The red blood cell count (million/µL) is 2.8. The red cell distribution width (RDW-SD, fL) is 14.0. The white blood cell count (×10^9/L) is 10.0. The eosinophils (%) are 4. The serum creatinine (mg/dL) is 8.9. The blood urea (mg/dL) is 135.0. The glomerular filtration rate (mL/min/1.73m²) is 4.77.",CKD
"Based on the patient description, predict if they have CKD.","This patient is 63 years old, male. The age (years) is 63. The sex is male. The hemoglobin (g/dL) is 11.8. The hematocrit (%) is 33.0. The lymphocytes (%) are 22. The mean corpuscular hemoglobin (MCH, pg) is 27.0. The mean corpuscular hemoglobin concentration (MCHC, g/dL) is 35.0. The mean corpuscular volume (MCV, fL) is 77.0. The monocytes (%) are 3. The mean platelet volume (fL) is 8.8. The plateletcrit (%) is 0.16. The platelet distribution width (%) is 39.4. The platelet count (×10^9/L) is 187. The polymorphs (%) are 73. The red blood cell count (million/µL) is 4.3. The red cell distribution width (RDW-SD, fL) is 16.5. The white blood cell count (×10^9/L) is 9.2. The eosinophils (%) are 2. The serum creatinine (mg/dL) is 11.1. The blood urea (mg/dL) is 155.0. The glomerular filtration rate (mL/min/1.73m²) is 4.69.",CKD
"Based on the patient description, predict if they have CKD.","This patient is 36 years old, female. The age (years) is 36. The sex is female. The hemoglobin (g/dL) is 12.3. The hematocrit (%) is 34.7. The lymphocytes (%) are 30. The mean corpuscular hemoglobin (MCH, pg) is 31.8. The mean corpuscular hemoglobin concentration (MCHC, g/dL) is 35.4. The mean corpuscular volume (MCV, fL) is 90.0. The monocytes (%) are 4. The mean platelet volume (fL) is 9.4. The plateletcrit (%) is 0.1. The platelet distribution width (%) is 39.6. The platelet count (×10^9/L) is 177. The polymorphs (%) are 63. The red blood cell count (million/µL) is 3.8. The red cell distribution width (RDW-SD, fL) is 15.0. The white blood cell count (×10^9/L) is 6.0. The eosinophils (%) are 3. The serum creatinine (mg/dL) is 8.0. The blood urea (mg/dL) is 109.0. The glomerular filtration rate (mL/min/1.73m²) is 5.69.",CKD
"Based on the patient description, predict if they have CKD.","This patient is 36 years old, female. The age (years) is 36. The sex is female. The hemoglobin (g/dL) is 9.3. The hematocrit (%) is 27.0. The lymphocytes (%) are 26. The mean corpuscular hemoglobin (MCH, pg) is 30.0. The mean corpuscular hemoglobin concentration (MCHC, g/dL) is 34.0. The mean corpuscular volume (MCV, fL) is 90.0. The monocytes (%) are 7. The mean platelet volume (fL) is 12.7. The plateletcrit (%) is 0.16. The platelet distribution width (%) is 0.16. The platelet count (×10^9/L) is 126. The polymorphs (%) are 66. The red blood cell count (million/µL) is 3.0. The red cell distribution width (RDW-SD, fL) is 15.3. The white blood cell count (×10^9/L) is 5.3. The eosinophils (%) are 3. The serum creatinine (mg/dL) is 9.8. The blood urea (mg/dL) is 142.0. The glomerular filtration rate (mL/min/1.73m²) is 4.5.",CKD
"Based on the patient description, predict if they have CKD.","This patient is 52 years old, female. The age (years) is 52. The sex is female. The hemoglobin (g/dL) is 10.0. The hematocrit (%) is 27.0. The lymphocytes (%) are 15. The mean corpuscular hemoglobin (MCH, pg) is 35.0. The mean corpuscular hemoglobin concentration (MCHC, g/dL) is 36.0. The mean corpuscular volume (MCV, fL) is 99.0. The monocytes (%) are 3. The mean platelet volume (fL) is 8.9. The plateletcrit (%) is 0.33. The platelet distribution width (%) is 39.4. The platelet count (×10^9/L) is 367. The polymorphs (%) are 81. The red blood cell count (million/µL) is 2.7. The red cell distribution width (RDW-SD, fL) is 16.2. The white blood cell count (×10^9/L) is 7.8. The eosinophils (%) are 1. The serum creatinine (mg/dL) is 6.8. The blood urea (mg/dL) is 191.0. The glomerular filtration rate (mL/min/1.73m²) is 6.37.",CKD
"Based on the patient description, predict if they have CKD.","This patient is 66 years old, male. The age (years) is 66. The sex is male. The hemoglobin (g/dL) is 11.1. The hematocrit (%) is 31.0. The lymphocytes (%) are 14. The mean corpuscular hemoglobin (MCH, pg) is 30.0. The mean corpuscular hemoglobin concentration (MCHC, g/dL) is 35.0. The mean corpuscular volume (MCV, fL) is 88.0. The monocytes (%) are 5. The mean platelet volume (fL) is 8.9. The plateletcrit (%) is 0.15. The platelet distribution width (%) is 39.0. The platelet count (×10^9/L) is 172. The polymorphs (%) are 78. The red blood cell count (million/µL) is 3.6. The red cell distribution width (RDW-SD, fL) is 12.6. The white blood cell count (×10^9/L) is 5.2. The eosinophils (%) are 3. The serum creatinine (mg/dL) is 6.6. The blood urea (mg/dL) is 116.0. The glomerular filtration rate (mL/min/1.73m²) is 8.47.",CKD
"Based on the patient description, predict if they have CKD.","This patient is 42 years old, female. The age (years) is 42. The sex is female. The hemoglobin (g/dL) is 9.8. The hematocrit (%) is 27.0. The lymphocytes (%) are 35. The mean corpuscular hemoglobin (MCH, pg) is 33.0. The mean corpuscular hemoglobin concentration (MCHC, g/dL) is 35.0. The mean corpuscular volume (MCV, fL) is 95.0. The monocytes (%) are 4. The mean platelet volume (fL) is 8.9. The plateletcrit (%) is 0.17. The platelet distribution width (%) is 38.8. The platelet count (×10^9/L) is 190. The polymorphs (%) are 59. The red blood cell count (million/µL) is 2.9. The red cell distribution width (RDW-SD, fL) is 14.7. The white blood cell count (×10^9/L) is 5.3. The eosinophils (%) are 2. The serum creatinine (mg/dL) is 4.2. The blood urea (mg/dL) is 64.0. The glomerular filtration rate (mL/min/1.73m²) is 11.61.",CKD
"Based on the patient description, predict if they have CKD.","This patient is 14 years old, female. The age (years) is 14. The sex is female. The hemoglobin (g/dL) is 10.4. The hematocrit (%) is 29.5. The lymphocytes (%) are 28. The mean corpuscular hemoglobin (MCH, pg) is 28.1. The mean corpuscular hemoglobin concentration (MCHC, g/dL) is 35.4. The mean corpuscular volume (MCV, fL) is 79.0. The monocytes (%) are 4. The mean platelet volume (fL) is 8.6. The plateletcrit (%) is 0.1. The platelet distribution width (%) is 37.2. The platelet count (×10^9/L) is 185. The polymorphs (%) are 66. The red blood cell count (million/µL) is 3.7. The red cell distribution width (RDW-SD, fL) is 14.9. The white blood cell count (×10^9/L) is 6.3. The eosinophils (%) are 2. The serum creatinine (mg/dL) is 8.9. The blood urea (mg/dL) is 100.0. The glomerular filtration rate (mL/min/1.73m²) is 6.1.",CKD
"Based on the patient description, predict if they have CKD.","This patient is 48 years old, male. The age (years) is 48. The sex is male. The hemoglobin (g/dL) is 9.7. The hematocrit (%) is 28.9. The lymphocytes (%) are 20. The mean corpuscular hemoglobin (MCH, pg) is 30.0. The mean corpuscular hemoglobin concentration (MCHC, g/dL) is 33.0. The mean corpuscular volume (MCV, fL) is 91.0. The monocytes (%) are 8. The mean platelet volume (fL) is 9.3. The plateletcrit (%) is 0.18. The platelet distribution width (%) is 15.0. The platelet count (×10^9/L) is 201. The polymorphs (%) are 68. The red blood cell count (million/µL) is 3.1. The red cell distribution width (RDW-SD, fL) is 44.0. The white blood cell count (×10^9/L) is 7.1. The eosinophils (%) are 4. The serum creatinine (mg/dL) is nan. The blood urea (mg/dL) is 207.0. The glomerular filtration rate (mL/min/1.73m²) is nan.",CKD
"Based on the patient description, predict if they have CKD.","This patient is 26 years old, female. The age (years) is 26. The sex is female. The hemoglobin (g/dL) is 9.6. The hematocrit (%) is 26.0. The lymphocytes (%) are 24. The mean corpuscular hemoglobin (MCH, pg) is 38.1. The mean corpuscular hemoglobin concentration (MCHC, g/dL) is 37.0. The mean corpuscular volume (MCV, fL) is 103.0. The monocytes (%) are 3. The mean platelet volume (fL) is 8.7. The plateletcrit (%) is 0.1. The platelet distribution width (%) is 38.5. The platelet count (×10^9/L) is 147. The polymorphs (%) are 72. The red blood cell count (million/µL) is 2.5. The red cell distribution width (RDW-SD, fL) is 12.6. The white blood cell count (×10^9/L) is 5.0. The eosinophils (%) are 1. The serum creatinine (mg/dL) is 10.7. The blood urea (mg/dL) is 138.0. The glomerular filtration rate (mL/min/1.73m²) is 4.35.",CKD
"Based on the patient description, predict if they have CKD.","This patient is 66 years old, male. The age (years) is 66. The sex is male. The hemoglobin (g/dL) is 11.9. The hematocrit (%) is 32.73. The lymphocytes (%) are 10. The mean corpuscular hemoglobin (MCH, pg) is 31.0. The mean corpuscular hemoglobin concentration (MCHC, g/dL) is 36.0. The mean corpuscular volume (MCV, fL) is 86.0. The monocytes (%) are 8. The mean platelet volume (fL) is 8.7. The plateletcrit (%) is 0.2. The platelet distribution width (%) is 38.0. The platelet count (×10^9/L) is 233. The polymorphs (%) are 77. The red blood cell count (million/µL) is 3.8. The red cell distribution width (RDW-SD, fL) is 13.0. The white blood cell count (×10^9/L) is 7.5. The eosinophils (%) are 5. The serum creatinine (mg/dL) is 10.4. The blood urea (mg/dL) is 195.0. The glomerular filtration rate (mL/min/1.73m²) is 5.01.",CKD
"Based on the patient description, predict if they have CKD.","This patient is 30 years old, female. The age (years) is 30. The sex is female. The hemoglobin (g/dL) is 11.6. The hematocrit (%) is 33.8. The lymphocytes (%) are 28. The mean corpuscular hemoglobin (MCH, pg) is 31.2. The mean corpuscular hemoglobin concentration (MCHC, g/dL) is 34.3. The mean corpuscular volume (MCV, fL) is 90.7. The monocytes (%) are 7. The mean platelet volume (fL) is 9.4. The plateletcrit (%) is 0.1. The platelet distribution width (%) is 15.8. The platelet count (×10^9/L) is 119. The polymorphs (%) are 63. The red blood cell count (million/µL) is 3.7. The red cell distribution width (RDW-SD, fL) is 46.9. The white blood cell count (×10^9/L) is 5.0. The eosinophils (%) are 2. The serum creatinine (mg/dL) is 9.9. The blood urea (mg/dL) is 125.0. The glomerular filtration rate (mL/min/1.73m²) is 4.62.",CKD
"Based on the patient description, predict if they have CKD.","This patient is 50 years old, male. The age (years) is 50. The sex is male. The hemoglobin (g/dL) is 7.7. The hematocrit (%) is 21.4. The lymphocytes (%) are 29. The mean corpuscular hemoglobin (MCH, pg) is 29.9. The mean corpuscular hemoglobin concentration (MCHC, g/dL) is 35.7. The mean corpuscular volume (MCV, fL) is 84.0. The monocytes (%) are 4. The mean platelet volume (fL) is 9.3. The plateletcrit (%) is 0.1. The platelet distribution width (%) is 40.9. The platelet count (×10^9/L) is 195. The polymorphs (%) are 65. The red blood cell count (million/µL) is 2.5. The red cell distribution width (RDW-SD, fL) is 17.2. The white blood cell count (×10^9/L) is 5.6. The eosinophils (%) are 2. The serum creatinine (mg/dL) is 8.3. The blood urea (mg/dL) is 129.0. The glomerular filtration rate (mL/min/1.73m²) is 6.88.",CKD
"Based on the patient description, predict if they have CKD.","This patient is 68 years old, female. The age (years) is 68. The sex is female. The hemoglobin (g/dL) is 8.2. The hematocrit (%) is 22.0. The lymphocytes (%) are 18. The mean corpuscular hemoglobin (MCH, pg) is 28.0. The mean corpuscular hemoglobin concentration (MCHC, g/dL) is 36.0. The mean corpuscular volume (MCV, fL) is 79.0. The monocytes (%) are 5. The mean platelet volume (fL) is 7.2. The plateletcrit (%) is 0.17. The platelet distribution width (%) is 34.8. The platelet count (×10^9/L) is 235. The polymorphs (%) are 75. The red blood cell count (million/µL) is 2.8. The red cell distribution width (RDW-SD, fL) is 18.3. The white blood cell count (×10^9/L) is 5.9. The eosinophils (%) are 2. The serum creatinine (mg/dL) is 11.2. The blood urea (mg/dL) is 143.0. The glomerular filtration rate (mL/min/1.73m²) is 3.39.",CKD
"Based on the patient description, predict if they have CKD.","This patient is 48 years old, male. The age (years) is 48. The sex is male. The hemoglobin (g/dL) is 9.0. The hematocrit (%) is 25.0. The lymphocytes (%) are 15. The mean corpuscular hemoglobin (MCH, pg) is 30.0. The mean corpuscular hemoglobin concentration (MCHC, g/dL) is 34.0. The mean corpuscular volume (MCV, fL) is 87.0. The monocytes (%) are 9. The mean platelet volume (fL) is 7.2. The plateletcrit (%) is 0.05. The platelet distribution width (%) is 35.0. The platelet count (×10^9/L) is 101. The polymorphs (%) are 73. The red blood cell count (million/µL) is 2.9. The red cell distribution width (RDW-SD, fL) is 16.9. The white blood cell count (×10^9/L) is 5.4. The eosinophils (%) are 3. The serum creatinine (mg/dL) is 12.0. The blood urea (mg/dL) is 156.0. The glomerular filtration rate (mL/min/1.73m²) is 4.53.",CKD
"Based on the patient description, predict if they have CKD.","This patient is 61 years old, male. The age (years) is 61. The sex is male. The hemoglobin (g/dL) is 13.2. The hematocrit (%) is 38.0. The lymphocytes (%) are 27. The mean corpuscular hemoglobin (MCH, pg) is 27.0. The mean corpuscular hemoglobin concentration (MCHC, g/dL) is 34.0. The mean corpuscular volume (MCV, fL) is 81.0. The monocytes (%) are 10. The mean platelet volume (fL) is 8.5. The plateletcrit (%) is 0.17. The platelet distribution width (%) is 38.5. The platelet count (×10^9/L) is 205. The polymorphs (%) are 59. The red blood cell count (million/µL) is 4.8. The red cell distribution width (RDW-SD, fL) is 16.6. The white blood cell count (×10^9/L) is 4.2. The eosinophils (%) are 4. The serum creatinine (mg/dL) is 7.4. The blood urea (mg/dL) is nan. The glomerular filtration rate (mL/min/1.73m²) is 7.54.",CKD
"Based on the patient description, predict if they have CKD.","This patient is 50 years old, male. The age (years) is 50. The sex is male. The hemoglobin (g/dL) is 8.8. The hematocrit (%) is 24.0. The lymphocytes (%) are 12. The mean corpuscular hemoglobin (MCH, pg) is 29.0. The mean corpuscular hemoglobin concentration (MCHC, g/dL) is 36.0. The mean corpuscular volume (MCV, fL) is 80.0. The monocytes (%) are 4. The mean platelet volume (fL) is 7.7. The plateletcrit (%) is 0.17. The platelet distribution width (%) is 36.4. The platelet count (×10^9/L) is 219. The polymorphs (%) are 82. The red blood cell count (million/µL) is 3.0. The red cell distribution width (RDW-SD, fL) is 21.5. The white blood cell count (×10^9/L) is 8.2. The eosinophils (%) are 2. The serum creatinine (mg/dL) is 10.4. The blood urea (mg/dL) is 144.0. The glomerular filtration rate (mL/min/1.73m²) is 5.3.",CKD
"Based on the patient description, predict if they have CKD.","This patient is 38 years old, male. The age (years) is 38. The sex is male. The hemoglobin (g/dL) is 7.2. The hematocrit (%) is 19.2. The lymphocytes (%) are 12. The mean corpuscular hemoglobin (MCH, pg) is 32.0. The mean corpuscular hemoglobin concentration (MCHC, g/dL) is 37.5. The mean corpuscular volume (MCV, fL) is 85.0. The monocytes (%) are 2. The mean platelet volume (fL) is 10.3. The plateletcrit (%) is 0.27. The platelet distribution width (%) is 41.0. The platelet count (×10^9/L) is 261. The polymorphs (%) are 85. The red blood cell count (million/µL) is 2.3. The red cell distribution width (RDW-SD, fL) is 16.0. The white blood cell count (×10^9/L) is 8.7. The eosinophils (%) are 1. The serum creatinine (mg/dL) is 11.7. The blood urea (mg/dL) is 132.0. The glomerular filtration rate (mL/min/1.73m²) is 4.89.",CKD
"Based on the patient description, predict if they have CKD.","This patient is 40 years old, male. The age (years) is 40. The sex is male. The hemoglobin (g/dL) is 10.9. The hematocrit (%) is 29.9. The lymphocytes (%) are 24. The mean corpuscular hemoglobin (MCH, pg) is 30.8. The mean corpuscular hemoglobin concentration (MCHC, g/dL) is 36.4. The mean corpuscular volume (MCV, fL) is 85.0. The monocytes (%) are 4. The mean platelet volume (fL) is 8.8. The plateletcrit (%) is 0.1. The platelet distribution width (%) is 39.8. The platelet count (×10^9/L) is 217. The polymorphs (%) are 70. The red blood cell count (million/µL) is 3.5. The red cell distribution width (RDW-SD, fL) is 13.2. The white blood cell count (×10^9/L) is 6.5. The eosinophils (%) are 2. The serum creatinine (mg/dL) is 6.3. The blood urea (mg/dL) is 86.0. The glomerular filtration rate (mL/min/1.73m²) is 9.89.",CKD
"Based on the patient description, predict if they have CKD.","This patient is 36 years old, female. The age (years) is 36. The sex is female. The hemoglobin (g/dL) is 11.2. The hematocrit (%) is 30.2. The lymphocytes (%) are 35. The mean corpuscular hemoglobin (MCH, pg) is 31.4. The mean corpuscular hemoglobin concentration (MCHC, g/dL) is 36.9. The mean corpuscular volume (MCV, fL) is 85.0. The monocytes (%) are 4. The mean platelet volume (fL) is 7.9. The plateletcrit (%) is 0.1. The platelet distribution width (%) is 38.1. The platelet count (×10^9/L) is 155. The polymorphs (%) are 58. The red blood cell count (million/µL) is 3.5. The red cell distribution width (RDW-SD, fL) is 15.7. The white blood cell count (×10^9/L) is 4.3. The eosinophils (%) are 3. The serum creatinine (mg/dL) is 7.8. The blood urea (mg/dL) is 72.0. The glomerular filtration rate (mL/min/1.73m²) is 5.86.",CKD
"Based on the patient description, predict if they have CKD.","This patient is 44 years old, female. The age (years) is 44. The sex is female. The hemoglobin (g/dL) is 11.0. The hematocrit (%) is 32.0. The lymphocytes (%) are 27. The mean corpuscular hemoglobin (MCH, pg) is 29.0. The mean corpuscular hemoglobin concentration (MCHC, g/dL) is 35.0. The mean corpuscular volume (MCV, fL) is 84.0. The monocytes (%) are 5. The mean platelet volume (fL) is 6.6. The plateletcrit (%) is 0.11. The platelet distribution width (%) is 34.6. The platelet count (×10^9/L) is 162. The polymorphs (%) are 65. The red blood cell count (million/µL) is 3.8. The red cell distribution width (RDW-SD, fL) is 16.0. The white blood cell count (×10^9/L) is 6.7. The eosinophils (%) are 2. The serum creatinine (mg/dL) is 13.3. The blood urea (mg/dL) is nan. The glomerular filtration rate (mL/min/1.73m²) is 3.04.",CKD
"Based on the patient description, predict if they have CKD.","This patient is 49 years old, male. The age (years) is 49. The sex is male. The hemoglobin (g/dL) is 11.3. The hematocrit (%) is 33.0. The lymphocytes (%) are 20. The mean corpuscular hemoglobin (MCH, pg) is 29.0. The mean corpuscular hemoglobin concentration (MCHC, g/dL) is 33.0. The mean corpuscular volume (MCV, fL) is 87.0. The monocytes (%) are 10. The mean platelet volume (fL) is 7.7. The plateletcrit (%) is 0.22. The platelet distribution width (%) is 36.9. The platelet count (×10^9/L) is 282. The polymorphs (%) are 66. The red blood cell count (million/µL) is 3.8. The red cell distribution width (RDW-SD, fL) is 17.1. The white blood cell count (×10^9/L) is 6.3. The eosinophils (%) are 4. The serum creatinine (mg/dL) is 9.0. The blood urea (mg/dL) is 124.0. The glomerular filtration rate (mL/min/1.73m²) is 6.29.",CKD
"Based on the patient description, predict if they have CKD.","This patient is 34 years old, male. The age (years) is 34. The sex is male. The hemoglobin (g/dL) is 9.4. The hematocrit (%) is 25.0. The lymphocytes (%) are 25. The mean corpuscular hemoglobin (MCH, pg) is 32.0. The mean corpuscular hemoglobin concentration (MCHC, g/dL) is 36.0. The mean corpuscular volume (MCV, fL) is 89.0. The monocytes (%) are 8. The mean platelet volume (fL) is 141.1. The plateletcrit (%) is 0.07. The platelet distribution width (%) is 42.1. The platelet count (×10^9/L) is 60. The polymorphs (%) are 63. The red blood cell count (million/µL) is 2.9. The red cell distribution width (RDW-SD, fL) is 14.2. The white blood cell count (×10^9/L) is 3.6. The eosinophils (%) are 4. The serum creatinine (mg/dL) is 10.8. The blood urea (mg/dL) is nan. The glomerular filtration rate (mL/min/1.73m²) is 5.49.",CKD
"Based on the patient description, predict if they have CKD.","This patient is 67 years old, male. The age (years) is 67. The sex is male. The hemoglobin (g/dL) is 13.7. The hematocrit (%) is 37.26. The lymphocytes (%) are 36. The mean corpuscular hemoglobin (MCH, pg) is 31.0. The mean corpuscular hemoglobin concentration (MCHC, g/dL) is 36.0. The mean corpuscular volume (MCV, fL) is 85.0. The monocytes (%) are 8. The mean platelet volume (fL) is 6.7. The plateletcrit (%) is 0.12. The platelet distribution width (%) is 33.0. The platelet count (×10^9/L) is 185. The polymorphs (%) are 53. The red blood cell count (million/µL) is 4.3. The red cell distribution width (RDW-SD, fL) is 12.0. The white blood cell count (×10^9/L) is 5.3. The eosinophils (%) are 3. The serum creatinine (mg/dL) is 0.8. The blood urea (mg/dL) is 30.0. The glomerular filtration rate (mL/min/1.73m²) is 96.42.",Not CKD
"Based on the patient description, predict if they have CKD.","This patient is 49 years old, female. The age (years) is 49. The sex is female. The hemoglobin (g/dL) is 11.8. The hematocrit (%) is 34.7. The lymphocytes (%) are 37. The mean corpuscular hemoglobin (MCH, pg) is 28.0. The mean corpuscular hemoglobin concentration (MCHC, g/dL) is 33.9. The mean corpuscular volume (MCV, fL) is 82.0. The monocytes (%) are 4. The mean platelet volume (fL) is 8.4. The plateletcrit (%) is 0.2. The platelet distribution width (%) is 37.9. The platelet count (×10^9/L) is 303. The polymorphs (%) are 57. The red blood cell count (million/µL) is 4.2. The red cell distribution width (RDW-SD, fL) is 13.7. The white blood cell count (×10^9/L) is 4.7. The eosinophils (%) are 2. The serum creatinine (mg/dL) is 0.8. The blood urea (mg/dL) is 32.0. The glomerular filtration rate (mL/min/1.73m²) is 76.24.",Not CKD
"Based on the patient description, predict if they have CKD.","This patient is 21 years old, male. The age (years) is 21. The sex is male. The hemoglobin (g/dL) is 15.4. The hematocrit (%) is 42.0. The lymphocytes (%) are 12. The mean corpuscular hemoglobin (MCH, pg) is 28.0. The mean corpuscular hemoglobin concentration (MCHC, g/dL) is 36.0. The mean corpuscular volume (MCV, fL) is 77.0. The monocytes (%) are 3. The mean platelet volume (fL) is 9.0. The plateletcrit (%) is 0.17. The platelet distribution width (%) is 37.9. The platelet count (×10^9/L) is 184. The polymorphs (%) are 84. The red blood cell count (million/µL) is 5.5. The red cell distribution width (RDW-SD, fL) is 14.2. The white blood cell count (×10^9/L) is 10.5. The eosinophils (%) are 1. The serum creatinine (mg/dL) is 0.5. The blood urea (mg/dL) is 22.0. The glomerular filtration rate (mL/min/1.73m²) is 209.9.",Not CKD
"Based on the patient description, predict if they have CKD.","This patient is 35 years old, female. The age (years) is 35. The sex is female. The hemoglobin (g/dL) is 12.2. The hematocrit (%) is 35.7. The lymphocytes (%) are 35. The mean corpuscular hemoglobin (MCH, pg) is 26.9. The mean corpuscular hemoglobin concentration (MCHC, g/dL) is 34.2. The mean corpuscular volume (MCV, fL) is 79.0. The monocytes (%) are 3. The mean platelet volume (fL) is 10.0. The plateletcrit (%) is 0.2. The platelet distribution width (%) is 40.8. The platelet count (×10^9/L) is 232. The polymorphs (%) are 60. The red blood cell count (million/µL) is 4.5. The red cell distribution width (RDW-SD, fL) is 11.9. The white blood cell count (×10^9/L) is 5.4. The eosinophils (%) are 2. The serum creatinine (mg/dL) is 0.6. The blood urea (mg/dL) is 25.0. The glomerular filtration rate (mL/min/1.73m²) is 113.77.",Not CKD
"Based on the patient description, predict if they have CKD.","This patient is 68 years old, male. The age (years) is 68. The sex is male. The hemoglobin (g/dL) is 11.8. The hematocrit (%) is 32.0. The lymphocytes (%) are 3. The mean corpuscular hemoglobin (MCH, pg) is 29.0. The mean corpuscular hemoglobin concentration (MCHC, g/dL) is 37.0. The mean corpuscular volume (MCV, fL) is 79.0. The monocytes (%) are 2. The mean platelet volume (fL) is 8.2. The plateletcrit (%) is 0.39. The platelet distribution width (%) is 37.0. The platelet count (×10^9/L) is 471. The polymorphs (%) are 93. The red blood cell count (million/µL) is 4.0. The red cell distribution width (RDW-SD, fL) is 18.0. The white blood cell count (×10^9/L) is 17.9. The eosinophils (%) are 2. The serum creatinine (mg/dL) is 5.3. The blood urea (mg/dL) is 158.0. The glomerular filtration rate (mL/min/1.73m²) is 10.84.",Not CKD
"Based on the patient description, predict if they have CKD.","This patient is 66 years old, male. The age (years) is 66. The sex is male. The hemoglobin (g/dL) is 13.6. The hematocrit (%) is 38.6. The lymphocytes (%) are 27. The mean corpuscular hemoglobin (MCH, pg) is 29.2. The mean corpuscular hemoglobin concentration (MCHC, g/dL) is 35.3. The mean corpuscular volume (MCV, fL) is 83.0. The monocytes (%) are 3. The mean platelet volume (fL) is 7.3. The plateletcrit (%) is 0.1. The platelet distribution width (%) is 36.0. The platelet count (×10^9/L) is 227. The polymorphs (%) are 69. The red blood cell count (million/µL) is 4.6. The red cell distribution width (RDW-SD, fL) is 14.7. The white blood cell count (×10^9/L) is 9.3. The eosinophils (%) are 1. The serum creatinine (mg/dL) is 0.8. The blood urea (mg/dL) is 29.0. The glomerular filtration rate (mL/min/1.73m²) is 96.72.",Not CKD
"Based on the patient description, predict if they have CKD.","This patient is 36 years old, female. The age (years) is 36. The sex is female. The hemoglobin (g/dL) is 9.0. The hematocrit (%) is 24.21. The lymphocytes (%) are 12. The mean corpuscular hemoglobin (MCH, pg) is 30.0. The mean corpuscular hemoglobin concentration (MCHC, g/dL) is 37.0. The mean corpuscular volume (MCV, fL) is 82.0. The monocytes (%) are 4. The mean platelet volume (fL) is 6.5. The plateletcrit (%) is 0.09. The platelet distribution width (%) is 32.0. The platelet count (×10^9/L) is 147. The polymorphs (%) are 83. The red blood cell count (million/µL) is 2.9. The red cell distribution width (RDW-SD, fL) is 15.0. The white blood cell count (×10^9/L) is 10.3. The eosinophils (%) are 1. The serum creatinine (mg/dL) is 2.0. The blood urea (mg/dL) is 64.0. The glomerular filtration rate (mL/min/1.73m²) is 28.19.",Not CKD
"Based on the patient description, predict if they have CKD.","This patient is 55 years old, male. The age (years) is 55. The sex is male. The hemoglobin (g/dL) is 12.5. The hematocrit (%) is 35.4. The lymphocytes (%) are 43. The mean corpuscular hemoglobin (MCH, pg) is 28.4. The mean corpuscular hemoglobin concentration (MCHC, g/dL) is 35.3. The mean corpuscular volume (MCV, fL) is 81.0. The monocytes (%) are 6. The mean platelet volume (fL) is 7.2. The plateletcrit (%) is 0.2. The platelet distribution width (%) is 35.8. The platelet count (×10^9/L) is 296. The polymorphs (%) are 48. The red blood cell count (million/µL) is 4.4. The red cell distribution width (RDW-SD, fL) is 12.2. The white blood cell count (×10^9/L) is 7.9. The eosinophils (%) are 3. The serum creatinine (mg/dL) is 0.8. The blood urea (mg/dL) is 23.0. The glomerular filtration rate (mL/min/1.73m²) is 100.36.",Not CKD
"Based on the patient description, predict if they have CKD.","This patient is 33 years old, male. The age (years) is 33. The sex is male. The hemoglobin (g/dL) is 10.1. The hematocrit (%) is 27.82. The lymphocytes (%) are 20. The mean corpuscular hemoglobin (MCH, pg) is 29.0. The mean corpuscular hemoglobin concentration (MCHC, g/dL) is 36.0. The mean corpuscular volume (MCV, fL) is 82.0. The monocytes (%) are 7. The mean platelet volume (fL) is 9.1. The plateletcrit (%) is 0.21. The platelet distribution width (%) is 39.0. The platelet count (×10^9/L) is 226. The polymorphs (%) are 70. The red blood cell count (million/µL) is 3.3. The red cell distribution width (RDW-SD, fL) is 12.0. The white blood cell count (×10^9/L) is 6.3. The eosinophils (%) are 3. The serum creatinine (mg/dL) is 12.6. The blood urea (mg/dL) is 196.0. The glomerular filtration rate (mL/min/1.73m²) is 4.62.",Not CKD
"Based on the patient description, predict if they have CKD.","This patient is 83 years old, male. The age (years) is 83. The sex is male. The hemoglobin (g/dL) is 10.5. The hematocrit (%) is 28.5. The lymphocytes (%) are 11. The mean corpuscular hemoglobin (MCH, pg) is 31.4. The mean corpuscular hemoglobin concentration (MCHC, g/dL) is 36.7. The mean corpuscular volume (MCV, fL) is 86.0. The monocytes (%) are 4. The mean platelet volume (fL) is 7.9. The plateletcrit (%) is 0.1. The platelet distribution width (%) is 37.7. The platelet count (×10^9/L) is 173. The polymorphs (%) are 82. The red blood cell count (million/µL) is 3.3. The red cell distribution width (RDW-SD, fL) is 12.8. The white blood cell count (×10^9/L) is 7.7. The eosinophils (%) are 3. The serum creatinine (mg/dL) is 2.8. The blood urea (mg/dL) is 98.0. The glomerular filtration rate (mL/min/1.73m²) is 21.75.",Not CKD
"Based on the patient description, predict if they have CKD.","This patient is 66 years old, female. The age (years) is 66. The sex is female. The hemoglobin (g/dL) is 12.2. The hematocrit (%) is 38.3. The lymphocytes (%) are 18. The mean corpuscular hemoglobin (MCH, pg) is 28.4. The mean corpuscular hemoglobin concentration (MCHC, g/dL) is 31.9. The mean corpuscular volume (MCV, fL) is 89.0. The monocytes (%) are 3. The mean platelet volume (fL) is 8.8. The plateletcrit (%) is 0.3. The platelet distribution width (%) is 38.6. The platelet count (×10^9/L) is 426. The polymorphs (%) are 77. The red blood cell count (million/µL) is 4.3. The red cell distribution width (RDW-SD, fL) is 13.2. The white blood cell count (×10^9/L) is 11.9. The eosinophils (%) are 2. The serum creatinine (mg/dL) is 5.8. The blood urea (mg/dL) is 185.0. The glomerular filtration rate (mL/min/1.73m²) is 7.3.",Not CKD
"Based on the patient description, predict if they have CKD.","This patient is 29 years old, female. The age (years) is 29. The sex is female. The hemoglobin (g/dL) is 9.3. The hematocrit (%) is 26.05. The lymphocytes (%) are 12. The mean corpuscular hemoglobin (MCH, pg) is 30.0. The mean corpuscular hemoglobin concentration (MCHC, g/dL) is 35.0. The mean corpuscular volume (MCV, fL) is 84.0. The monocytes (%) are 4. The mean platelet volume (fL) is 7.8. The plateletcrit (%) is 0.46. The platelet distribution width (%) is 37.0. The platelet count (×10^9/L) is 954. The polymorphs (%) are 83. The red blood cell count (million/µL) is 3.1. The red cell distribution width (RDW-SD, fL) is 13.0. The white blood cell count (×10^9/L) is 10.6. The eosinophils (%) are 1. The serum creatinine (mg/dL) is 3.6. The blood urea (mg/dL) is 121.0. The glomerular filtration rate (mL/min/1.73m²) is 14.95.",Not CKD
"Based on the patient description, predict if they have CKD.","This patient is 51 years old, female. The age (years) is 51. The sex is female. The hemoglobin (g/dL) is 13.0. The hematocrit (%) is 38.1. The lymphocytes (%) are 46. The mean corpuscular hemoglobin (MCH, pg) is 25.9. The mean corpuscular hemoglobin concentration (MCHC, g/dL) is 34.0. The mean corpuscular volume (MCV, fL) is 76.0. The monocytes (%) are 3. The mean platelet volume (fL) is 6.8. The plateletcrit (%) is 0.1. The platelet distribution width (%) is 33.4. The platelet count (×10^9/L) is 279. The polymorphs (%) are 49. The red blood cell count (million/µL) is 5.0. The red cell distribution width (RDW-SD, fL) is 14.6. The white blood cell count (×10^9/L) is 6.6. The eosinophils (%) are 2. The serum creatinine (mg/dL) is 0.8. The blood urea (mg/dL) is 28.0. The glomerular filtration rate (mL/min/1.73m²) is 75.62.",Not CKD
"Based on the patient description, predict if they have CKD.","This patient is 61 years old, female. The age (years) is 61. The sex is female. The hemoglobin (g/dL) is 11.4. The hematocrit (%) is 31.4. The lymphocytes (%) are 25. The mean corpuscular hemoglobin (MCH, pg) is 32.7. The mean corpuscular hemoglobin concentration (MCHC, g/dL) is 36.3. The mean corpuscular volume (MCV, fL) is 90.0. The monocytes (%) are 4. The mean platelet volume (fL) is 7.2. The plateletcrit (%) is 0.06. The platelet distribution width (%) is 32.3. The platelet count (×10^9/L) is 111. The polymorphs (%) are 68. The red blood cell count (million/µL) is 3.4. The red cell distribution width (RDW-SD, fL) is 18.8. The white blood cell count (×10^9/L) is 5.6. The eosinophils (%) are 3. The serum creatinine (mg/dL) is 3.6. The blood urea (mg/dL) is 44.0. The glomerular filtration rate (mL/min/1.73m²) is 12.85.",Not CKD
"Based on the patient description, predict if they have CKD.","This patient is 60 years old, female. The age (years) is 60. The sex is female. The hemoglobin (g/dL) is 8.6. The hematocrit (%) is 23.0. The lymphocytes (%) are 22. The mean corpuscular hemoglobin (MCH, pg) is 29.0. The mean corpuscular hemoglobin concentration (MCHC, g/dL) is 35.0. The mean corpuscular volume (MCV, fL) is 83.0. The monocytes (%) are 10. The mean platelet volume (fL) is 7.6. The plateletcrit (%) is 0.17. The platelet distribution width (%) is 36.6. The platelet count (×10^9/L) is 224. The polymorphs (%) are 64. The red blood cell count (million/µL) is 2.8. The red cell distribution width (RDW-SD, fL) is 13.2. The white blood cell count (×10^9/L) is 4.6. The eosinophils (%) are 4. The serum creatinine (mg/dL) is 3.7. The blood urea (mg/dL) is 106.0. The glomerular filtration rate (mL/min/1.73m²) is 12.5.",Not CKD
"Based on the patient description, predict if they have CKD.","This patient is 31 years old, female. The age (years) is 31. The sex is female. The hemoglobin (g/dL) is 9.7. The hematocrit (%) is 30.8. The lymphocytes (%) are 10. The mean corpuscular hemoglobin (MCH, pg) is 28.8. The mean corpuscular hemoglobin concentration (MCHC, g/dL) is 35.1. The mean corpuscular volume (MCV, fL) is 82.0. The monocytes (%) are 4. The mean platelet volume (fL) is 9.6. The plateletcrit (%) is 0.2. The platelet distribution width (%) is 40.7. The platelet count (×10^9/L) is 212. The polymorphs (%) are 83. The red blood cell count (million/µL) is 3.7. The red cell distribution width (RDW-SD, fL) is 14.5. The white blood cell count (×10^9/L) is 7.8. The eosinophils (%) are 3. The serum creatinine (mg/dL) is 3.8. The blood urea (mg/dL) is 77.0. The glomerular filtration rate (mL/min/1.73m²) is 13.86.",Not CKD
"Based on the patient description, predict if they have CKD.","This patient is 83 years old, male. The age (years) is 83. The sex is male. The hemoglobin (g/dL) is 9.7. The hematocrit (%) is 28.0. The lymphocytes (%) are 16. The mean corpuscular hemoglobin (MCH, pg) is 30.0. The mean corpuscular hemoglobin concentration (MCHC, g/dL) is 35.0. The mean corpuscular volume (MCV, fL) is 86.0. The monocytes (%) are 5. The mean platelet volume (fL) is 8.4. The plateletcrit (%) is 0.17. The platelet distribution width (%) is 38.6. The platelet count (×10^9/L) is 198. The polymorphs (%) are 76. The red blood cell count (million/µL) is 3.3. The red cell distribution width (RDW-SD, fL) is 14.4. The white blood cell count (×10^9/L) is 4.3. The eosinophils (%) are 3. The serum creatinine (mg/dL) is 2.6. The blood urea (mg/dL) is 101.0. The glomerular filtration rate (mL/min/1.73m²) is 23.69.",Not CKD
"Based on the patient description, predict if they have CKD.","This patient is 65 years old, male. The age (years) is 65. The sex is male. The hemoglobin (g/dL) is 13.8. The hematocrit (%) is 39.3. The lymphocytes (%) are 22. The mean corpuscular hemoglobin (MCH, pg) is 30.1. The mean corpuscular hemoglobin concentration (MCHC, g/dL) is 35.1. The mean corpuscular volume (MCV, fL) is 86.0. The monocytes (%) are 3. The mean platelet volume (fL) is 8.7. The plateletcrit (%) is 0.2. The platelet distribution width (%) is 39.0. The platelet count (×10^9/L) is 255. The polymorphs (%) are 73. The red blood cell count (million/µL) is 4.6. The red cell distribution width (RDW-SD, fL) is 13.4. The white blood cell count (×10^9/L) is 7.1. The eosinophils (%) are 2. The serum creatinine (mg/dL) is 2.9. The blood urea (mg/dL) is 71.0. The glomerular filtration rate (mL/min/1.73m²) is 21.95.",Not CKD
"Based on the patient description, predict if they have CKD.","This patient is 70 years old, female. The age (years) is 70. The sex is female. The hemoglobin (g/dL) is 13.1. The hematocrit (%) is 41.1. The lymphocytes (%) are 19. The mean corpuscular hemoglobin (MCH, pg) is 30.0. The mean corpuscular hemoglobin concentration (MCHC, g/dL) is 35.0. The mean corpuscular volume (MCV, fL) is 86.0. The monocytes (%) are 3. The mean platelet volume (fL) is 8.4. The plateletcrit (%) is 0.1. The platelet distribution width (%) is 37.2. The platelet count (×10^9/L) is 224. The polymorphs (%) are 78. The red blood cell count (million/µL) is 4.8. The red cell distribution width (RDW-SD, fL) is 14.0. The white blood cell count (×10^9/L) is 8.2. The eosinophils (%) are 0. The serum creatinine (mg/dL) is 1.7. The blood urea (mg/dL) is 54.0. The glomerular filtration rate (mL/min/1.73m²) is 29.71.",Not CKD
"Based on the patient description, predict if they have CKD.","This patient is 65 years old, male. The age (years) is 65. The sex is male. The hemoglobin (g/dL) is 12.7. The hematocrit (%) is 36.0. The lymphocytes (%) are 31. The mean corpuscular hemoglobin (MCH, pg) is 30.0. The mean corpuscular hemoglobin concentration (MCHC, g/dL) is 35.0. The mean corpuscular volume (MCV, fL) is 85.0. The monocytes (%) are 8. The mean platelet volume (fL) is 9.1. The plateletcrit (%) is 0.19. The platelet distribution width (%) is 37.8. The platelet count (×10^9/L) is 211. The polymorphs (%) are 57. The red blood cell count (million/µL) is 4.2. The red cell distribution width (RDW-SD, fL) is 11.7. The white blood cell count (×10^9/L) is 5.4. The eosinophils (%) are 4. The serum creatinine (mg/dL) is 1.9. The blood urea (mg/dL) is 66.0. The glomerular filtration rate (mL/min/1.73m²) is 35.75.",Not CKD
"Based on the patient description, predict if they have CKD.","This patient is 43 years old, female. The age (years) is 43. The sex is female. The hemoglobin (g/dL) is 11.8. The hematocrit (%) is 33.0. The lymphocytes (%) are 16. The mean corpuscular hemoglobin (MCH, pg) is 21.0. The mean corpuscular hemoglobin concentration (MCHC, g/dL) is 35.0. The mean corpuscular volume (MCV, fL) is 61.0. The monocytes (%) are 2. The mean platelet volume (fL) is 8.1. The plateletcrit (%) is 0.16. The platelet distribution width (%) is 40.0. The platelet count (×10^9/L) is 198. The polymorphs (%) are 80. The red blood cell count (million/µL) is 5.5. The red cell distribution width (RDW-SD, fL) is 18.0. The white blood cell count (×10^9/L) is 10.5. The eosinophils (%) are 2. The serum creatinine (mg/dL) is 0.8. The blood urea (mg/dL) is 22.0. The glomerular filtration rate (mL/min/1.73m²) is 78.29.",Not CKD
"Based on the patient description, predict if they have CKD.","This patient is 56 years old, male. The age (years) is 56. The sex is male. The hemoglobin (g/dL) is 10.6. The hematocrit (%) is 29.64. The lymphocytes (%) are 4. The mean corpuscular hemoglobin (MCH, pg) is 19.0. The mean corpuscular hemoglobin concentration (MCHC, g/dL) is 36.0. The mean corpuscular volume (MCV, fL) is 55.0. The monocytes (%) are 4. The mean platelet volume (fL) is 43.0. The plateletcrit (%) is 0.16. The platelet distribution width (%) is 43.0. The platelet count (×10^9/L) is 114. The polymorphs (%) are 91. The red blood cell count (million/µL) is 5.4. The red cell distribution width (RDW-SD, fL) is 17.0. The white blood cell count (×10^9/L) is 17.7. The eosinophils (%) are 1. The serum creatinine (mg/dL) is 4.9. The blood urea (mg/dL) is 100.0. The glomerular filtration rate (mL/min/1.73m²) is 12.35.",Not CKD
"Based on the patient description, predict if they have CKD.","This patient is 46 years old, male. The age (years) is 46. The sex is male. The hemoglobin (g/dL) is 14.4. The hematocrit (%) is 39.1. The lymphocytes (%) are 23. The mean corpuscular hemoglobin (MCH, pg) is 31.1. The mean corpuscular hemoglobin concentration (MCHC, g/dL) is 36.9. The mean corpuscular volume (MCV, fL) is 85.0. The monocytes (%) are 2. The mean platelet volume (fL) is 7.8. The plateletcrit (%) is 0.12. The platelet distribution width (%) is 38.5. The platelet count (×10^9/L) is 148. The polymorphs (%) are 73. The red blood cell count (million/µL) is 4.6. The red cell distribution width (RDW-SD, fL) is 14.9. The white blood cell count (×10^9/L) is 6.6. The eosinophils (%) are 2. The serum creatinine (mg/dL) is 2.6. The blood urea (mg/dL) is 56.0. The glomerular filtration rate (mL/min/1.73m²) is 26.71.",Not CKD
"Based on the patient description, predict if they have CKD.","This patient is 83 years old, male. The age (years) is 83. The sex is male. The hemoglobin (g/dL) is 14.3. The hematocrit (%) is 43.0. The lymphocytes (%) are 20. The mean corpuscular hemoglobin (MCH, pg) is 28.0. The mean corpuscular hemoglobin concentration (MCHC, g/dL) is 33.0. The mean corpuscular volume (MCV, fL) is 85.0. The monocytes (%) are 5. The mean platelet volume (fL) is 10.1. The plateletcrit (%) is 0.04. The platelet distribution width (%) is 37.2. The platelet count (×10^9/L) is 71. The polymorphs (%) are 72. The red blood cell count (million/µL) is 5.0. The red cell distribution width (RDW-SD, fL) is 16.6. The white blood cell count (×10^9/L) is 4.3. The eosinophils (%) are 3. The serum creatinine (mg/dL) is 2.3. The blood urea (mg/dL) is 112.0. The glomerular filtration rate (mL/min/1.73m²) is 27.29.",Not CKD
"Based on the patient description, predict if they have CKD.","This patient is 63 years old, female. The age (years) is 63. The sex is female. The hemoglobin (g/dL) is 14.3. The hematocrit (%) is 39.9. The lymphocytes (%) are 15. The mean corpuscular hemoglobin (MCH, pg) is 27.0. The mean corpuscular hemoglobin concentration (MCHC, g/dL) is 35.0. The mean corpuscular volume (MCV, fL) is 75.0. The monocytes (%) are 2. The mean platelet volume (fL) is 7.3. The plateletcrit (%) is 0.21. The platelet distribution width (%) is 35.0. The platelet count (×10^9/L) is 285. The polymorphs (%) are 82. The red blood cell count (million/µL) is 5.2. The red cell distribution width (RDW-SD, fL) is 17.0. The white blood cell count (×10^9/L) is 9.4. The eosinophils (%) are 1. The serum creatinine (mg/dL) is 0.9. The blood urea (mg/dL) is 36.0. The glomerular filtration rate (mL/min/1.73m²) is 63.24.",Not CKD
"Based on the patient description, predict if they have CKD.","This patient is 71 years old, female. The age (years) is 71. The sex is female. The hemoglobin (g/dL) is 12.3. The hematocrit (%) is 35.0. The lymphocytes (%) are 10. The mean corpuscular hemoglobin (MCH, pg) is 23.0. The mean corpuscular hemoglobin concentration (MCHC, g/dL) is 34.0. The mean corpuscular volume (MCV, fL) is 68.0. The monocytes (%) are 11. The mean platelet volume (fL) is 6.6. The plateletcrit (%) is 0.33. The platelet distribution width (%) is 34.2. The platelet count (×10^9/L) is 500. The polymorphs (%) are 70. The red blood cell count (million/µL) is 5.2. The red cell distribution width (RDW-SD, fL) is 20.9. The white blood cell count (×10^9/L) is 21.3. The eosinophils (%) are 9. The serum creatinine (mg/dL) is 3.8. The blood urea (mg/dL) is 104.0. The glomerular filtration rate (mL/min/1.73m²) is 11.71.",Not CKD
"Based on the patient description, predict if they have CKD.","This patient is 67 years old, male. The age (years) is 67. The sex is male. The hemoglobin (g/dL) is 12.0. The hematocrit (%) is 33.37. The lymphocytes (%) are 26. The mean corpuscular hemoglobin (MCH, pg) is 32.0. The mean corpuscular hemoglobin concentration (MCHC, g/dL) is 36.0. The mean corpuscular volume (MCV, fL) is 91.0. The monocytes (%) are 5. The mean platelet volume (fL) is 7.1. The plateletcrit (%) is 0.21. The platelet distribution width (%) is 34.0. The platelet count (×10^9/L) is 285. The polymorphs (%) are 67. The red blood cell count (million/µL) is 3.6. The red cell distribution width (RDW-SD, fL) is 15.0. The white blood cell count (×10^9/L) is 8.8. The eosinophils (%) are 2. The serum creatinine (mg/dL) is 4.6. The blood urea (mg/dL) is 116.0. The glomerular filtration rate (mL/min/1.73m²) is 12.81.",Not CKD
"Based on the patient description, predict if they have CKD.","This patient is 74 years old, female. The age (years) is 74. The sex is female. The hemoglobin (g/dL) is 10.9. The hematocrit (%) is 31.7. The lymphocytes (%) are 28. The mean corpuscular hemoglobin (MCH, pg) is 21.1. The mean corpuscular hemoglobin concentration (MCHC, g/dL) is 34.5. The mean corpuscular volume (MCV, fL) is 61.0. The monocytes (%) are 3. The mean platelet volume (fL) is 8.0. The plateletcrit (%) is 0.1. The platelet distribution width (%) is 40.0. The platelet count (×10^9/L) is 154. The polymorphs (%) are 68. The red blood cell count (million/µL) is 5.2. The red cell distribution width (RDW-SD, fL) is 16.6. The white blood cell count (×10^9/L) is 4.5. The eosinophils (%) are 1. The serum creatinine (mg/dL) is 1.8. The blood urea (mg/dL) is 63.0. The glomerular filtration rate (mL/min/1.73m²) is 27.5.",Not CKD
"Based on the patient description, predict if they have CKD.","This patient is 33 years old, male. The age (years) is 33. The sex is male. The hemoglobin (g/dL) is 12.0. The hematocrit (%) is 33.34. The lymphocytes (%) are 7. The mean corpuscular hemoglobin (MCH, pg) is 28.0. The mean corpuscular hemoglobin concentration (MCHC, g/dL) is 35.0. The mean corpuscular volume (MCV, fL) is 79.0. The monocytes (%) are 2. The mean platelet volume (fL) is 8.9. The plateletcrit (%) is 0.34. The platelet distribution width (%) is 38.0. The platelet count (×10^9/L) is 381. The polymorphs (%) are 91. The red blood cell count (million/µL) is 4.2. The red cell distribution width (RDW-SD, fL) is 17.0. The white blood cell count (×10^9/L) is 9.5. The eosinophils (%) are 0. The serum creatinine (mg/dL) is 11.1. The blood urea (mg/dL) is 252.0. The glomerular filtration rate (mL/min/1.73m²) is 5.35.",Not CKD
"Based on the patient description, predict if they have CKD.","This patient is 50 years old, female. The age (years) is 50. The sex is female. The hemoglobin (g/dL) is 14.6. The hematocrit (%) is 41.3. The lymphocytes (%) are 30. The mean corpuscular hemoglobin (MCH, pg) is 30.2. The mean corpuscular hemoglobin concentration (MCHC, g/dL) is 35.4. The mean corpuscular volume (MCV, fL) is 85.0. The monocytes (%) are 4. The mean platelet volume (fL) is 7.6. The plateletcrit (%) is 0.2. The platelet distribution width (%) is 36.9. The platelet count (×10^9/L) is 333. The polymorphs (%) are 64. The red blood cell count (million/µL) is 4.8. The red cell distribution width (RDW-SD, fL) is 13.6. The white blood cell count (×10^9/L) is 9.8. The eosinophils (%) are 2. The serum creatinine (mg/dL) is 1.0. The blood urea (mg/dL) is 57.0. The glomerular filtration rate (mL/min/1.73m²) is 58.69.",Not CKD
"Based on the patient description, predict if they have CKD.","This patient is 33 years old, male. The age (years) is 33. The sex is male. The hemoglobin (g/dL) is 15.1. The hematocrit (%) is 45.0. The lymphocytes (%) are 32. The mean corpuscular hemoglobin (MCH, pg) is 30.0. The mean corpuscular hemoglobin concentration (MCHC, g/dL) is 35.0. The mean corpuscular volume (MCV, fL) is 88.0. The monocytes (%) are 3. The mean platelet volume (fL) is 8.8. The plateletcrit (%) is 0.33. The platelet distribution width (%) is 39.2. The platelet count (×10^9/L) is 382. The polymorphs (%) are 64. The red blood cell count (million/µL) is 5.1. The red cell distribution width (RDW-SD, fL) is 12.1. The white blood cell count (×10^9/L) is 7.0. The eosinophils (%) are 1. The serum creatinine (mg/dL) is 1.3. The blood urea (mg/dL) is 75.0. The glomerular filtration rate (mL/min/1.73m²) is 63.58.",Not CKD
"Based on the patient description, predict if they have CKD.","This patient is 59 years old, male. The age (years) is 59. The sex is male. The hemoglobin (g/dL) is 11.6. The hematocrit (%) is 31.99. The lymphocytes (%) are 16. The mean corpuscular hemoglobin (MCH, pg) is 31.0. The mean corpuscular hemoglobin concentration (MCHC, g/dL) is 36.0. The mean corpuscular volume (MCV, fL) is 86.0. The monocytes (%) are 4. The mean platelet volume (fL) is 10.0. The plateletcrit (%) is 0.3. The platelet distribution width (%) is 40.0. The platelet count (×10^9/L) is 297. The polymorphs (%) are 80. The red blood cell count (million/µL) is 3.7. The red cell distribution width (RDW-SD, fL) is 11.9. The white blood cell count (×10^9/L) is 11.0. The eosinophils (%) are 0. The serum creatinine (mg/dL) is 1.6. The blood urea (mg/dL) is 94.0. The glomerular filtration rate (mL/min/1.73m²) is 44.46.",Not CKD
"Based on the patient description, predict if they have CKD.","This patient is 60 years old, female. The age (years) is 60. The sex is female. The hemoglobin (g/dL) is 10.7. The hematocrit (%) is 31.0. The lymphocytes (%) are 21. The mean corpuscular hemoglobin (MCH, pg) is 29.0. The mean corpuscular hemoglobin concentration (MCHC, g/dL) is 34.0. The mean corpuscular volume (MCV, fL) is 84.0. The monocytes (%) are 5. The mean platelet volume (fL) is 9.2. The plateletcrit (%) is 0.26. The platelet distribution width (%) is 39.2. The platelet count (×10^9/L) is 285. The polymorphs (%) are 71. The red blood cell count (million/µL) is 3.7. The red cell distribution width (RDW-SD, fL) is 15.3. The white blood cell count (×10^9/L) is 9.8. The eosinophils (%) are 3. The serum creatinine (mg/dL) is 1.6. The blood urea (mg/dL) is 78.0. The glomerular filtration rate (mL/min/1.73m²) is 32.88.",Not CKD
"Based on the patient description, predict if they have CKD.","This patient is 70 years old, female. The age (years) is 70. The sex is female. The hemoglobin (g/dL) is 12.2. The hematocrit (%) is 33.51. The lymphocytes (%) are 33. The mean corpuscular hemoglobin (MCH, pg) is 32.0. The mean corpuscular hemoglobin concentration (MCHC, g/dL) is 36.0. The mean corpuscular volume (MCV, fL) is 88.0. The monocytes (%) are 8. The mean platelet volume (fL) is 9.9. The plateletcrit (%) is 0.06. The platelet distribution width (%) is 40.0. The platelet count (×10^9/L) is 93. The polymorphs (%) are 55. The red blood cell count (million/µL) is 3.8. The red cell distribution width (RDW-SD, fL) is 13.2. The white blood cell count (×10^9/L) is 4.9. The eosinophils (%) are 4. The serum creatinine (mg/dL) is 1.7. The blood urea (mg/dL) is 61.0. The glomerular filtration rate (mL/min/1.73m²) is 29.71.",Not CKD
"Based on the patient description, predict if they have CKD.","This patient is 49 years old, male. The age (years) is 49. The sex is male. The hemoglobin (g/dL) is 10.5. The hematocrit (%) is 29.0. The lymphocytes (%) are 17. The mean corpuscular hemoglobin (MCH, pg) is 26.0. The mean corpuscular hemoglobin concentration (MCHC, g/dL) is 35.0. The mean corpuscular volume (MCV, fL) is 74.0. The monocytes (%) are 2. The mean platelet volume (fL) is 8.2. The plateletcrit (%) is 0.13. The platelet distribution width (%) is 38.6. The platelet count (×10^9/L) is 160. The polymorphs (%) are 81. The red blood cell count (million/µL) is 3.9. The red cell distribution width (RDW-SD, fL) is 17.6. The white blood cell count (×10^9/L) is 11.2. The eosinophils (%) are 0. The serum creatinine (mg/dL) is 5.5. The blood urea (mg/dL) is 118.0. The glomerular filtration rate (mL/min/1.73m²) is 11.11.",Not CKD
"Based on the patient description, predict if they have CKD.","This patient is 73 years old, male. The age (years) is 73. The sex is male. The hemoglobin (g/dL) is 12.0. The hematocrit (%) is 33.86. The lymphocytes (%) are 31. The mean corpuscular hemoglobin (MCH, pg) is 33.0. The mean corpuscular hemoglobin concentration (MCHC, g/dL) is 35.0. The mean corpuscular volume (MCV, fL) is 95.0. The monocytes (%) are 4. The mean platelet volume (fL) is 7.9. The plateletcrit (%) is 0.17. The platelet distribution width (%) is 37.0. The platelet count (×10^9/L) is 218. The polymorphs (%) are 64. The red blood cell count (million/µL) is 3.5. The red cell distribution width (RDW-SD, fL) is 11.9. The white blood cell count (×10^9/L) is 7.3. The eosinophils (%) are 1. The serum creatinine (mg/dL) is 1.2. The blood urea (mg/dL) is 43.0. The glomerular filtration rate (mL/min/1.73m²) is 59.35.",Not CKD
"Based on the patient description, predict if they have CKD.","This patient is 55 years old, female. The age (years) is 55. The sex is female. The hemoglobin (g/dL) is 14.3. The hematocrit (%) is 42.63. The lymphocytes (%) are 26. The mean corpuscular hemoglobin (MCH, pg) is 28.0. The mean corpuscular hemoglobin concentration (MCHC, g/dL) is 33.0. The mean corpuscular volume (MCV, fL) is 85.0. The monocytes (%) are 4. The mean platelet volume (fL) is 12.1. The plateletcrit (%) is 0.26. The platelet distribution width (%) is 45.0. The platelet count (×10^9/L) is 215. The polymorphs (%) are 67. The red blood cell count (million/µL) is 5.0. The red cell distribution width (RDW-SD, fL) is 12.0. The white blood cell count (×10^9/L) is 6.6. The eosinophils (%) are 3. The serum creatinine (mg/dL) is 2.0. The blood urea (mg/dL) is 88.0. The glomerular filtration rate (mL/min/1.73m²) is 25.87.",Not CKD
"Based on the patient description, predict if they have CKD.","This patient is 65 years old, male. The age (years) is 65. The sex is male. The hemoglobin (g/dL) is 10.4. The hematocrit (%) is 31.03. The lymphocytes (%) are 7. The mean corpuscular hemoglobin (MCH, pg) is 29.0. The mean corpuscular hemoglobin concentration (MCHC, g/dL) is 36.0. The mean corpuscular volume (MCV, fL) is 80.0. The monocytes (%) are 3. The mean platelet volume (fL) is 10.1. The plateletcrit (%) is 0.21. The platelet distribution width (%) is 40.0. The platelet count (×10^9/L) is 206. The polymorphs (%) are 90. The red blood cell count (million/µL) is 3.8. The red cell distribution width (RDW-SD, fL) is 15.0. The white blood cell count (×10^9/L) is 8.6. The eosinophils (%) are 1. The serum creatinine (mg/dL) is 2.6. The blood urea (mg/dL) is 82.0. The glomerular filtration rate (mL/min/1.73m²) is 24.9.",Not CKD
"Based on the patient description, predict if they have CKD.","This patient is 83 years old, male. The age (years) is 83. The sex is male. The hemoglobin (g/dL) is 10.4. The hematocrit (%) is 29.53. The lymphocytes (%) are 37. The mean corpuscular hemoglobin (MCH, pg) is 31.0. The mean corpuscular hemoglobin concentration (MCHC, g/dL) is 35.0. The mean corpuscular volume (MCV, fL) is 89.0. The monocytes (%) are 6. The mean platelet volume (fL) is 9.3. The plateletcrit (%) is 0.12. The platelet distribution width (%) is 38.0. The platelet count (×10^9/L) is 132. The polymorphs (%) are 54. The red blood cell count (million/µL) is 3.3. The red cell distribution width (RDW-SD, fL) is 16.0. The white blood cell count (×10^9/L) is 4.0. The eosinophils (%) are 3. The serum creatinine (mg/dL) is 1.2. The blood urea (mg/dL) is 27.0. The glomerular filtration rate (mL/min/1.73m²) is 57.82.",Not CKD
"Based on the patient description, predict if they have CKD.","This patient is 72 years old, female. The age (years) is 72. The sex is female. The hemoglobin (g/dL) is 10.9. The hematocrit (%) is 29.7. The lymphocytes (%) are 16. The mean corpuscular hemoglobin (MCH, pg) is 31.7. The mean corpuscular hemoglobin concentration (MCHC, g/dL) is 36.7. The mean corpuscular volume (MCV, fL) is 87.0. The monocytes (%) are 6. The mean platelet volume (fL) is 7.3. The plateletcrit (%) is 0.3. The platelet distribution width (%) is 36.1. The platelet count (×10^9/L) is 439. The polymorphs (%) are 74. The red blood cell count (million/µL) is 3.4. The red cell distribution width (RDW-SD, fL) is 12.7. The white blood cell count (×10^9/L) is 6.9. The eosinophils (%) are 4. The serum creatinine (mg/dL) is 2.2. The blood urea (mg/dL) is 73.0. The glomerular filtration rate (mL/min/1.73m²) is 21.94.",Not CKD
"Based on the patient description, predict if they have CKD.","This patient is 98 years old, male. The age (years) is 98. The sex is male. The hemoglobin (g/dL) is 10.3. The hematocrit (%) is 27.0. The lymphocytes (%) are 10. The mean corpuscular hemoglobin (MCH, pg) is 28.0. The mean corpuscular hemoglobin concentration (MCHC, g/dL) is 37.0. The mean corpuscular volume (MCV, fL) is 77.0. The monocytes (%) are 3. The mean platelet volume (fL) is 7.8. The plateletcrit (%) is 0.35. The platelet distribution width (%) is 36.4. The platelet count (×10^9/L) is 442. The polymorphs (%) are 85. The red blood cell count (million/µL) is 3.5. The red cell distribution width (RDW-SD, fL) is 15.2. The white blood cell count (×10^9/L) is 18.7. The eosinophils (%) are 2. The serum creatinine (mg/dL) is 2.1. The blood urea (mg/dL) is 142.0. The glomerular filtration rate (mL/min/1.73m²) is 29.31.",Not CKD
"Based on the patient description, predict if they have CKD.","This patient is 30 years old, male. The age (years) is 30. The sex is male. The hemoglobin (g/dL) is 11.8. The hematocrit (%) is 31.0. The lymphocytes (%) are 29. The mean corpuscular hemoglobin (MCH, pg) is 32.0. The mean corpuscular hemoglobin concentration (MCHC, g/dL) is 37.0. The mean corpuscular volume (MCV, fL) is 85.0. The monocytes (%) are 3. The mean platelet volume (fL) is 7.0. The plateletcrit (%) is 0.17. The platelet distribution width (%) is 33.8. The platelet count (×10^9/L) is 248. The polymorphs (%) are 66. The red blood cell count (million/µL) is 3.6. The red cell distribution width (RDW-SD, fL) is 14.9. The white blood cell count (×10^9/L) is 4.4. The eosinophils (%) are 2. The serum creatinine (mg/dL) is 1.3. The blood urea (mg/dL) is 29.0. The glomerular filtration rate (mL/min/1.73m²) is 64.82.",Not CKD
"Based on the patient description, predict if they have CKD.","This patient is 10 years old, male. The age (years) is 10. The sex is male. The hemoglobin (g/dL) is 14.6. The hematocrit (%) is 39.55. The lymphocytes (%) are 42. The mean corpuscular hemoglobin (MCH, pg) is 28.0. The mean corpuscular hemoglobin concentration (MCHC, g/dL) is 37.0. The mean corpuscular volume (MCV, fL) is 77.0. The monocytes (%) are 3. The mean platelet volume (fL) is 6.8. The plateletcrit (%) is 0.17. The platelet distribution width (%) is 34.0. The platelet count (×10^9/L) is 250. The polymorphs (%) are 54. The red blood cell count (million/µL) is 5.1. The red cell distribution width (RDW-SD, fL) is 14.0. The white blood cell count (×10^9/L) is 5.6. The eosinophils (%) are 1. The serum creatinine (mg/dL) is 0.8. The blood urea (mg/dL) is 29.0. The glomerular filtration rate (mL/min/1.73m²) is 141.86.",Not CKD
"Based on the patient description, predict if they have CKD.","This patient is 49 years old, male. The age (years) is 49. The sex is male. The hemoglobin (g/dL) is 10.9. The hematocrit (%) is 29.76. The lymphocytes (%) are 19. The mean corpuscular hemoglobin (MCH, pg) is 26.0. The mean corpuscular hemoglobin concentration (MCHC, g/dL) is 36.0. The mean corpuscular volume (MCV, fL) is 76.0. The monocytes (%) are 5. The mean platelet volume (fL) is 7.0. The plateletcrit (%) is 0.17. The platelet distribution width (%) is 19.0. The platelet count (×10^9/L) is 250. The polymorphs (%) are 74. The red blood cell count (million/µL) is 4.0. The red cell distribution width (RDW-SD, fL) is 19.6. The white blood cell count (×10^9/L) is 7.7. The eosinophils (%) are 2. The serum creatinine (mg/dL) is 6.1. The blood urea (mg/dL) is 108.0. The glomerular filtration rate (mL/min/1.73m²) is 9.86.",Not CKD
"Based on the patient description, predict if they have CKD.","This patient is 83 years old, male. The age (years) is 83. The sex is male. The hemoglobin (g/dL) is 10.3. The hematocrit (%) is 27.0. The lymphocytes (%) are 13. The mean corpuscular hemoglobin (MCH, pg) is 31.0. The mean corpuscular hemoglobin concentration (MCHC, g/dL) is 37.0. The mean corpuscular volume (MCV, fL) is 83.0. The monocytes (%) are 3. The mean platelet volume (fL) is 7.4. The plateletcrit (%) is 0.17. The platelet distribution width (%) is 33.8. The platelet count (×10^9/L) is 228. The polymorphs (%) are 83. The red blood cell count (million/µL) is 3.3. The red cell distribution width (RDW-SD, fL) is 14.9. The white blood cell count (×10^9/L) is 6.6. The eosinophils (%) are 1. The serum creatinine (mg/dL) is 3.0. The blood urea (mg/dL) is 85.0. The glomerular filtration rate (mL/min/1.73m²) is 20.08.",Not CKD
"Based on the patient description, predict if they have CKD.","This patient is 43 years old, female. The age (years) is 43. The sex is female. The hemoglobin (g/dL) is 6.9. The hematocrit (%) is 18.9. The lymphocytes (%) are 32. The mean corpuscular hemoglobin (MCH, pg) is 21.0. The mean corpuscular hemoglobin concentration (MCHC, g/dL) is 35.0. The mean corpuscular volume (MCV, fL) is 62.0. The monocytes (%) are 5. The mean platelet volume (fL) is 6.6. The plateletcrit (%) is 0.1. The platelet distribution width (%) is 32.0. The platelet count (×10^9/L) is 156. The polymorphs (%) are 61. The red blood cell count (million/µL) is 3.0. The red cell distribution width (RDW-SD, fL) is 16.0. The white blood cell count (×10^9/L) is 5.4. The eosinophils (%) are 2. The serum creatinine (mg/dL) is 5.9. The blood urea (mg/dL) is 102.0. The glomerular filtration rate (mL/min/1.73m²) is 7.8.",Not CKD
"Based on the patient description, predict if they have CKD.","This patient is 37 years old, male. The age (years) is 37. The sex is male. The hemoglobin (g/dL) is 11.1. The hematocrit (%) is 30.47. The lymphocytes (%) are 8. The mean corpuscular hemoglobin (MCH, pg) is 26.0. The mean corpuscular hemoglobin concentration (MCHC, g/dL) is 36.0. The mean corpuscular volume (MCV, fL) is 74.0. The monocytes (%) are 2. The mean platelet volume (fL) is 7.2. The plateletcrit (%) is 0.26. The platelet distribution width (%) is 35.0. The platelet count (×10^9/L) is 362. The polymorphs (%) are 88. The red blood cell count (million/µL) is 4.1. The red cell distribution width (RDW-SD, fL) is 21.0. The white blood cell count (×10^9/L) is 11.0. The eosinophils (%) are 2. The serum creatinine (mg/dL) is 7.7. The blood urea (mg/dL) is 153.0. The glomerular filtration rate (mL/min/1.73m²) is 7.97.",Not CKD
"Based on the patient description, predict if they have CKD.","This patient is 72 years old, male. The age (years) is 72. The sex is male. The hemoglobin (g/dL) is 10.1. The hematocrit (%) is 27.54. The lymphocytes (%) are 23. The mean corpuscular hemoglobin (MCH, pg) is 33.0. The mean corpuscular hemoglobin concentration (MCHC, g/dL) is 36.0. The mean corpuscular volume (MCV, fL) is 90.0. The monocytes (%) are 5. The mean platelet volume (fL) is 7.7. The plateletcrit (%) is 0.23. The platelet distribution width (%) is 35.0. The platelet count (×10^9/L) is 303. The polymorphs (%) are 70. The red blood cell count (million/µL) is 3.0. The red cell distribution width (RDW-SD, fL) is 15.0. The white blood cell count (×10^9/L) is 8.8. The eosinophils (%) are 2. The serum creatinine (mg/dL) is 3.1. The blood urea (mg/dL) is 136.0. The glomerular filtration rate (mL/min/1.73m²) is 19.91.",Not CKD
"Based on the patient description, predict if they have CKD.","This patient is 71 years old, female. The age (years) is 71. The sex is female. The hemoglobin (g/dL) is 13.4. The hematocrit (%) is 38.2. The lymphocytes (%) are 5. The mean corpuscular hemoglobin (MCH, pg) is 23.0. The mean corpuscular hemoglobin concentration (MCHC, g/dL) is 35.0. The mean corpuscular volume (MCV, fL) is 66.0. The monocytes (%) are 4. The mean platelet volume (fL) is 7.5. The plateletcrit (%) is 0.6. The platelet distribution width (%) is 37.0. The platelet count (×10^9/L) is 775. The polymorphs (%) are 91. The red blood cell count (million/µL) is 5.8. The red cell distribution width (RDW-SD, fL) is 21.0. The white blood cell count (×10^9/L) is 16.4. The eosinophils (%) are 2. The serum creatinine (mg/dL) is 3.3. The blood urea (mg/dL) is 84.0. The glomerular filtration rate (mL/min/1.73m²) is 13.78.",Not CKD
"Based on the patient description, predict if they have CKD.","This patient is 71 years old, female. The age (years) is 71. The sex is female. The hemoglobin (g/dL) is 13.4. The hematocrit (%) is 32.0. The lymphocytes (%) are 34. The mean corpuscular hemoglobin (MCH, pg) is 33.0. The mean corpuscular hemoglobin concentration (MCHC, g/dL) is 42.0. The mean corpuscular volume (MCV, fL) is 80.0. The monocytes (%) are 6. The mean platelet volume (fL) is 7.4. The plateletcrit (%) is 0.16. The platelet distribution width (%) is 36.0. The platelet count (×10^9/L) is 219. The polymorphs (%) are 58. The red blood cell count (million/µL) is 4.0. The red cell distribution width (RDW-SD, fL) is 16.0. The white blood cell count (×10^9/L) is 5.7. The eosinophils (%) are 2. The serum creatinine (mg/dL) is 3.3. The blood urea (mg/dL) is 91.0. The glomerular filtration rate (mL/min/1.73m²) is 13.78.",Not CKD
"Based on the patient description, predict if they have CKD.","This patient is 47 years old, male. The age (years) is 47. The sex is male. The hemoglobin (g/dL) is 8.9. The hematocrit (%) is 23.48. The lymphocytes (%) are 21. The mean corpuscular hemoglobin (MCH, pg) is 31.0. The mean corpuscular hemoglobin concentration (MCHC, g/dL) is 37.0. The mean corpuscular volume (MCV, fL) is 83.0. The monocytes (%) are 3. The mean platelet volume (fL) is 8.4. The plateletcrit (%) is 0.2. The platelet distribution width (%) is 38.0. The platelet count (×10^9/L) is 243. The polymorphs (%) are 74. The red blood cell count (million/µL) is 2.8. The red cell distribution width (RDW-SD, fL) is 17.0. The white blood cell count (×10^9/L) is 8.5. The eosinophils (%) are 2. The serum creatinine (mg/dL) is 6.9. The blood urea (mg/dL) is 107.0. The glomerular filtration rate (mL/min/1.73m²) is 8.62.",Not CKD
"Based on the patient description, predict if they have CKD.","This patient is 36 years old, female. The age (years) is 36. The sex is female. The hemoglobin (g/dL) is 10.5. The hematocrit (%) is 28.49. The lymphocytes (%) are 31. The mean corpuscular hemoglobin (MCH, pg) is 32.0. The mean corpuscular hemoglobin concentration (MCHC, g/dL) is 37.0. The mean corpuscular volume (MCV, fL) is 87.0. The monocytes (%) are 5. The mean platelet volume (fL) is 6.3. The plateletcrit (%) is 0.15. The platelet distribution width (%) is 32.0. The platelet count (×10^9/L) is 240. The polymorphs (%) are 61. The red blood cell count (million/µL) is 3.2. The red cell distribution width (RDW-SD, fL) is 17.0. The white blood cell count (×10^9/L) is 6.7. The eosinophils (%) are 3. The serum creatinine (mg/dL) is 0.9. The blood urea (mg/dL) is 48.0. The glomerular filtration rate (mL/min/1.73m²) is 70.85.",Not CKD
"Based on the patient description, predict if they have CKD.","This patient is 70 years old, male. The age (years) is 70. The sex is male. The hemoglobin (g/dL) is 7.2. The hematocrit (%) is 18.0. The lymphocytes (%) are 27. The mean corpuscular hemoglobin (MCH, pg) is 30.0. The mean corpuscular hemoglobin concentration (MCHC, g/dL) is 38.0. The mean corpuscular volume (MCV, fL) is 79.0. The monocytes (%) are 3. The mean platelet volume (fL) is 7.3. The plateletcrit (%) is 0.15. The platelet distribution width (%) is 35.0. The platelet count (×10^9/L) is 203. The polymorphs (%) are 68. The red blood cell count (million/µL) is 2.3. The red cell distribution width (RDW-SD, fL) is 18.0. The white blood cell count (×10^9/L) is 7.1. The eosinophils (%) are 2. The serum creatinine (mg/dL) is 4.5. The blood urea (mg/dL) is 93.0. The glomerular filtration rate (mL/min/1.73m²) is 13.02.",Not CKD
"Based on the patient description, predict if they have CKD.","This patient is 8 years old, male. The age (years) is 8. The sex is male. The hemoglobin (g/dL) is 11.2. The hematocrit (%) is 29.0. The lymphocytes (%) are 10. The mean corpuscular hemoglobin (MCH, pg) is 27.0. The mean corpuscular hemoglobin concentration (MCHC, g/dL) is 39.0. The mean corpuscular volume (MCV, fL) is 69.0. The monocytes (%) are 3. The mean platelet volume (fL) is 5.7. The plateletcrit (%) is 0.23. The platelet distribution width (%) is 31.0. The platelet count (×10^9/L) is 411. The polymorphs (%) are 85. The red blood cell count (million/µL) is 4.2. The red cell distribution width (RDW-SD, fL) is 16.8. The white blood cell count (×10^9/L) is 21.6. The eosinophils (%) are 2. The serum creatinine (mg/dL) is 2.7. The blood urea (mg/dL) is 86.0. The glomerular filtration rate (mL/min/1.73m²) is 36.47.",Not CKD
"Based on the patient description, predict if they have CKD.","This patient is 65 years old, female. The age (years) is 65. The sex is female. The hemoglobin (g/dL) is 8.9. The hematocrit (%) is 24.9. The lymphocytes (%) are 23. The mean corpuscular hemoglobin (MCH, pg) is 19.8. The mean corpuscular hemoglobin concentration (MCHC, g/dL) is 36.0. The mean corpuscular volume (MCV, fL) is 55.0. The monocytes (%) are 3. The mean platelet volume (fL) is 6.6. The plateletcrit (%) is 0.16. The platelet distribution width (%) is 34.0. The platelet count (×10^9/L) is 235. The polymorphs (%) are 72. The red blood cell count (million/µL) is 4.5. The red cell distribution width (RDW-SD, fL) is 18.8. The white blood cell count (×10^9/L) is 10.9. The eosinophils (%) are 2. The serum creatinine (mg/dL) is 2.9. The blood urea (mg/dL) is 54.0. The glomerular filtration rate (mL/min/1.73m²) is 16.29.",Not CKD
"Based on the patient description, predict if they have CKD.","This patient is 55 years old, female. The age (years) is 55. The sex is female. The hemoglobin (g/dL) is 13.4. The hematocrit (%) is 38.28. The lymphocytes (%) are 15. The mean corpuscular hemoglobin (MCH, pg) is 28.0. The mean corpuscular hemoglobin concentration (MCHC, g/dL) is 34.0. The mean corpuscular volume (MCV, fL) is 82.0. The monocytes (%) are 2. The mean platelet volume (fL) is 7.3. The plateletcrit (%) is 0.16. The platelet distribution width (%) is 38.0. The platelet count (×10^9/L) is 221. The polymorphs (%) are 81. The red blood cell count (million/µL) is 4.6. The red cell distribution width (RDW-SD, fL) is 14.0. The white blood cell count (×10^9/L) is 8.6. The eosinophils (%) are 2. The serum creatinine (mg/dL) is 1.2. The blood urea (mg/dL) is 46.0. The glomerular filtration rate (mL/min/1.73m²) is 46.64.",Not CKD
"Based on the patient description, predict if they have CKD.","This patient is 31 years old, male. The age (years) is 31. The sex is male. The hemoglobin (g/dL) is 13.9. The hematocrit (%) is 39.0. The lymphocytes (%) are 26. The mean corpuscular hemoglobin (MCH, pg) is 31.0. The mean corpuscular hemoglobin concentration (MCHC, g/dL) is 36.0. The mean corpuscular volume (MCV, fL) is 86.0. The monocytes (%) are 6. The mean platelet volume (fL) is 7.0. The plateletcrit (%) is 0.16. The platelet distribution width (%) is 34.5. The platelet count (×10^9/L) is 233. The polymorphs (%) are 65. The red blood cell count (million/µL) is 4.5. The red cell distribution width (RDW-SD, fL) is 13.8. The white blood cell count (×10^9/L) is 7.8. The eosinophils (%) are 3. The serum creatinine (mg/dL) is 2.2. The blood urea (mg/dL) is 73.0. The glomerular filtration rate (mL/min/1.73m²) is 35.09.",Not CKD
"Based on the patient description, predict if they have CKD.","This patient is 24 years old, male. The age (years) is 24. The sex is male. The hemoglobin (g/dL) is 12.9. The hematocrit (%) is 37.97. The lymphocytes (%) are 10. The mean corpuscular hemoglobin (MCH, pg) is 33.0. The mean corpuscular hemoglobin concentration (MCHC, g/dL) is 36.0. The mean corpuscular volume (MCV, fL) is 92.0. The monocytes (%) are 2. The mean platelet volume (fL) is 8.8. The plateletcrit (%) is 0.16. The platelet distribution width (%) is 37.0. The platelet count (×10^9/L) is 179. The polymorphs (%) are 88. The red blood cell count (million/µL) is 4.1. The red cell distribution width (RDW-SD, fL) is 13.0. The white blood cell count (×10^9/L) is 10.9. The eosinophils (%) are 0. The serum creatinine (mg/dL) is 1.0. The blood urea (mg/dL) is 35.0. The glomerular filtration rate (mL/min/1.73m²) is 91.8.",Not CKD
"Based on the patient description, predict if they have CKD.","This patient is 34 years old, female. The age (years) is 34. The sex is female. The hemoglobin (g/dL) is 14.7. The hematocrit (%) is 38.7. The lymphocytes (%) are 12. The mean corpuscular hemoglobin (MCH, pg) is 30.0. The mean corpuscular hemoglobin concentration (MCHC, g/dL) is 38.0. The mean corpuscular volume (MCV, fL) is 81.0. The monocytes (%) are 2. The mean platelet volume (fL) is 8.1. The plateletcrit (%) is 0.27. The platelet distribution width (%) is 37.0. The platelet count (×10^9/L) is 334. The polymorphs (%) are 84. The red blood cell count (million/µL) is 4.8. The red cell distribution width (RDW-SD, fL) is 13.0. The white blood cell count (×10^9/L) is 12.9. The eosinophils (%) are 2. The serum creatinine (mg/dL) is 0.9. The blood urea (mg/dL) is 35.0. The glomerular filtration rate (mL/min/1.73m²) is 71.67.",Not CKD
"Based on the patient description, predict if they have CKD.","This patient is 55 years old, female. The age (years) is 55. The sex is female. The hemoglobin (g/dL) is 10.8. The hematocrit (%) is 35.0. The lymphocytes (%) are 22. The mean corpuscular hemoglobin (MCH, pg) is 25.0. The mean corpuscular hemoglobin concentration (MCHC, g/dL) is 34.0. The mean corpuscular volume (MCV, fL) is 74.0. The monocytes (%) are 2. The mean platelet volume (fL) is 7.4. The plateletcrit (%) is 0.25. The platelet distribution width (%) is 36.4. The platelet count (×10^9/L) is 332. The polymorphs (%) are 76. The red blood cell count (million/µL) is 4.8. The red cell distribution width (RDW-SD, fL) is 18.7. The white blood cell count (×10^9/L) is 9.6. The eosinophils (%) are 0. The serum creatinine (mg/dL) is 1.3. The blood urea (mg/dL) is 53.0. The glomerular filtration rate (mL/min/1.73m²) is 42.53.",Not CKD
"Based on the patient description, predict if they have CKD.","This patient is 76 years old, male. The age (years) is 76. The sex is male. The hemoglobin (g/dL) is 15.3. The hematocrit (%) is 44.59. The lymphocytes (%) are 21. The mean corpuscular hemoglobin (MCH, pg) is 29.0. The mean corpuscular hemoglobin concentration (MCHC, g/dL) is 34.0. The mean corpuscular volume (MCV, fL) is 86.0. The monocytes (%) are 5. The mean platelet volume (fL) is 10.5. The plateletcrit (%) is 0.14. The platelet distribution width (%) is 43.0. The platelet count (×10^9/L) is 134. The polymorphs (%) are 71. The red blood cell count (million/µL) is 5.2. The red cell distribution width (RDW-SD, fL) is 13.0. The white blood cell count (×10^9/L) is 5.5. The eosinophils (%) are 3. The serum creatinine (mg/dL) is 2.6. The blood urea (mg/dL) is 94.0. The glomerular filtration rate (mL/min/1.73m²) is 24.12.",Not CKD
"Based on the patient description, predict if they have CKD.","This patient is 65 years old, male. The age (years) is 65. The sex is male. The hemoglobin (g/dL) is 13.0. The hematocrit (%) is 36.0. The lymphocytes (%) are 17. The mean corpuscular hemoglobin (MCH, pg) is 30.0. The mean corpuscular hemoglobin concentration (MCHC, g/dL) is 35.0. The mean corpuscular volume (MCV, fL) is 87.0. The monocytes (%) are 3. The mean platelet volume (fL) is 7.5. The plateletcrit (%) is 0.19. The platelet distribution width (%) is 37.7. The platelet count (×10^9/L) is 248. The polymorphs (%) are 79. The red blood cell count (million/µL) is 4.2. The red cell distribution width (RDW-SD, fL) is 13.6. The white blood cell count (×10^9/L) is 8.7. The eosinophils (%) are 1. The serum creatinine (mg/dL) is 1.8. The blood urea (mg/dL) is 97.0. The glomerular filtration rate (mL/min/1.73m²) is 38.06.",Not CKD
"Based on the patient description, predict if they have CKD.","This patient is 38 years old, male. The age (years) is 38. The sex is male. The hemoglobin (g/dL) is 15.1. The hematocrit (%) is 42.9. The lymphocytes (%) are 8. The mean corpuscular hemoglobin (MCH, pg) is 31.7. The mean corpuscular hemoglobin concentration (MCHC, g/dL) is 35.1. The mean corpuscular volume (MCV, fL) is 90.0. The monocytes (%) are 3. The mean platelet volume (fL) is 7.6. The plateletcrit (%) is 0.2. The platelet distribution width (%) is 36.9. The platelet count (×10^9/L) is 260. The polymorphs (%) are 87. The red blood cell count (million/µL) is 4.7. The red cell distribution width (RDW-SD, fL) is 15.0. The white blood cell count (×10^9/L) is 17.8. The eosinophils (%) are 2. The serum creatinine (mg/dL) is 2.4. The blood urea (mg/dL) is 55.0. The glomerular filtration rate (mL/min/1.73m²) is 30.45.",Not CKD
"Based on the patient description, predict if they have CKD.","This patient is 71 years old, female. The age (years) is 71. The sex is female. The hemoglobin (g/dL) is 13.1. The hematocrit (%) is 36.45. The lymphocytes (%) are 5. The mean corpuscular hemoglobin (MCH, pg) is 23.0. The mean corpuscular hemoglobin concentration (MCHC, g/dL) is 36.0. The mean corpuscular volume (MCV, fL) is 66.0. The monocytes (%) are 4. The mean platelet volume (fL) is 7.8. The plateletcrit (%) is 0.55. The platelet distribution width (%) is 36.0. The platelet count (×10^9/L) is 701. The polymorphs (%) are 91. The red blood cell count (million/µL) is 5.5. The red cell distribution width (RDW-SD, fL) is 20.0. The white blood cell count (×10^9/L) is 18.4. The eosinophils (%) are 0. The serum creatinine (mg/dL) is 2.7. The blood urea (mg/dL) is 76.0. The glomerular filtration rate (mL/min/1.73m²) is 17.37.",Not CKD
"Based on the patient description, predict if they have CKD.","This patient is 65 years old, male. The age (years) is 65. The sex is male. The hemoglobin (g/dL) is 11.0. The hematocrit (%) is 33.1. The lymphocytes (%) are 26. The mean corpuscular hemoglobin (MCH, pg) is 30.0. The mean corpuscular hemoglobin concentration (MCHC, g/dL) is 35.1. The mean corpuscular volume (MCV, fL) is 85.0. The monocytes (%) are 3. The mean platelet volume (fL) is 8.5. The plateletcrit (%) is 0.1. The platelet distribution width (%) is 39.2. The platelet count (×10^9/L) is 185. The polymorphs (%) are 69. The red blood cell count (million/µL) is 3.8. The red cell distribution width (RDW-SD, fL) is 13.0. The white blood cell count (×10^9/L) is 5.7. The eosinophils (%) are 2. The serum creatinine (mg/dL) is 1.4. The blood urea (mg/dL) is 55.0. The glomerular filtration rate (mL/min/1.73m²) is 50.86.",Not CKD
"Based on the patient description, predict if they have CKD.","This patient is 49 years old, male. The age (years) is 49. The sex is male. The hemoglobin (g/dL) is 10.3. The hematocrit (%) is 28.7. The lymphocytes (%) are 11. The mean corpuscular hemoglobin (MCH, pg) is 27.2. The mean corpuscular hemoglobin concentration (MCHC, g/dL) is 35.8. The mean corpuscular volume (MCV, fL) is 76.0. The monocytes (%) are 3. The mean platelet volume (fL) is 7.8. The plateletcrit (%) is 0.1. The platelet distribution width (%) is 38.4. The platelet count (×10^9/L) is 189. The polymorphs (%) are 84. The red blood cell count (million/µL) is 3.7. The red cell distribution width (RDW-SD, fL) is 19.0. The white blood cell count (×10^9/L) is 11.8. The eosinophils (%) are 2. The serum creatinine (mg/dL) is 6.0. The blood urea (mg/dL) is 174.0. The glomerular filtration rate (mL/min/1.73m²) is 10.04.",Not CKD
"Based on the patient description, predict if they have CKD.","This patient is 55 years old, female. The age (years) is 55. The sex is female. The hemoglobin (g/dL) is 12.2. The hematocrit (%) is 34.33. The lymphocytes (%) are 26. The mean corpuscular hemoglobin (MCH, pg) is 29.0. The mean corpuscular hemoglobin concentration (MCHC, g/dL) is 35.0. The mean corpuscular volume (MCV, fL) is 82.0. The monocytes (%) are 5. The mean platelet volume (fL) is 9.5. The plateletcrit (%) is 0.17. The platelet distribution width (%) is 41.0. The platelet count (×10^9/L) is 178. The polymorphs (%) are 65. The red blood cell count (million/µL) is 4.1. The red cell distribution width (RDW-SD, fL) is 14.0. The white blood cell count (×10^9/L) is 5.3. The eosinophils (%) are 4. The serum creatinine (mg/dL) is 2.0. The blood urea (mg/dL) is 94.0. The glomerular filtration rate (mL/min/1.73m²) is 25.87.",Not CKD
"Based on the patient description, predict if they have CKD.","This patient is 52 years old, female. The age (years) is 52. The sex is female. The hemoglobin (g/dL) is 9.8. The hematocrit (%) is 28.1. The lymphocytes (%) are 24. The mean corpuscular hemoglobin (MCH, pg) is 28.5. The mean corpuscular hemoglobin concentration (MCHC, g/dL) is 35.0. The mean corpuscular volume (MCV, fL) is 81.0. The monocytes (%) are 4. The mean platelet volume (fL) is 6.6. The plateletcrit (%) is 0.1. The platelet distribution width (%) is 33.8. The platelet count (×10^9/L) is 292. The polymorphs (%) are 70. The red blood cell count (million/µL) is 3.4. The red cell distribution width (RDW-SD, fL) is 13.9. The white blood cell count (×10^9/L) is 6.4. The eosinophils (%) are 2. The serum creatinine (mg/dL) is 1.0. The blood urea (mg/dL) is 44.0. The glomerular filtration rate (mL/min/1.73m²) is 58.22.",Not CKD
"Based on the patient description, predict if they have CKD.","This patient is 65 years old, female. The age (years) is 65. The sex is female. The hemoglobin (g/dL) is 9.1. The hematocrit (%) is 25.96. The lymphocytes (%) are 18. The mean corpuscular hemoglobin (MCH, pg) is 19.0. The mean corpuscular hemoglobin concentration (MCHC, g/dL) is 35.0. The mean corpuscular volume (MCV, fL) is 56.0. The monocytes (%) are 8. The mean platelet volume (fL) is 7.5. The plateletcrit (%) is 0.21. The platelet distribution width (%) is 37.0. The platelet count (×10^9/L) is 273. The polymorphs (%) are 70. The red blood cell count (million/µL) is 4.6. The red cell distribution width (RDW-SD, fL) is 17.0. The white blood cell count (×10^9/L) is 8.5. The eosinophils (%) are 4. The serum creatinine (mg/dL) is 3.8. The blood urea (mg/dL) is 101.0. The glomerular filtration rate (mL/min/1.73m²) is 11.92.",Not CKD
"Based on the patient description, predict if they have CKD.","This patient is 24 years old, male. The age (years) is 24. The sex is male. The hemoglobin (g/dL) is 15.7. The hematocrit (%) is 44.9. The lymphocytes (%) are 11. The mean corpuscular hemoglobin (MCH, pg) is 29.2. The mean corpuscular hemoglobin concentration (MCHC, g/dL) is 35.0. The mean corpuscular volume (MCV, fL) is 83.0. The monocytes (%) are 3. The mean platelet volume (fL) is 7.1. The plateletcrit (%) is 0.1. The platelet distribution width (%) is 35.5. The platelet count (×10^9/L) is 178. The polymorphs (%) are 84. The red blood cell count (million/µL) is 5.3. The red cell distribution width (RDW-SD, fL) is 13.5. The white blood cell count (×10^9/L) is 9.8. The eosinophils (%) are 2. The serum creatinine (mg/dL) is 1.4. The blood urea (mg/dL) is 40.0. The glomerular filtration rate (mL/min/1.73m²) is 62.26.",Not CKD
"Based on the patient description, predict if they have CKD.","This patient is 70 years old, female. The age (years) is 70. The sex is female. The hemoglobin (g/dL) is 12.1. The hematocrit (%) is 34.2. The lymphocytes (%) are 21. The mean corpuscular hemoglobin (MCH, pg) is 31.1. The mean corpuscular hemoglobin concentration (MCHC, g/dL) is 35.3. The mean corpuscular volume (MCV, fL) is 88.0. The monocytes (%) are 3. The mean platelet volume (fL) is 9.8. The plateletcrit (%) is 0.1. The platelet distribution width (%) is 41.9. The platelet count (×10^9/L) is 168. The polymorphs (%) are 75. The red blood cell count (million/µL) is 3.8. The red cell distribution width (RDW-SD, fL) is 12.6. The white blood cell count (×10^9/L) is 6.1. The eosinophils (%) are 1. The serum creatinine (mg/dL) is 0.8. The blood urea (mg/dL) is 39.0. The glomerular filtration rate (mL/min/1.73m²) is 70.91.",Not CKD
"Based on the patient description, predict if they have CKD.","This patient is 70 years old, male. The age (years) is 70. The sex is male. The hemoglobin (g/dL) is 10.2. The hematocrit (%) is 27.82. The lymphocytes (%) are 19. The mean corpuscular hemoglobin (MCH, pg) is 33.0. The mean corpuscular hemoglobin concentration (MCHC, g/dL) is 36.0. The mean corpuscular volume (MCV, fL) is 90.0. The monocytes (%) are 4. The mean platelet volume (fL) is 8.5. The plateletcrit (%) is 0.2. The platelet distribution width (%) is 38.0. The platelet count (×10^9/L) is 234. The polymorphs (%) are 75. The red blood cell count (million/µL) is 3.0. The red cell distribution width (RDW-SD, fL) is 13.0. The white blood cell count (×10^9/L) is 7.1. The eosinophils (%) are 2. The serum creatinine (mg/dL) is 3.0. The blood urea (mg/dL) is 112.0. The glomerular filtration rate (mL/min/1.73m²) is 20.79.",Not CKD
"Based on the patient description, predict if they have CKD.","This patient is 64 years old, female. The age (years) is 64. The sex is female. The hemoglobin (g/dL) is 10.2. The hematocrit (%) is 27.82. The lymphocytes (%) are 30. The mean corpuscular hemoglobin (MCH, pg) is 26.0. The mean corpuscular hemoglobin concentration (MCHC, g/dL) is 36.0. The mean corpuscular volume (MCV, fL) is 71.0. The monocytes (%) are 2. The mean platelet volume (fL) is 9.5. The plateletcrit (%) is 0.23. The platelet distribution width (%) is 40.0. The platelet count (×10^9/L) is 239. The polymorphs (%) are 66. The red blood cell count (million/µL) is 3.9. The red cell distribution width (RDW-SD, fL) is 18.0. The white blood cell count (×10^9/L) is 7.2. The eosinophils (%) are 2. The serum creatinine (mg/dL) is 1.7. The blood urea (mg/dL) is 116.0. The glomerular filtration rate (mL/min/1.73m²) is 30.26.",Not CKD
"Based on the patient description, predict if they have CKD.","This patient is 57 years old, male. The age (years) is 57. The sex is male. The hemoglobin (g/dL) is 10.2. The hematocrit (%) is 32.8. The lymphocytes (%) are 9. The mean corpuscular hemoglobin (MCH, pg) is 29.0. The mean corpuscular hemoglobin concentration (MCHC, g/dL) is 36.5. The mean corpuscular volume (MCV, fL) is 80.0. The monocytes (%) are 4. The mean platelet volume (fL) is 8.4. The plateletcrit (%) is 0.2. The platelet distribution width (%) is 37.9. The platelet count (×10^9/L) is 321. The polymorphs (%) are 85. The red blood cell count (million/µL) is 4.1. The red cell distribution width (RDW-SD, fL) is 14.8. The white blood cell count (×10^9/L) is 17.1. The eosinophils (%) are 2. The serum creatinine (mg/dL) is 1.2. The blood urea (mg/dL) is 68.0. The glomerular filtration rate (mL/min/1.73m²) is 62.41.",Not CKD
"Based on the patient description, predict if they have CKD.","This patient is 59 years old, male. The age (years) is 59. The sex is male. The hemoglobin (g/dL) is 14.0. The hematocrit (%) is 44.0. The lymphocytes (%) are 23. The mean corpuscular hemoglobin (MCH, pg) is 31.0. The mean corpuscular hemoglobin concentration (MCHC, g/dL) is 34.0. The mean corpuscular volume (MCV, fL) is 91.0. The monocytes (%) are 3. The mean platelet volume (fL) is 9.6. The plateletcrit (%) is 0.22. The platelet distribution width (%) is 41.2. The platelet count (×10^9/L) is 228. The polymorphs (%) are 73. The red blood cell count (million/µL) is 4.9. The red cell distribution width (RDW-SD, fL) is 14.2. The white blood cell count (×10^9/L) is 8.2. The eosinophils (%) are 1. The serum creatinine (mg/dL) is 0.0. The blood urea (mg/dL) is 24.0. The glomerular filtration rate (mL/min/1.73m²) is nan.",Not CKD
"Based on the patient description, predict if they have CKD.","This patient is 64 years old, female. The age (years) is 64. The sex is female. The hemoglobin (g/dL) is 11.0. The hematocrit (%) is 37.5. The lymphocytes (%) are 33. The mean corpuscular hemoglobin (MCH, pg) is 25.0. The mean corpuscular hemoglobin concentration (MCHC, g/dL) is 31.0. The mean corpuscular volume (MCV, fL) is 79.0. The monocytes (%) are 5. The mean platelet volume (fL) is 9.0. The plateletcrit (%) is 0.44. The platelet distribution width (%) is 15.0. The platelet count (×10^9/L) is 494. The polymorphs (%) are 60. The red blood cell count (million/µL) is 4.7. The red cell distribution width (RDW-SD, fL) is 44.0. The white blood cell count (×10^9/L) is 9.5. The eosinophils (%) are 2. The serum creatinine (mg/dL) is 1.4. The blood urea (mg/dL) is 35.0. The glomerular filtration rate (mL/min/1.73m²) is 37.86.",Not CKD
"Based on the patient description, predict if they have CKD.","This patient is 51 years old, female. The age (years) is 51. The sex is female. The hemoglobin (g/dL) is 10.7. The hematocrit (%) is 29.42. The lymphocytes (%) are 23. The mean corpuscular hemoglobin (MCH, pg) is 29.0. The mean corpuscular hemoglobin concentration (MCHC, g/dL) is 36.0. The mean corpuscular volume (MCV, fL) is 80.0. The monocytes (%) are 2. The mean platelet volume (fL) is 7.4. The plateletcrit (%) is 0.23. The platelet distribution width (%) is 36.0. The platelet count (×10^9/L) is 305. The polymorphs (%) are 74. The red blood cell count (million/µL) is 3.6. The red cell distribution width (RDW-SD, fL) is 14.5. The white blood cell count (×10^9/L) is 9.0. The eosinophils (%) are 1. The serum creatinine (mg/dL) is 2.5. The blood urea (mg/dL) is 71.0. The glomerular filtration rate (mL/min/1.73m²) is 20.3.",Not CKD
"Based on the patient description, predict if they have CKD.","This patient is 50 years old, male. The age (years) is 50. The sex is male. The hemoglobin (g/dL) is 12.9. The hematocrit (%) is 35.61. The lymphocytes (%) are 41. The mean corpuscular hemoglobin (MCH, pg) is 28.0. The mean corpuscular hemoglobin concentration (MCHC, g/dL) is 36.0. The mean corpuscular volume (MCV, fL) is 79.0. The monocytes (%) are 8. The mean platelet volume (fL) is 9.5. The plateletcrit (%) is 0.21. The platelet distribution width (%) is 40.0. The platelet count (×10^9/L) is 216. The polymorphs (%) are 47. The red blood cell count (million/µL) is 4.5. The red cell distribution width (RDW-SD, fL) is 12.4. The white blood cell count (×10^9/L) is 5.8. The eosinophils (%) are 4. The serum creatinine (mg/dL) is 0.9. The blood urea (mg/dL) is 23.0. The glomerular filtration rate (mL/min/1.73m²) is 89.32.",Not CKD
"Based on the patient description, predict if they have CKD.","This patient is 38 years old, female. The age (years) is 38. The sex is female. The hemoglobin (g/dL) is 11.0. The hematocrit (%) is 32.6. The lymphocytes (%) are 18. The mean corpuscular hemoglobin (MCH, pg) is 30.5. The mean corpuscular hemoglobin concentration (MCHC, g/dL) is 33.7. The mean corpuscular volume (MCV, fL) is 91.0. The monocytes (%) are 5. The mean platelet volume (fL) is 11.8. The plateletcrit (%) is 0.2. The platelet distribution width (%) is 42.2. The platelet count (×10^9/L) is 228. The polymorphs (%) are 75. The red blood cell count (million/µL) is 3.6. The red cell distribution width (RDW-SD, fL) is 12.5. The white blood cell count (×10^9/L) is 9.8. The eosinophils (%) are 2. The serum creatinine (mg/dL) is 4.8. The blood urea (mg/dL) is 117.0. The glomerular filtration rate (mL/min/1.73m²) is 10.15.",Not CKD
"Based on the patient description, predict if they have CKD.","This patient is 46 years old, female. The age (years) is 46. The sex is female. The hemoglobin (g/dL) is 12.9. The hematocrit (%) is 35.85. The lymphocytes (%) are 47. The mean corpuscular hemoglobin (MCH, pg) is 30.0. The mean corpuscular hemoglobin concentration (MCHC, g/dL) is 36.0. The mean corpuscular volume (MCV, fL) is 84.0. The monocytes (%) are 5. The mean platelet volume (fL) is 12.7. The plateletcrit (%) is 0.19. The platelet distribution width (%) is 44.0. The platelet count (×10^9/L) is 146. The polymorphs (%) are 46. The red blood cell count (million/µL) is 4.2. The red cell distribution width (RDW-SD, fL) is 13.0. The white blood cell count (×10^9/L) is 11.6. The eosinophils (%) are 2. The serum creatinine (mg/dL) is 0.9. The blood urea (mg/dL) is 22.0. The glomerular filtration rate (mL/min/1.73m²) is 67.41.",Not CKD
"Based on the patient description, predict if they have CKD.","This patient is 61 years old, female. The age (years) is 61. The sex is female. The hemoglobin (g/dL) is 10.7. The hematocrit (%) is 31.47. The lymphocytes (%) are 29. The mean corpuscular hemoglobin (MCH, pg) is 27.0. The mean corpuscular hemoglobin concentration (MCHC, g/dL) is 34.0. The mean corpuscular volume (MCV, fL) is 81.0. The monocytes (%) are 4. The mean platelet volume (fL) is 9.3. The plateletcrit (%) is 0.24. The platelet distribution width (%) is 39.0. The platelet count (×10^9/L) is 259. The polymorphs (%) are 65. The red blood cell count (million/µL) is 3.9. The red cell distribution width (RDW-SD, fL) is 14.0. The white blood cell count (×10^9/L) is 5.9. The eosinophils (%) are 2. The serum creatinine (mg/dL) is 0.9. The blood urea (mg/dL) is 34.0. The glomerular filtration rate (mL/min/1.73m²) is 63.65.",Not CKD
"Based on the patient description, predict if they have CKD.","This patient is 27 years old, female. The age (years) is 27. The sex is female. The hemoglobin (g/dL) is 11.7. The hematocrit (%) is 31.0. The lymphocytes (%) are 24. The mean corpuscular hemoglobin (MCH, pg) is 30.0. The mean corpuscular hemoglobin concentration (MCHC, g/dL) is 37.0. The mean corpuscular volume (MCV, fL) is 81.0. The monocytes (%) are 3. The mean platelet volume (fL) is 6.0. The plateletcrit (%) is 0.12. The platelet distribution width (%) is 32.2. The platelet count (×10^9/L) is 197. The polymorphs (%) are 72. The red blood cell count (million/µL) is 3.8. The red cell distribution width (RDW-SD, fL) is 13.7. The white blood cell count (×10^9/L) is 7.5. The eosinophils (%) are 1. The serum creatinine (mg/dL) is 1.4. The blood urea (mg/dL) is 37.0. The glomerular filtration rate (mL/min/1.73m²) is 45.11.",Not CKD
"Based on the patient description, predict if they have CKD.","This patient is 34 years old, female. The age (years) is 34. The sex is female. The hemoglobin (g/dL) is 11.8. The hematocrit (%) is 32.9. The lymphocytes (%) are 30. The mean corpuscular hemoglobin (MCH, pg) is 26.0. The mean corpuscular hemoglobin concentration (MCHC, g/dL) is 36.0. The mean corpuscular volume (MCV, fL) is 74.0. The monocytes (%) are 4. The mean platelet volume (fL) is 8.3. The plateletcrit (%) is 0.18. The platelet distribution width (%) is 37.0. The platelet count (×10^9/L) is 224. The polymorphs (%) are 66. The red blood cell count (million/µL) is 4.4. The red cell distribution width (RDW-SD, fL) is 16.0. The white blood cell count (×10^9/L) is 7.8. The eosinophils (%) are 0. The serum creatinine (mg/dL) is 0.8. The blood urea (mg/dL) is 29.0. The glomerular filtration rate (mL/min/1.73m²) is 82.11.",Not CKD
"Based on the patient description, predict if they have CKD.","This patient is 70 years old, female. The age (years) is 70. The sex is female. The hemoglobin (g/dL) is 11.6. The hematocrit (%) is 33.0. The lymphocytes (%) are 34. The mean corpuscular hemoglobin (MCH, pg) is 23.0. The mean corpuscular hemoglobin concentration (MCHC, g/dL) is 34.0. The mean corpuscular volume (MCV, fL) is 69.0. The monocytes (%) are 2. The mean platelet volume (fL) is 6.9. The plateletcrit (%) is 0.19. The platelet distribution width (%) is 36.0. The platelet count (×10^9/L) is 279. The polymorphs (%) are 63. The red blood cell count (million/µL) is 4.8. The red cell distribution width (RDW-SD, fL) is 20.5. The white blood cell count (×10^9/L) is 11.0. The eosinophils (%) are 1. The serum creatinine (mg/dL) is 1.3. The blood urea (mg/dL) is 39.0. The glomerular filtration rate (mL/min/1.73m²) is 40.49.",Not CKD
"Based on the patient description, predict if they have CKD.","This patient is 36 years old, female. The age (years) is 36. The sex is female. The hemoglobin (g/dL) is 11.3. The hematocrit (%) is 31.0. The lymphocytes (%) are 25. The mean corpuscular hemoglobin (MCH, pg) is 27.8. The mean corpuscular hemoglobin concentration (MCHC, g/dL) is 36.4. The mean corpuscular volume (MCV, fL) is 76.0. The monocytes (%) are 3. The mean platelet volume (fL) is 6.2. The plateletcrit (%) is 0.1. The platelet distribution width (%) is 33.4. The platelet count (×10^9/L) is 303. The polymorphs (%) are 70. The red blood cell count (million/µL) is 4.0. The red cell distribution width (RDW-SD, fL) is 16.7. The white blood cell count (×10^9/L) is 13.2. The eosinophils (%) are 2. The serum creatinine (mg/dL) is 0.8. The blood urea (mg/dL) is 32.0. The glomerular filtration rate (mL/min/1.73m²) is 81.16.",Not CKD
"Based on the patient description, predict if they have CKD.","This patient is 70 years old, female. The age (years) is 70. The sex is female. The hemoglobin (g/dL) is 12.1. The hematocrit (%) is 31.5. The lymphocytes (%) are 16. The mean corpuscular hemoglobin (MCH, pg) is 30.0. The mean corpuscular hemoglobin concentration (MCHC, g/dL) is 38.0. The mean corpuscular volume (MCV, fL) is 80.0. The monocytes (%) are 5. The mean platelet volume (fL) is 7.4. The plateletcrit (%) is 0.14. The platelet distribution width (%) is 35.0. The platelet count (×10^9/L) is 186. The polymorphs (%) are 77. The red blood cell count (million/µL) is 3.9. The red cell distribution width (RDW-SD, fL) is 15.0. The white blood cell count (×10^9/L) is 7.5. The eosinophils (%) are 2. The serum creatinine (mg/dL) is 2.3. The blood urea (mg/dL) is 103.0. The glomerular filtration rate (mL/min/1.73m²) is 20.96.",Not CKD
"Based on the patient description, predict if they have CKD.","This patient is 75 years old, male. The age (years) is 75. The sex is male. The hemoglobin (g/dL) is 15.6. The hematocrit (%) is 38.0. The lymphocytes (%) are 23. The mean corpuscular hemoglobin (MCH, pg) is 29.0. The mean corpuscular hemoglobin concentration (MCHC, g/dL) is 41.0. The mean corpuscular volume (MCV, fL) is 71.0. The monocytes (%) are 4. The mean platelet volume (fL) is 7.3. The plateletcrit (%) is 0.14. The platelet distribution width (%) is 34.0. The platelet count (×10^9/L) is 188. The polymorphs (%) are 73. The red blood cell count (million/µL) is 5.4. The red cell distribution width (RDW-SD, fL) is 17.7. The white blood cell count (×10^9/L) is 9.3. The eosinophils (%) are 2. The serum creatinine (mg/dL) is 1.7. The blood urea (mg/dL) is 57.0. The glomerular filtration rate (mL/min/1.73m²) is 39.49.",Not CKD
"Based on the patient description, predict if they have CKD.","This patient is 55 years old, female. The age (years) is 55. The sex is female. The hemoglobin (g/dL) is 10.8. The hematocrit (%) is 28.5. The lymphocytes (%) are 19. The mean corpuscular hemoglobin (MCH, pg) is 24.5. The mean corpuscular hemoglobin concentration (MCHC, g/dL) is 38.1. The mean corpuscular volume (MCV, fL) is 64.0. The monocytes (%) are 3. The mean platelet volume (fL) is 6.1. The plateletcrit (%) is 0.2. The platelet distribution width (%) is 32.6. The platelet count (×10^9/L) is 322. The polymorphs (%) are 76. The red blood cell count (million/µL) is 4.3. The red cell distribution width (RDW-SD, fL) is 17.4. The white blood cell count (×10^9/L) is 13.0. The eosinophils (%) are 2. The serum creatinine (mg/dL) is 1.7. The blood urea (mg/dL) is 85.0. The glomerular filtration rate (mL/min/1.73m²) is 31.2.",Not CKD
"Based on the patient description, predict if they have CKD.","This patient is 70 years old, male. The age (years) is 70. The sex is male. The hemoglobin (g/dL) is 14.4. The hematocrit (%) is 39.72. The lymphocytes (%) are 27. The mean corpuscular hemoglobin (MCH, pg) is 30.0. The mean corpuscular hemoglobin concentration (MCHC, g/dL) is 36.0. The mean corpuscular volume (MCV, fL) is 84.0. The monocytes (%) are 2. The mean platelet volume (fL) is 7.1. The plateletcrit (%) is 0.18. The platelet distribution width (%) is 33.0. The platelet count (×10^9/L) is 254. The polymorphs (%) are 69. The red blood cell count (million/µL) is 4.7. The red cell distribution width (RDW-SD, fL) is 13.0. The white blood cell count (×10^9/L) is 8.2. The eosinophils (%) are 2. The serum creatinine (mg/dL) is 1.6. The blood urea (mg/dL) is 42.0. The glomerular filtration rate (mL/min/1.73m²) is 42.95.",Not CKD
"Based on the patient description, predict if they have CKD.","This patient is 54 years old, female. The age (years) is 54. The sex is female. The hemoglobin (g/dL) is 7.0. The hematocrit (%) is 19.03. The lymphocytes (%) are 26. The mean corpuscular hemoglobin (MCH, pg) is 28.0. The mean corpuscular hemoglobin concentration (MCHC, g/dL) is 36.0. The mean corpuscular volume (MCV, fL) is 79.0. The monocytes (%) are 2. The mean platelet volume (fL) is 8.3. The plateletcrit (%) is 0.36. The platelet distribution width (%) is 37.0. The platelet count (×10^9/L) is 426. The polymorphs (%) are 70. The red blood cell count (million/µL) is 2.4. The red cell distribution width (RDW-SD, fL) is 15.3. The white blood cell count (×10^9/L) is 12.8. The eosinophils (%) are 2. The serum creatinine (mg/dL) is 9.4. The blood urea (mg/dL) is 227.0. The glomerular filtration rate (mL/min/1.73m²) is 4.35.",Not CKD
"Based on the patient description, predict if they have CKD.","This patient is 64 years old, female. The age (years) is 64. The sex is female. The hemoglobin (g/dL) is 9.4. The hematocrit (%) is 28.0. The lymphocytes (%) are 33. The mean corpuscular hemoglobin (MCH, pg) is 34.0. The mean corpuscular hemoglobin concentration (MCHC, g/dL) is 36.0. The mean corpuscular volume (MCV, fL) is 94.0. The monocytes (%) are 5. The mean platelet volume (fL) is 7.2. The plateletcrit (%) is 0.09. The platelet distribution width (%) is 34.5. The platelet count (×10^9/L) is 120. The polymorphs (%) are 60. The red blood cell count (million/µL) is 3.0. The red cell distribution width (RDW-SD, fL) is 16.4. The white blood cell count (×10^9/L) is 7.0. The eosinophils (%) are 2. The serum creatinine (mg/dL) is 2.8. The blood urea (mg/dL) is 42.0. The glomerular filtration rate (mL/min/1.73m²) is 17.01.",Not CKD
"Based on the patient description, predict if they have CKD.","This patient is 50 years old, female. The age (years) is 50. The sex is female. The hemoglobin (g/dL) is 11.0. The hematocrit (%) is 31.68. The lymphocytes (%) are 25. The mean corpuscular hemoglobin (MCH, pg) is 32.0. The mean corpuscular hemoglobin concentration (MCHC, g/dL) is 36.0. The mean corpuscular volume (MCV, fL) is 91.0. The monocytes (%) are 2. The mean platelet volume (fL) is 7.6. The plateletcrit (%) is 0.2. The platelet distribution width (%) is 36.0. The platelet count (×10^9/L) is 269. The polymorphs (%) are 71. The red blood cell count (million/µL) is 3.4. The red cell distribution width (RDW-SD, fL) is 11.8. The white blood cell count (×10^9/L) is 7.4. The eosinophils (%) are 2. The serum creatinine (mg/dL) is 2.0. The blood urea (mg/dL) is 50.0. The glomerular filtration rate (mL/min/1.73m²) is 26.37.",Not CKD
"Based on the patient description, predict if they have CKD.","This patient is 37 years old, female. The age (years) is 37. The sex is female. The hemoglobin (g/dL) is 10.5. The hematocrit (%) is 29.1. The lymphocytes (%) are 31. The mean corpuscular hemoglobin (MCH, pg) is 32.2. The mean corpuscular hemoglobin concentration (MCHC, g/dL) is 36.1. The mean corpuscular volume (MCV, fL) is 89.0. The monocytes (%) are 4. The mean platelet volume (fL) is 8.0. The plateletcrit (%) is 0.2. The platelet distribution width (%) is 37.2. The platelet count (×10^9/L) is 262. The polymorphs (%) are 63. The red blood cell count (million/µL) is 3.2. The red cell distribution width (RDW-SD, fL) is 14.1. The white blood cell count (×10^9/L) is 6.7. The eosinophils (%) are 2. The serum creatinine (mg/dL) is 0.6. The blood urea (mg/dL) is 34.0. The glomerular filtration rate (mL/min/1.73m²) is 112.49.",Not CKD
"Based on the patient description, predict if they have CKD.","This patient is 33 years old, female. The age (years) is 33. The sex is female. The hemoglobin (g/dL) is 12.9. The hematocrit (%) is 36.0. The lymphocytes (%) are 37. The mean corpuscular hemoglobin (MCH, pg) is 28.0. The mean corpuscular hemoglobin concentration (MCHC, g/dL) is 35.0. The mean corpuscular volume (MCV, fL) is 81.0. The monocytes (%) are 2. The mean platelet volume (fL) is 10.1. The plateletcrit (%) is 0.26. The platelet distribution width (%) is 41.8. The platelet count (×10^9/L) is 263. The polymorphs (%) are 60. The red blood cell count (million/µL) is 4.4. The red cell distribution width (RDW-SD, fL) is 12.6. The white blood cell count (×10^9/L) is 7.0. The eosinophils (%) are 1. The serum creatinine (mg/dL) is 0.6. The blood urea (mg/dL) is 27.0. The glomerular filtration rate (mL/min/1.73m²) is 115.13.",Not CKD
"Based on the patient description, predict if they have CKD.","This patient is 40 years old, female. The age (years) is 40. The sex is female. The hemoglobin (g/dL) is 13.1. The hematocrit (%) is 37.7. The lymphocytes (%) are 26. The mean corpuscular hemoglobin (MCH, pg) is 27.2. The mean corpuscular hemoglobin concentration (MCHC, g/dL) is 34.7. The mean corpuscular volume (MCV, fL) is 78.0. The monocytes (%) are 3. The mean platelet volume (fL) is 7.2. The plateletcrit (%) is 0.3. The platelet distribution width (%) is 34.8. The platelet count (×10^9/L) is 432. The polymorphs (%) are 70. The red blood cell count (million/µL) is 4.8. The red cell distribution width (RDW-SD, fL) is 15.4. The white blood cell count (×10^9/L) is 9.2. The eosinophils (%) are 1. The serum creatinine (mg/dL) is 0.8. The blood urea (mg/dL) is 30.0. The glomerular filtration rate (mL/min/1.73m²) is 79.44.",Not CKD
"Based on the patient description, predict if they have CKD.","This patient is 76 years old, male. The age (years) is 76. The sex is male. The hemoglobin (g/dL) is 12.2. The hematocrit (%) is 38.4. The lymphocytes (%) are 11. The mean corpuscular hemoglobin (MCH, pg) is 27.8. The mean corpuscular hemoglobin concentration (MCHC, g/dL) is 34.8. The mean corpuscular volume (MCV, fL) is 80.0. The monocytes (%) are 3. The mean platelet volume (fL) is 8.4. The plateletcrit (%) is 0.2. The platelet distribution width (%) is 38.1. The platelet count (×10^9/L) is 237. The polymorphs (%) are 85. The red blood cell count (million/µL) is 4.8. The red cell distribution width (RDW-SD, fL) is 15.3. The white blood cell count (×10^9/L) is 12.6. The eosinophils (%) are 1. The serum creatinine (mg/dL) is 3.0. The blood urea (mg/dL) is 81.0. The glomerular filtration rate (mL/min/1.73m²) is 20.45.",Not CKD
"Based on the patient description, predict if they have CKD.","This patient is 63 years old, female. The age (years) is 63. The sex is female. The hemoglobin (g/dL) is 10.0. The hematocrit (%) is 29.0. The lymphocytes (%) are 27. The mean corpuscular hemoglobin (MCH, pg) is 26.0. The mean corpuscular hemoglobin concentration (MCHC, g/dL) is 34.8. The mean corpuscular volume (MCV, fL) is 75.0. The monocytes (%) are 4. The mean platelet volume (fL) is 8.0. The plateletcrit (%) is 0.06. The platelet distribution width (%) is 38.0. The platelet count (×10^9/L) is 74. The polymorphs (%) are 65. The red blood cell count (million/µL) is 3.8. The red cell distribution width (RDW-SD, fL) is 38.6. The white blood cell count (×10^9/L) is 4.7. The eosinophils (%) are 4. The serum creatinine (mg/dL) is 1.47. The blood urea (mg/dL) is 29.0. The glomerular filtration rate (mL/min/1.73m²) is 35.9.",Not CKD
"Based on the patient description, predict if they have CKD.","This patient is 49 years old, female. The age (years) is 49. The sex is female. The hemoglobin (g/dL) is 8.9. The hematocrit (%) is 25.88. The lymphocytes (%) are 15. The mean corpuscular hemoglobin (MCH, pg) is 29.0. The mean corpuscular hemoglobin concentration (MCHC, g/dL) is 34.0. The mean corpuscular volume (MCV, fL) is 85.0. The monocytes (%) are 6. The mean platelet volume (fL) is 7.6. The plateletcrit (%) is 0.26. The platelet distribution width (%) is 37.0. The platelet count (×10^9/L) is 345. The polymorphs (%) are 75. The red blood cell count (million/µL) is 3.0. The red cell distribution width (RDW-SD, fL) is 15.0. The white blood cell count (×10^9/L) is 7.9. The eosinophils (%) are 4. The serum creatinine (mg/dL) is 1.8. The blood urea (mg/dL) is 35.0. The glomerular filtration rate (mL/min/1.73m²) is 29.91.",Not CKD
"Based on the patient description, predict if they have CKD.","This patient is 46 years old, female. The age (years) is 46. The sex is female. The hemoglobin (g/dL) is 12.8. The hematocrit (%) is 38.39. The lymphocytes (%) are 38. The mean corpuscular hemoglobin (MCH, pg) is 29.0. The mean corpuscular hemoglobin concentration (MCHC, g/dL) is 34.0. The mean corpuscular volume (MCV, fL) is 84.0. The monocytes (%) are 3. The mean platelet volume (fL) is 11.3. The plateletcrit (%) is 0.16. The platelet distribution width (%) is 42.0. The platelet count (×10^9/L) is 143. The polymorphs (%) are 58. The red blood cell count (million/µL) is 4.5. The red cell distribution width (RDW-SD, fL) is 13.0. The white blood cell count (×10^9/L) is 6.8. The eosinophils (%) are 1. The serum creatinine (mg/dL) is 1.1. The blood urea (mg/dL) is 39.0. The glomerular filtration rate (mL/min/1.73m²) is 53.47.",Not CKD
"Based on the patient description, predict if they have CKD.","This patient is 20 years old, female. The age (years) is 20. The sex is female. The hemoglobin (g/dL) is 8.5. The hematocrit (%) is 26.0. The lymphocytes (%) are 47. The mean corpuscular hemoglobin (MCH, pg) is 20.0. The mean corpuscular hemoglobin concentration (MCHC, g/dL) is 32.0. The mean corpuscular volume (MCV, fL) is 62.0. The monocytes (%) are 2. The mean platelet volume (fL) is 9.1. The plateletcrit (%) is 0.27. The platelet distribution width (%) is 40.2. The platelet count (×10^9/L) is 293. The polymorphs (%) are 50. The red blood cell count (million/µL) is 4.3. The red cell distribution width (RDW-SD, fL) is 17.7. The white blood cell count (×10^9/L) is 4.4. The eosinophils (%) are 1. The serum creatinine (mg/dL) is 0.6. The blood urea (mg/dL) is 22.0. The glomerular filtration rate (mL/min/1.73m²) is 127.45.",Not CKD
"Based on the patient description, predict if they have CKD.","This patient is 29 years old, male. The age (years) is 29. The sex is male. The hemoglobin (g/dL) is 15.8. The hematocrit (%) is 46.0. The lymphocytes (%) are 5. The mean corpuscular hemoglobin (MCH, pg) is 29.0. The mean corpuscular hemoglobin concentration (MCHC, g/dL) is 34.0. The mean corpuscular volume (MCV, fL) is 85.0. The monocytes (%) are 3. The mean platelet volume (fL) is 7.8. The plateletcrit (%) is 0.2. The platelet distribution width (%) is 37.9. The platelet count (×10^9/L) is 259. The polymorphs (%) are 91. The red blood cell count (million/µL) is 5.4. The red cell distribution width (RDW-SD, fL) is 12.4. The white blood cell count (×10^9/L) is 12.1. The eosinophils (%) are 1. The serum creatinine (mg/dL) is 1.1. The blood urea (mg/dL) is 31.0. The glomerular filtration rate (mL/min/1.73m²) is 79.14.",Not CKD
"Based on the patient description, predict if they have CKD.","This patient is 37 years old, female. The age (years) is 37. The sex is female. The hemoglobin (g/dL) is 13.9. The hematocrit (%) is 39.6. The lymphocytes (%) are 28. The mean corpuscular hemoglobin (MCH, pg) is 27.1. The mean corpuscular hemoglobin concentration (MCHC, g/dL) is 35.1. The mean corpuscular volume (MCV, fL) is 77.0. The monocytes (%) are 3. The mean platelet volume (fL) is 8.5. The plateletcrit (%) is 0.2. The platelet distribution width (%) is 39.0. The platelet count (×10^9/L) is 298. The polymorphs (%) are 67. The red blood cell count (million/µL) is 5.1. The red cell distribution width (RDW-SD, fL) is 13.6. The white blood cell count (×10^9/L) is 9.4. The eosinophils (%) are 2. The serum creatinine (mg/dL) is 0.9. The blood urea (mg/dL) is 28.0. The glomerular filtration rate (mL/min/1.73m²) is 70.45.",Not CKD
"Based on the patient description, predict if they have CKD.","This patient is 70 years old, female. The age (years) is 70. The sex is female. The hemoglobin (g/dL) is 11.5. The hematocrit (%) is 32.0. The lymphocytes (%) are 30. The mean corpuscular hemoglobin (MCH, pg) is 29.0. The mean corpuscular hemoglobin concentration (MCHC, g/dL) is 34.0. The mean corpuscular volume (MCV, fL) is 86.0. The monocytes (%) are 4. The mean platelet volume (fL) is 8.1. The plateletcrit (%) is 0.23. The platelet distribution width (%) is 36.9. The platelet count (×10^9/L) is 281. The polymorphs (%) are 64. The red blood cell count (million/µL) is 3.8. The red cell distribution width (RDW-SD, fL) is 13.4. The white blood cell count (×10^9/L) is 7.7. The eosinophils (%) are 2. The serum creatinine (mg/dL) is 2.1. The blood urea (mg/dL) is 69.0. The glomerular filtration rate (mL/min/1.73m²) is 23.28.",Not CKD
"Based on the patient description, predict if they have CKD.","This patient is 49 years old, female. The age (years) is 49. The sex is female. The hemoglobin (g/dL) is 8.3. The hematocrit (%) is 24.0. The lymphocytes (%) are 14. The mean corpuscular hemoglobin (MCH, pg) is 28.0. The mean corpuscular hemoglobin concentration (MCHC, g/dL) is 34.0. The mean corpuscular volume (MCV, fL) is 83.0. The monocytes (%) are 4. The mean platelet volume (fL) is 8.1. The plateletcrit (%) is 0.32. The platelet distribution width (%) is 38.4. The platelet count (×10^9/L) is 395. The polymorphs (%) are 80. The red blood cell count (million/µL) is 2.9. The red cell distribution width (RDW-SD, fL) is 13.9. The white blood cell count (×10^9/L) is 8.5. The eosinophils (%) are 2. The serum creatinine (mg/dL) is 1.6. The blood urea (mg/dL) is 58.0. The glomerular filtration rate (mL/min/1.73m²) is 34.26.",Not CKD
"Based on the patient description, predict if they have CKD.","This patient is 37 years old, female. The age (years) is 37. The sex is female. The hemoglobin (g/dL) is 9.8. The hematocrit (%) is 26.73. The lymphocytes (%) are 25. The mean corpuscular hemoglobin (MCH, pg) is 31.0. The mean corpuscular hemoglobin concentration (MCHC, g/dL) is 36.0. The mean corpuscular volume (MCV, fL) is 86.0. The monocytes (%) are 2. The mean platelet volume (fL) is 8.8. The plateletcrit (%) is 0.2. The platelet distribution width (%) is 39.0. The platelet count (×10^9/L) is 231. The polymorphs (%) are 71. The red blood cell count (million/µL) is 3.1. The red cell distribution width (RDW-SD, fL) is 12.0. The white blood cell count (×10^9/L) is 8.6. The eosinophils (%) are 2. The serum creatinine (mg/dL) is 1.2. The blood urea (mg/dL) is 41.0. The glomerular filtration rate (mL/min/1.73m²) is 50.55.",Not CKD
"Based on the patient description, predict if they have CKD.","This patient is 31 years old, female. The age (years) is 31. The sex is female. The hemoglobin (g/dL) is 10.8. The hematocrit (%) is 31.2. The lymphocytes (%) are 27. The mean corpuscular hemoglobin (MCH, pg) is 26.1. The mean corpuscular hemoglobin concentration (MCHC, g/dL) is 34.5. The mean corpuscular volume (MCV, fL) is 75.0. The monocytes (%) are 5. The mean platelet volume (fL) is 10.7. The plateletcrit (%) is 0.2. The platelet distribution width (%) is 41.0. The platelet count (×10^9/L) is 263. The polymorphs (%) are 66. The red blood cell count (million/µL) is 4.1. The red cell distribution width (RDW-SD, fL) is 17.9. The white blood cell count (×10^9/L) is 7.7. The eosinophils (%) are 2. The serum creatinine (mg/dL) is 0.6. The blood urea (mg/dL) is 22.0. The glomerular filtration rate (mL/min/1.73m²) is 116.6.",Not CKD
"Based on the patient description, predict if they have CKD.","This patient is 38 years old, male. The age (years) is 38. The sex is male. The hemoglobin (g/dL) is 16.1. The hematocrit (%) is 46.0. The lymphocytes (%) are 29. The mean corpuscular hemoglobin (MCH, pg) is 29.0. The mean corpuscular hemoglobin concentration (MCHC, g/dL) is 35.0. The mean corpuscular volume (MCV, fL) is 83.0. The monocytes (%) are 3. The mean platelet volume (fL) is 10.4. The plateletcrit (%) is 0.19. The platelet distribution width (%) is 41.4. The platelet count (×10^9/L) is 178. The polymorphs (%) are 67. The red blood cell count (million/µL) is 5.6. The red cell distribution width (RDW-SD, fL) is 12.8. The white blood cell count (×10^9/L) is 6.6. The eosinophils (%) are 1. The serum creatinine (mg/dL) is 0.7. The blood urea (mg/dL) is 22.0. The glomerular filtration rate (mL/min/1.73m²) is 126.21.",Not CKD
"Based on the patient description, predict if they have CKD.","This patient is 65 years old, female. The age (years) is 65. The sex is female. The hemoglobin (g/dL) is 13.9. The hematocrit (%) is 38.9. The lymphocytes (%) are 37. The mean corpuscular hemoglobin (MCH, pg) is 25.0. The mean corpuscular hemoglobin concentration (MCHC, g/dL) is 36.0. The mean corpuscular volume (MCV, fL) is 72.0. The monocytes (%) are 2. The mean platelet volume (fL) is 10.6. The plateletcrit (%) is 0.2. The platelet distribution width (%) is 50.0. The platelet count (×10^9/L) is 191. The polymorphs (%) are 59. The red blood cell count (million/µL) is 5.42. The red cell distribution width (RDW-SD, fL) is 14.7. The white blood cell count (×10^9/L) is 15.0. The eosinophils (%) are 2. The serum creatinine (mg/dL) is 1.1. The blood urea (mg/dL) is 56.0. The glomerular filtration rate (mL/min/1.73m²) is 49.85.",Not CKD
"Based on the patient description, predict if they have CKD.","This patient is 50 years old, female. The age (years) is 50. The sex is female. The hemoglobin (g/dL) is 13.0. The hematocrit (%) is 37.08. The lymphocytes (%) are 21. The mean corpuscular hemoglobin (MCH, pg) is 25.0. The mean corpuscular hemoglobin concentration (MCHC, g/dL) is 35.0. The mean corpuscular volume (MCV, fL) is 72.0. The monocytes (%) are 4. The mean platelet volume (fL) is 6.3. The plateletcrit (%) is 0.19. The platelet distribution width (%) is 33.0. The platelet count (×10^9/L) is 293. The polymorphs (%) are 73. The red blood cell count (million/µL) is 5.1. The red cell distribution width (RDW-SD, fL) is 16.5. The white blood cell count (×10^9/L) is 9.8. The eosinophils (%) are 2. The serum creatinine (mg/dL) is 0.9. The blood urea (mg/dL) is 29.0. The glomerular filtration rate (mL/min/1.73m²) is 66.28.",Not CKD
"Based on the patient description, predict if they have CKD.","This patient is 86 years old, female. The age (years) is 86. The sex is female. The hemoglobin (g/dL) is 14.7. The hematocrit (%) is 40.1. The lymphocytes (%) are 20. The mean corpuscular hemoglobin (MCH, pg) is 26.7. The mean corpuscular hemoglobin concentration (MCHC, g/dL) is 36.7. The mean corpuscular volume (MCV, fL) is 73.0. The monocytes (%) are 2. The mean platelet volume (fL) is 6.8. The plateletcrit (%) is 0.1. The platelet distribution width (%) is 35.3. The platelet count (×10^9/L) is 158. The polymorphs (%) are 77. The red blood cell count (million/µL) is 5.5. The red cell distribution width (RDW-SD, fL) is 15.2. The white blood cell count (×10^9/L) is 11.7. The eosinophils (%) are 1. The serum creatinine (mg/dL) is 0.8. The blood urea (mg/dL) is 34.0. The glomerular filtration rate (mL/min/1.73m²) is 68.01.",Not CKD
"Based on the patient description, predict if they have CKD.","This patient is 60 years old, female. The age (years) is 60. The sex is female. The hemoglobin (g/dL) is 14.3. The hematocrit (%) is 41.0. The lymphocytes (%) are 33. The mean corpuscular hemoglobin (MCH, pg) is 26.0. The mean corpuscular hemoglobin concentration (MCHC, g/dL) is 34.0. The mean corpuscular volume (MCV, fL) is 77.0. The monocytes (%) are 3. The mean platelet volume (fL) is 8.5. The plateletcrit (%) is 0.17. The platelet distribution width (%) is 39.0. The platelet count (×10^9/L) is 201. The polymorphs (%) are 63. The red blood cell count (million/µL) is 5.3. The red cell distribution width (RDW-SD, fL) is 15.2. The white blood cell count (×10^9/L) is 10.1. The eosinophils (%) are 1. The serum creatinine (mg/dL) is 0.7. The blood urea (mg/dL) is 29.0. The glomerular filtration rate (mL/min/1.73m²) is 85.36.",Not CKD
"Based on the patient description, predict if they have CKD.","This patient is 77 years old, female. The age (years) is 77. The sex is female. The hemoglobin (g/dL) is 9.1. The hematocrit (%) is 25.6. The lymphocytes (%) are 38. The mean corpuscular hemoglobin (MCH, pg) is 31.6. The mean corpuscular hemoglobin concentration (MCHC, g/dL) is 35.5. The mean corpuscular volume (MCV, fL) is 89.0. The monocytes (%) are 4. The mean platelet volume (fL) is 8.3. The plateletcrit (%) is 0.1. The platelet distribution width (%) is 37.7. The platelet count (×10^9/L) is 156. The polymorphs (%) are 56. The red blood cell count (million/µL) is 2.8. The red cell distribution width (RDW-SD, fL) is 14.6. The white blood cell count (×10^9/L) is 8.6. The eosinophils (%) are 2. The serum creatinine (mg/dL) is 3.2. The blood urea (mg/dL) is 96.0. The glomerular filtration rate (mL/min/1.73m²) is 14.05.",Not CKD
"Based on the patient description, predict if they have CKD.","This patient is 38 years old, female. The age (years) is 38. The sex is female. The hemoglobin (g/dL) is 11.1. The hematocrit (%) is 31.72. The lymphocytes (%) are 25. The mean corpuscular hemoglobin (MCH, pg) is 31.0. The mean corpuscular hemoglobin concentration (MCHC, g/dL) is 35.0. The mean corpuscular volume (MCV, fL) is 91.0. The monocytes (%) are 3. The mean platelet volume (fL) is 7.1. The plateletcrit (%) is 0.11. The platelet distribution width (%) is 34.0. The platelet count (×10^9/L) is 154. The polymorphs (%) are 71. The red blood cell count (million/µL) is 3.4. The red cell distribution width (RDW-SD, fL) is 14.0. The white blood cell count (×10^9/L) is 7.4. The eosinophils (%) are 1. The serum creatinine (mg/dL) is 2.8. The blood urea (mg/dL) is 108.0. The glomerular filtration rate (mL/min/1.73m²) is 18.91.",Not CKD
"Based on the patient description, predict if they have CKD.","This patient is 73 years old, male. The age (years) is 73. The sex is male. The hemoglobin (g/dL) is 14.1. The hematocrit (%) is 39.15. The lymphocytes (%) are 17. The mean corpuscular hemoglobin (MCH, pg) is 28.0. The mean corpuscular hemoglobin concentration (MCHC, g/dL) is 36.0. The mean corpuscular volume (MCV, fL) is 78.0. The monocytes (%) are 4. The mean platelet volume (fL) is 7.0. The plateletcrit (%) is 0.11. The platelet distribution width (%) is 33.0. The platelet count (×10^9/L) is 157. The polymorphs (%) are 78. The red blood cell count (million/µL) is 5.0. The red cell distribution width (RDW-SD, fL) is 16.0. The white blood cell count (×10^9/L) is 7.3. The eosinophils (%) are 1. The serum creatinine (mg/dL) is 1.5. The blood urea (mg/dL) is 53.0. The glomerular filtration rate (mL/min/1.73m²) is 45.87.",Not CKD
"Based on the patient description, predict if they have CKD.","This patient is 70 years old, male. The age (years) is 70. The sex is male. The hemoglobin (g/dL) is 7.5. The hematocrit (%) is 19.8. The lymphocytes (%) are 14. The mean corpuscular hemoglobin (MCH, pg) is 29.0. The mean corpuscular hemoglobin concentration (MCHC, g/dL) is 38.0. The mean corpuscular volume (MCV, fL) is 77.0. The monocytes (%) are 1. The mean platelet volume (fL) is 6.3. The plateletcrit (%) is 0.13. The platelet distribution width (%) is 32.0. The platelet count (×10^9/L) is 205. The polymorphs (%) are 84. The red blood cell count (million/µL) is 2.6. The red cell distribution width (RDW-SD, fL) is 17.0. The white blood cell count (×10^9/L) is 8.8. The eosinophils (%) are 1. The serum creatinine (mg/dL) is 6.9. The blood urea (mg/dL) is 181.0. The glomerular filtration rate (mL/min/1.73m²) is 7.95.",Not CKD
"Based on the patient description, predict if they have CKD.","This patient is 21 years old, female. The age (years) is 21. The sex is female. The hemoglobin (g/dL) is 12.2. The hematocrit (%) is 33.2. The lymphocytes (%) are 19. The mean corpuscular hemoglobin (MCH, pg) is 27.2. The mean corpuscular hemoglobin concentration (MCHC, g/dL) is 36.6. The mean corpuscular volume (MCV, fL) is 74.0. The monocytes (%) are 3. The mean platelet volume (fL) is 6.9. The plateletcrit (%) is 0.1. The platelet distribution width (%) is 34.2. The platelet count (×10^9/L) is 219. The polymorphs (%) are 76. The red blood cell count (million/µL) is 4.4. The red cell distribution width (RDW-SD, fL) is 14.3. The white blood cell count (×10^9/L) is 9.4. The eosinophils (%) are 2. The serum creatinine (mg/dL) is 0.8. The blood urea (mg/dL) is 21.0. The glomerular filtration rate (mL/min/1.73m²) is 90.55.",Not CKD
"Based on the patient description, predict if they have CKD.","This patient is 38 years old, male. The age (years) is 38. The sex is male. The hemoglobin (g/dL) is 13.7. The hematocrit (%) is 39.76. The lymphocytes (%) are 32. The mean corpuscular hemoglobin (MCH, pg) is 29.0. The mean corpuscular hemoglobin concentration (MCHC, g/dL) is 34.0. The mean corpuscular volume (MCV, fL) is 84.0. The monocytes (%) are 2. The mean platelet volume (fL) is 6.6. The plateletcrit (%) is 0.18. The platelet distribution width (%) is 35.0. The platelet count (×10^9/L) is 267. The polymorphs (%) are 66. The red blood cell count (million/µL) is 4.7. The red cell distribution width (RDW-SD, fL) is 14.0. The white blood cell count (×10^9/L) is 7.3. The eosinophils (%) are 0. The serum creatinine (mg/dL) is 1.0. The blood urea (mg/dL) is 38.0. The glomerular filtration rate (mL/min/1.73m²) is 83.63.",Not CKD
"Based on the patient description, predict if they have CKD.","This patient is 59 years old, male. The age (years) is 59. The sex is male. The hemoglobin (g/dL) is 13.2. The hematocrit (%) is 36.6. The lymphocytes (%) are 18. The mean corpuscular hemoglobin (MCH, pg) is 27.6. The mean corpuscular hemoglobin concentration (MCHC, g/dL) is 35.9. The mean corpuscular volume (MCV, fL) is 77.0. The monocytes (%) are 4. The mean platelet volume (fL) is 5.7. The plateletcrit (%) is 0.1. The platelet distribution width (%) is 30.7. The platelet count (×10^9/L) is 218. The polymorphs (%) are 76. The red blood cell count (million/µL) is 4.7. The red cell distribution width (RDW-SD, fL) is 15.4. The white blood cell count (×10^9/L) is 6.2. The eosinophils (%) are 2. The serum creatinine (mg/dL) is 0.8. The blood urea (mg/dL) is 18.0. The glomerular filtration rate (mL/min/1.73m²) is 98.94.",Not CKD
"Based on the patient description, predict if they have CKD.","This patient is 40 years old, male. The age (years) is 40. The sex is male. The hemoglobin (g/dL) is 14.6. The hematocrit (%) is 41.42. The lymphocytes (%) are 16. The mean corpuscular hemoglobin (MCH, pg) is 29.0. The mean corpuscular hemoglobin concentration (MCHC, g/dL) is 35.0. The mean corpuscular volume (MCV, fL) is 83.0. The monocytes (%) are 4. The mean platelet volume (fL) is 6.9. The plateletcrit (%) is 0.16. The platelet distribution width (%) is 33.0. The platelet count (×10^9/L) is 234. The polymorphs (%) are 79. The red blood cell count (million/µL) is 4.9. The red cell distribution width (RDW-SD, fL) is 14.0. The white blood cell count (×10^9/L) is 6.7. The eosinophils (%) are 1. The serum creatinine (mg/dL) is 0.8. The blood urea (mg/dL) is 19.0. The glomerular filtration rate (mL/min/1.73m²) is 107.07.",Not CKD
"Based on the patient description, predict if they have CKD.","This patient is 72 years old, female. The age (years) is 72. The sex is female. The hemoglobin (g/dL) is 12.4. The hematocrit (%) is 33.0. The lymphocytes (%) are 22. The mean corpuscular hemoglobin (MCH, pg) is 27.0. The mean corpuscular hemoglobin concentration (MCHC, g/dL) is 36.0. The mean corpuscular volume (MCV, fL) is 75.0. The monocytes (%) are 4. The mean platelet volume (fL) is 7.0. The plateletcrit (%) is 0.26. The platelet distribution width (%) is 34.8. The platelet count (×10^9/L) is 375. The polymorphs (%) are 72. The red blood cell count (million/µL) is 4.5. The red cell distribution width (RDW-SD, fL) is 17.1. The white blood cell count (×10^9/L) is 8.5. The eosinophils (%) are 2. The serum creatinine (mg/dL) is 0.8. The blood urea (mg/dL) is 23.0. The glomerular filtration rate (mL/min/1.73m²) is 70.51.",Not CKD
"Based on the patient description, predict if they have CKD.","This patient is 70 years old, female. The age (years) is 70. The sex is female. The hemoglobin (g/dL) is 13.2. The hematocrit (%) is 35.0. The lymphocytes (%) are 32. The mean corpuscular hemoglobin (MCH, pg) is 29.0. The mean corpuscular hemoglobin concentration (MCHC, g/dL) is 37.0. The mean corpuscular volume (MCV, fL) is 78.0. The monocytes (%) are 5. The mean platelet volume (fL) is 8.1. The plateletcrit (%) is 0.13. The platelet distribution width (%) is 37.7. The platelet count (×10^9/L) is 163. The polymorphs (%) are 60. The red blood cell count (million/µL) is 4.5. The red cell distribution width (RDW-SD, fL) is 14.8. The white blood cell count (×10^9/L) is 9.8. The eosinophils (%) are 3. The serum creatinine (mg/dL) is 1.6. The blood urea (mg/dL) is 49.0. The glomerular filtration rate (mL/min/1.73m²) is 31.87.",Not CKD
"Based on the patient description, predict if they have CKD.","This patient is 65 years old, female. The age (years) is 65. The sex is female. The hemoglobin (g/dL) is 13.6. The hematocrit (%) is 36.79. The lymphocytes (%) are 22. The mean corpuscular hemoglobin (MCH, pg) is 29.0. The mean corpuscular hemoglobin concentration (MCHC, g/dL) is 37.0. The mean corpuscular volume (MCV, fL) is 81.0. The monocytes (%) are 4. The mean platelet volume (fL) is 6.8. The plateletcrit (%) is 0.18. The platelet distribution width (%) is 35.0. The platelet count (×10^9/L) is 261. The polymorphs (%) are 73. The red blood cell count (million/µL) is 4.5. The red cell distribution width (RDW-SD, fL) is 14.0. The white blood cell count (×10^9/L) is 11.3. The eosinophils (%) are 1. The serum creatinine (mg/dL) is 0.9. The blood urea (mg/dL) is 36.0. The glomerular filtration rate (mL/min/1.73m²) is 62.84.",Not CKD
"Based on the patient description, predict if they have CKD.","This patient is 6 years old, male. The age (years) is 6. The sex is male. The hemoglobin (g/dL) is 13.1. The hematocrit (%) is 34.0. The lymphocytes (%) are 35. The mean corpuscular hemoglobin (MCH, pg) is 30.0. The mean corpuscular hemoglobin concentration (MCHC, g/dL) is 38.3. The mean corpuscular volume (MCV, fL) is 78.0. The monocytes (%) are 3. The mean platelet volume (fL) is 6.5. The plateletcrit (%) is 0.17. The platelet distribution width (%) is 33.0. The platelet count (×10^9/L) is 268. The polymorphs (%) are 61. The red blood cell count (million/µL) is 4.4. The red cell distribution width (RDW-SD, fL) is 15.4. The white blood cell count (×10^9/L) is 10.8. The eosinophils (%) are 1. The serum creatinine (mg/dL) is 0.8. The blood urea (mg/dL) is 32.0. The glomerular filtration rate (mL/min/1.73m²) is 157.36.",Not CKD
"Based on the patient description, predict if they have CKD.","This patient is 64 years old, male. The age (years) is 64. The sex is male. The hemoglobin (g/dL) is 11.6. The hematocrit (%) is 31.0. The lymphocytes (%) are 21. The mean corpuscular hemoglobin (MCH, pg) is 25.0. The mean corpuscular hemoglobin concentration (MCHC, g/dL) is 36.0. The mean corpuscular volume (MCV, fL) is 70.0. The monocytes (%) are 4. The mean platelet volume (fL) is 6.1. The plateletcrit (%) is 0.1. The platelet distribution width (%) is 31.0. The platelet count (×10^9/L) is 168. The polymorphs (%) are 73. The red blood cell count (million/µL) is 4.5. The red cell distribution width (RDW-SD, fL) is 19.5. The white blood cell count (×10^9/L) is 8.3. The eosinophils (%) are 2. The serum creatinine (mg/dL) is 1.9. The blood urea (mg/dL) is 44.0. The glomerular filtration rate (mL/min/1.73m²) is 35.87.",Not CKD
"Based on the patient description, predict if they have CKD.","This patient is 37 years old, male. The age (years) is 37. The sex is male. The hemoglobin (g/dL) is 10.6. The hematocrit (%) is 28.9. The lymphocytes (%) are 5. The mean corpuscular hemoglobin (MCH, pg) is 28.9. The mean corpuscular hemoglobin concentration (MCHC, g/dL) is 36.7. The mean corpuscular volume (MCV, fL) is 79.0. The monocytes (%) are 3. The mean platelet volume (fL) is 7.4. The plateletcrit (%) is 0.2. The platelet distribution width (%) is 33.8. The platelet count (×10^9/L) is 343. The polymorphs (%) are 90. The red blood cell count (million/µL) is 3.6. The red cell distribution width (RDW-SD, fL) is 20.1. The white blood cell count (×10^9/L) is 8.4. The eosinophils (%) are 2. The serum creatinine (mg/dL) is 8.4. The blood urea (mg/dL) is 147.0. The glomerular filtration rate (mL/min/1.73m²) is 7.21.",Not CKD
"Based on the patient description, predict if they have CKD.","This patient is 35 years old, male. The age (years) is 35. The sex is male. The hemoglobin (g/dL) is 13.5. The hematocrit (%) is 36.0. The lymphocytes (%) are 13. The mean corpuscular hemoglobin (MCH, pg) is 28.0. The mean corpuscular hemoglobin concentration (MCHC, g/dL) is 37.0. The mean corpuscular volume (MCV, fL) is 75.0. The monocytes (%) are 3. The mean platelet volume (fL) is 8.4. The plateletcrit (%) is 0.03. The platelet distribution width (%) is 34.0. The platelet count (×10^9/L) is 40. The polymorphs (%) are 82. The red blood cell count (million/µL) is 4.8. The red cell distribution width (RDW-SD, fL) is 16.3. The white blood cell count (×10^9/L) is 3.9. The eosinophils (%) are 2. The serum creatinine (mg/dL) is 0.9. The blood urea (mg/dL) is 35.0. The glomerular filtration rate (mL/min/1.73m²) is 96.03.",Not CKD
"Based on the patient description, predict if they have CKD.","This patient is 39 years old, female. The age (years) is 39. The sex is female. The hemoglobin (g/dL) is 13.6. The hematocrit (%) is 37.06. The lymphocytes (%) are 29. The mean corpuscular hemoglobin (MCH, pg) is 28.0. The mean corpuscular hemoglobin concentration (MCHC, g/dL) is 36.0. The mean corpuscular volume (MCV, fL) is 78.0. The monocytes (%) are 4. The mean platelet volume (fL) is 7.0. The plateletcrit (%) is 0.2. The platelet distribution width (%) is 34.0. The platelet count (×10^9/L) is 280. The polymorphs (%) are 65. The red blood cell count (million/µL) is 4.7. The red cell distribution width (RDW-SD, fL) is 14.0. The white blood cell count (×10^9/L) is 6.8. The eosinophils (%) are 2. The serum creatinine (mg/dL) is 0.8. The blood urea (mg/dL) is 23.0. The glomerular filtration rate (mL/min/1.73m²) is 79.85.",Not CKD
"Based on the patient description, predict if they have CKD.","This patient is 85 years old, male. The age (years) is 85. The sex is male. The hemoglobin (g/dL) is 14.6. The hematocrit (%) is 38.5. The lymphocytes (%) are 28. The mean corpuscular hemoglobin (MCH, pg) is 32.0. The mean corpuscular hemoglobin concentration (MCHC, g/dL) is 38.0. The mean corpuscular volume (MCV, fL) is 85.0. The monocytes (%) are 7. The mean platelet volume (fL) is 8.1. The plateletcrit (%) is 0.12. The platelet distribution width (%) is 35.0. The platelet count (×10^9/L) is 149. The polymorphs (%) are 59. The red blood cell count (million/µL) is 4.5. The red cell distribution width (RDW-SD, fL) is 12.6. The white blood cell count (×10^9/L) is 6.5. The eosinophils (%) are 6. The serum creatinine (mg/dL) is 1.4. The blood urea (mg/dL) is 36.0. The glomerular filtration rate (mL/min/1.73m²) is 48.17.",Not CKD
"Based on the patient description, predict if they have CKD.","This patient is 70 years old, female. The age (years) is 70. The sex is female. The hemoglobin (g/dL) is 14.0. The hematocrit (%) is 40.7. The lymphocytes (%) are 27. The mean corpuscular hemoglobin (MCH, pg) is 29.0. The mean corpuscular hemoglobin concentration (MCHC, g/dL) is 36.0. The mean corpuscular volume (MCV, fL) is 84.0. The monocytes (%) are 1. The mean platelet volume (fL) is 9.0. The plateletcrit (%) is 0.26. The platelet distribution width (%) is 40.0. The platelet count (×10^9/L) is 293. The polymorphs (%) are 71. The red blood cell count (million/µL) is 4.8. The red cell distribution width (RDW-SD, fL) is 13.7. The white blood cell count (×10^9/L) is 9.0. The eosinophils (%) are 1. The serum creatinine (mg/dL) is 1.0. The blood urea (mg/dL) is 32.0. The glomerular filtration rate (mL/min/1.73m²) is 54.81.",Not CKD
"Based on the patient description, predict if they have CKD.","This patient is 33 years old, male. The age (years) is 33. The sex is male. The hemoglobin (g/dL) is 16.1. The hematocrit (%) is 46.47. The lymphocytes (%) are 27. The mean corpuscular hemoglobin (MCH, pg) is 28.0. The mean corpuscular hemoglobin concentration (MCHC, g/dL) is 34.0. The mean corpuscular volume (MCV, fL) is 81.0. The monocytes (%) are 5. The mean platelet volume (fL) is 7.6. The plateletcrit (%) is 0.2. The platelet distribution width (%) is 36.0. The platelet count (×10^9/L) is 262. The polymorphs (%) are 65. The red blood cell count (million/µL) is 5.7. The red cell distribution width (RDW-SD, fL) is 13.0. The white blood cell count (×10^9/L) is 6.8. The eosinophils (%) are 3. The serum creatinine (mg/dL) is 1.0. The blood urea (mg/dL) is 29.0. The glomerular filtration rate (mL/min/1.73m²) is 86.06.",Not CKD
"Based on the patient description, predict if they have CKD.","This patient is 57 years old, female. The age (years) is 57. The sex is female. The hemoglobin (g/dL) is 10.2. The hematocrit (%) is 33.0. The lymphocytes (%) are 19. The mean corpuscular hemoglobin (MCH, pg) is 25.0. The mean corpuscular hemoglobin concentration (MCHC, g/dL) is 34.0. The mean corpuscular volume (MCV, fL) is 75.0. The monocytes (%) are 3. The mean platelet volume (fL) is 7.8. The plateletcrit (%) is 0.19. The platelet distribution width (%) is 37.4. The platelet count (×10^9/L) is 241. The polymorphs (%) are 77. The red blood cell count (million/µL) is 4.4. The red cell distribution width (RDW-SD, fL) is 16.7. The white blood cell count (×10^9/L) is 12.7. The eosinophils (%) are 1. The serum creatinine (mg/dL) is 0.7. The blood urea (mg/dL) is 25.0. The glomerular filtration rate (mL/min/1.73m²) is 86.25.",Not CKD
"Based on the patient description, predict if they have CKD.","This patient is 52 years old, female. The age (years) is 52. The sex is female. The hemoglobin (g/dL) is 11.1. The hematocrit (%) is 34.0. The lymphocytes (%) are 26. The mean corpuscular hemoglobin (MCH, pg) is 29.0. The mean corpuscular hemoglobin concentration (MCHC, g/dL) is 34.0. The mean corpuscular volume (MCV, fL) is 86.0. The monocytes (%) are 5. The mean platelet volume (fL) is 8.1. The plateletcrit (%) is 0.19. The platelet distribution width (%) is 37.1. The platelet count (×10^9/L) is 230. The polymorphs (%) are 67. The red blood cell count (million/µL) is 4.0. The red cell distribution width (RDW-SD, fL) is 15.7. The white blood cell count (×10^9/L) is 8.0. The eosinophils (%) are 3. The serum creatinine (mg/dL) is 1.8. The blood urea (mg/dL) is 70.0. The glomerular filtration rate (mL/min/1.73m²) is 29.55.",Not CKD
"Based on the patient description, predict if they have CKD.","This patient is 43 years old, female. The age (years) is 43. The sex is female. The hemoglobin (g/dL) is 14.8. The hematocrit (%) is 44.0. The lymphocytes (%) are 20. The mean corpuscular hemoglobin (MCH, pg) is 29.0. The mean corpuscular hemoglobin concentration (MCHC, g/dL) is 35.0. The mean corpuscular volume (MCV, fL) is 85.0. The monocytes (%) are 2. The mean platelet volume (fL) is 6.8. The plateletcrit (%) is 0.18. The platelet distribution width (%) is 34.5. The platelet count (×10^9/L) is 267. The polymorphs (%) are 78. The red blood cell count (million/µL) is 5.2. The red cell distribution width (RDW-SD, fL) is 12.5. The white blood cell count (×10^9/L) is 6.0. The eosinophils (%) are 0. The serum creatinine (mg/dL) is 0.8. The blood urea (mg/dL) is 22.0. The glomerular filtration rate (mL/min/1.73m²) is 78.29.",Not CKD
"Based on the patient description, predict if they have CKD.","This patient is 50 years old, female. The age (years) is 50. The sex is female. The hemoglobin (g/dL) is 8.3. The hematocrit (%) is 23.0. The lymphocytes (%) are 16. The mean corpuscular hemoglobin (MCH, pg) is 27.0. The mean corpuscular hemoglobin concentration (MCHC, g/dL) is 35.0. The mean corpuscular volume (MCV, fL) is 78.0. The monocytes (%) are 2. The mean platelet volume (fL) is 6.9. The plateletcrit (%) is 0.3. The platelet distribution width (%) is 34.5. The platelet count (×10^9/L) is 429. The polymorphs (%) are 81. The red blood cell count (million/µL) is 3.0. The red cell distribution width (RDW-SD, fL) is 14.8. The white blood cell count (×10^9/L) is 8.9. The eosinophils (%) are 1. The serum creatinine (mg/dL) is 4.7. The blood urea (mg/dL) is 127.0. The glomerular filtration rate (mL/min/1.73m²) is 9.84.",Not CKD
"Based on the patient description, predict if they have CKD.","This patient is 53 years old, female. The age (years) is 53. The sex is female. The hemoglobin (g/dL) is 14.4. The hematocrit (%) is 41.0. The lymphocytes (%) are 22. The mean corpuscular hemoglobin (MCH, pg) is 27.0. The mean corpuscular hemoglobin concentration (MCHC, g/dL) is 34.0. The mean corpuscular volume (MCV, fL) is 78.0. The monocytes (%) are 2. The mean platelet volume (fL) is 8.6. The plateletcrit (%) is 0.27. The platelet distribution width (%) is 38.8. The platelet count (×10^9/L) is 312. The polymorphs (%) are 76. The red blood cell count (million/µL) is 5.3. The red cell distribution width (RDW-SD, fL) is 13.2. The white blood cell count (×10^9/L) is 8.2. The eosinophils (%) are 0. The serum creatinine (mg/dL) is 0.7. The blood urea (mg/dL) is 26.0. The glomerular filtration rate (mL/min/1.73m²) is 87.53.",Not CKD
"Based on the patient description, predict if they have CKD.","This patient is 67 years old, male. The age (years) is 67. The sex is male. The hemoglobin (g/dL) is 11.3. The hematocrit (%) is 31.0. The lymphocytes (%) are 8. The mean corpuscular hemoglobin (MCH, pg) is 31.0. The mean corpuscular hemoglobin concentration (MCHC, g/dL) is 35.0. The mean corpuscular volume (MCV, fL) is 87.0. The monocytes (%) are 8. The mean platelet volume (fL) is 7.6. The plateletcrit (%) is 0.2. The platelet distribution width (%) is 32.7. The platelet count (×10^9/L) is 266. The polymorphs (%) are 80. The red blood cell count (million/µL) is 3.6. The red cell distribution width (RDW-SD, fL) is 14.7. The white blood cell count (×10^9/L) is 8.1. The eosinophils (%) are 4. The serum creatinine (mg/dL) is 8.2. The blood urea (mg/dL) is 275.0. The glomerular filtration rate (mL/min/1.73m²) is 6.57.",Not CKD
"Based on the patient description, predict if they have CKD.","This patient is 43 years old, male. The age (years) is 43. The sex is male. The hemoglobin (g/dL) is 12.0. The hematocrit (%) is 35.2. The lymphocytes (%) are 8. The mean corpuscular hemoglobin (MCH, pg) is 30.0. The mean corpuscular hemoglobin concentration (MCHC, g/dL) is 35.1. The mean corpuscular volume (MCV, fL) is 86.0. The monocytes (%) are 3. The mean platelet volume (fL) is 7.4. The plateletcrit (%) is 0.2. The platelet distribution width (%) is 34.2. The platelet count (×10^9/L) is 325. The polymorphs (%) are 88. The red blood cell count (million/µL) is 4.1. The red cell distribution width (RDW-SD, fL) is 16.6. The white blood cell count (×10^9/L) is 13.7. The eosinophils (%) are 1. The serum creatinine (mg/dL) is 1.5. The blood urea (mg/dL) is 35.0. The glomerular filtration rate (mL/min/1.73m²) is 51.08.",Not CKD
"Based on the patient description, predict if they have CKD.","This patient is 63 years old, male. The age (years) is 63. The sex is male. The hemoglobin (g/dL) is 14.2. The hematocrit (%) is 39.62. The lymphocytes (%) are 23. The mean corpuscular hemoglobin (MCH, pg) is 31.0. The mean corpuscular hemoglobin concentration (MCHC, g/dL) is 35.0. The mean corpuscular volume (MCV, fL) is 88.0. The monocytes (%) are 4. The mean platelet volume (fL) is 7.0. The plateletcrit (%) is 0.19. The platelet distribution width (%) is 34.0. The platelet count (×10^9/L) is 275. The polymorphs (%) are 71. The red blood cell count (million/µL) is 4.5. The red cell distribution width (RDW-SD, fL) is 14.4. The white blood cell count (×10^9/L) is 7.5. The eosinophils (%) are 2. The serum creatinine (mg/dL) is 1.2. The blood urea (mg/dL) is 40.0. The glomerular filtration rate (mL/min/1.73m²) is 61.15.",Not CKD
"Based on the patient description, predict if they have CKD.","This patient is 38 years old, female. The age (years) is 38. The sex is female. The hemoglobin (g/dL) is 11.5. The hematocrit (%) is 32.01. The lymphocytes (%) are 15. The mean corpuscular hemoglobin (MCH, pg) is 33.0. The mean corpuscular hemoglobin concentration (MCHC, g/dL) is 36.0. The mean corpuscular volume (MCV, fL) is 93.0. The monocytes (%) are 2. The mean platelet volume (fL) is 7.1. The plateletcrit (%) is 0.27. The platelet distribution width (%) is 34.0. The platelet count (×10^9/L) is 381. The polymorphs (%) are 82. The red blood cell count (million/µL) is 3.4. The red cell distribution width (RDW-SD, fL) is 15.0. The white blood cell count (×10^9/L) is 10.3. The eosinophils (%) are 1. The serum creatinine (mg/dL) is 2.8. The blood urea (mg/dL) is 79.0. The glomerular filtration rate (mL/min/1.73m²) is 18.91.",Not CKD
"Based on the patient description, predict if they have CKD.","This patient is 91 years old, male. The age (years) is 91. The sex is male. The hemoglobin (g/dL) is 13.5. The hematocrit (%) is 37.6. The lymphocytes (%) are 12. The mean corpuscular hemoglobin (MCH, pg) is 30.3. The mean corpuscular hemoglobin concentration (MCHC, g/dL) is 35.9. The mean corpuscular volume (MCV, fL) is 86.0. The monocytes (%) are 3. The mean platelet volume (fL) is 10.5. The plateletcrit (%) is 0.1. The platelet distribution width (%) is 43.7. The platelet count (×10^9/L) is 178. The polymorphs (%) are 83. The red blood cell count (million/µL) is 4.4. The red cell distribution width (RDW-SD, fL) is 14.9. The white blood cell count (×10^9/L) is 11.3. The eosinophils (%) are 2. The serum creatinine (mg/dL) is 0.8. The blood urea (mg/dL) is 40.0. The glomerular filtration rate (mL/min/1.73m²) is 90.61.",Not CKD
"Based on the patient description, predict if they have CKD.","This patient is 39 years old, male. The age (years) is 39. The sex is male. The hemoglobin (g/dL) is 15.4. The hematocrit (%) is 44.0. The lymphocytes (%) are 6. The mean corpuscular hemoglobin (MCH, pg) is 28.7. The mean corpuscular hemoglobin concentration (MCHC, g/dL) is 35.1. The mean corpuscular volume (MCV, fL) is 82.0. The monocytes (%) are 3. The mean platelet volume (fL) is 8.6. The plateletcrit (%) is 0.2. The platelet distribution width (%) is 40.0. The platelet count (×10^9/L) is 327. The polymorphs (%) are 89. The red blood cell count (million/µL) is 5.3. The red cell distribution width (RDW-SD, fL) is 15.1. The white blood cell count (×10^9/L) is 12.7. The eosinophils (%) are 2. The serum creatinine (mg/dL) is 1.6. The blood urea (mg/dL) is 58.0. The glomerular filtration rate (mL/min/1.73m²) is 48.36.",Not CKD
"Based on the patient description, predict if they have CKD.","This patient is 39 years old, male. The age (years) is 39. The sex is male. The hemoglobin (g/dL) is 14.2. The hematocrit (%) is 43.5. The lymphocytes (%) are 8. The mean corpuscular hemoglobin (MCH, pg) is 28.7. The mean corpuscular hemoglobin concentration (MCHC, g/dL) is 35.5. The mean corpuscular volume (MCV, fL) is 81.0. The monocytes (%) are 3. The mean platelet volume (fL) is 7.4. The plateletcrit (%) is 0.2. The platelet distribution width (%) is 35.8. The platelet count (×10^9/L) is 519. The polymorphs (%) are 89. The red blood cell count (million/µL) is 5.3. The red cell distribution width (RDW-SD, fL) is 15.7. The white blood cell count (×10^9/L) is 15.9. The eosinophils (%) are 0. The serum creatinine (mg/dL) is 1.9. The blood urea (mg/dL) is 41.0. The glomerular filtration rate (mL/min/1.73m²) is 39.66.",Not CKD
"Based on the patient description, predict if they have CKD.","This patient is 68 years old, female. The age (years) is 68. The sex is female. The hemoglobin (g/dL) is 8.1. The hematocrit (%) is 22.8. The lymphocytes (%) are 11. The mean corpuscular hemoglobin (MCH, pg) is 28.4. The mean corpuscular hemoglobin concentration (MCHC, g/dL) is 32.4. The mean corpuscular volume (MCV, fL) is 74.0. The monocytes (%) are 5. The mean platelet volume (fL) is 7.0. The plateletcrit (%) is 0.2. The platelet distribution width (%) is 36.3. The platelet count (×10^9/L) is 316. The polymorphs (%) are 82. The red blood cell count (million/µL) is 3.0. The red cell distribution width (RDW-SD, fL) is 16.1. The white blood cell count (×10^9/L) is 9.3. The eosinophils (%) are 2. The serum creatinine (mg/dL) is 1.8. The blood urea (mg/dL) is 69.0. The glomerular filtration rate (mL/min/1.73m²) is 27.98.",Not CKD
"Based on the patient description, predict if they have CKD.","This patient is 52 years old, female. The age (years) is 52. The sex is female. The hemoglobin (g/dL) is 12.1. The hematocrit (%) is 34.0. The lymphocytes (%) are 22. The mean corpuscular hemoglobin (MCH, pg) is 29.5. The mean corpuscular hemoglobin concentration (MCHC, g/dL) is 35.6. The mean corpuscular volume (MCV, fL) is 83.0. The monocytes (%) are 4. The mean platelet volume (fL) is 8.7. The plateletcrit (%) is 0.2. The platelet distribution width (%) is 39.8. The platelet count (×10^9/L) is 281. The polymorphs (%) are 72. The red blood cell count (million/µL) is 4.1. The red cell distribution width (RDW-SD, fL) is 13.9. The white blood cell count (×10^9/L) is 9.1. The eosinophils (%) are 2. The serum creatinine (mg/dL) is 6.4. The blood urea (mg/dL) is 88.0. The glomerular filtration rate (mL/min/1.73m²) is 6.84.",Not CKD
"Based on the patient description, predict if they have CKD.","This patient is 60 years old, male. The age (years) is 60. The sex is male. The hemoglobin (g/dL) is 13.5. The hematocrit (%) is 42.3. The lymphocytes (%) are 37. The mean corpuscular hemoglobin (MCH, pg) is 28.8. The mean corpuscular hemoglobin concentration (MCHC, g/dL) is 34.8. The mean corpuscular volume (MCV, fL) is 83.0. The monocytes (%) are 3. The mean platelet volume (fL) is 8.2. The plateletcrit (%) is 0.2. The platelet distribution width (%) is 37.9. The platelet count (×10^9/L) is 286. The polymorphs (%) are 58. The red blood cell count (million/µL) is 5.1. The red cell distribution width (RDW-SD, fL) is 13.0. The white blood cell count (×10^9/L) is 9.2. The eosinophils (%) are 2. The serum creatinine (mg/dL) is 0.8. The blood urea (mg/dL) is 20.0. The glomerular filtration rate (mL/min/1.73m²) is 98.61.",Not CKD
"Based on the patient description, predict if they have CKD.","This patient is 58 years old, male. The age (years) is 58. The sex is male. The hemoglobin (g/dL) is 12.6. The hematocrit (%) is 39.0. The lymphocytes (%) are 32. The mean corpuscular hemoglobin (MCH, pg) is 30.0. The mean corpuscular hemoglobin concentration (MCHC, g/dL) is 34.0. The mean corpuscular volume (MCV, fL) is 89.0. The monocytes (%) are 4. The mean platelet volume (fL) is 7.4. The plateletcrit (%) is 0.18. The platelet distribution width (%) is 35.4. The platelet count (×10^9/L) is 245. The polymorphs (%) are 62. The red blood cell count (million/µL) is 4.4. The red cell distribution width (RDW-SD, fL) is 14.6. The white blood cell count (×10^9/L) is 6.0. The eosinophils (%) are 2. The serum creatinine (mg/dL) is 1.1. The blood urea (mg/dL) is 26.0. The glomerular filtration rate (mL/min/1.73m²) is 68.75.",Not CKD
"Based on the patient description, predict if they have CKD.","This patient is 27 years old, female. The age (years) is 27. The sex is female. The hemoglobin (g/dL) is 10.1. The hematocrit (%) is 28.0. The lymphocytes (%) are 13. The mean corpuscular hemoglobin (MCH, pg) is 29.0. The mean corpuscular hemoglobin concentration (MCHC, g/dL) is 35.0. The mean corpuscular volume (MCV, fL) is 81.0. The monocytes (%) are 2. The mean platelet volume (fL) is 6.4. The plateletcrit (%) is 0.15. The platelet distribution width (%) is 34.6. The platelet count (×10^9/L) is 233. The polymorphs (%) are 85. The red blood cell count (million/µL) is 3.4. The red cell distribution width (RDW-SD, fL) is 16.9. The white blood cell count (×10^9/L) is 6.3. The eosinophils (%) are 0. The serum creatinine (mg/dL) is 0.5. The blood urea (mg/dL) is 25.0. The glomerular filtration rate (mL/min/1.73m²) is 148.0.",Not CKD
"Based on the patient description, predict if they have CKD.","This patient is 62 years old, female. The age (years) is 62. The sex is female. The hemoglobin (g/dL) is 12.7. The hematocrit (%) is 37.0. The lymphocytes (%) are 29. The mean corpuscular hemoglobin (MCH, pg) is 28.0. The mean corpuscular hemoglobin concentration (MCHC, g/dL) is 34.0. The mean corpuscular volume (MCV, fL) is 81.0. The monocytes (%) are 3. The mean platelet volume (fL) is 7.8. The plateletcrit (%) is 0.22. The platelet distribution width (%) is 37.7. The platelet count (×10^9/L) is 282. The polymorphs (%) are 66. The red blood cell count (million/µL) is 4.5. The red cell distribution width (RDW-SD, fL) is 12.2. The white blood cell count (×10^9/L) is 7.9. The eosinophils (%) are 2. The serum creatinine (mg/dL) is 0.8. The blood urea (mg/dL) is 36.0. The glomerular filtration rate (mL/min/1.73m²) is 72.68.",Not CKD
"Based on the patient description, predict if they have CKD.","This patient is 42 years old, female. The age (years) is 42. The sex is female. The hemoglobin (g/dL) is 13.2. The hematocrit (%) is 37.7. The lymphocytes (%) are 29. The mean corpuscular hemoglobin (MCH, pg) is 28.2. The mean corpuscular hemoglobin concentration (MCHC, g/dL) is 35.1. The mean corpuscular volume (MCV, fL) is 80.0. The monocytes (%) are 5. The mean platelet volume (fL) is 8.1. The plateletcrit (%) is 0.29. The platelet distribution width (%) is 37.4. The platelet count (×10^9/L) is 362. The polymorphs (%) are 64. The red blood cell count (million/µL) is 4.69. The red cell distribution width (RDW-SD, fL) is 14.6. The white blood cell count (×10^9/L) is 7.96. The eosinophils (%) are 2. The serum creatinine (mg/dL) is 0.9. The blood urea (mg/dL) is 40.0. The glomerular filtration rate (mL/min/1.73m²) is 68.66.",Not CKD
"Based on the patient description, predict if they have CKD.","This patient is 55 years old, male. The age (years) is 55. The sex is male. The hemoglobin (g/dL) is 10.0. The hematocrit (%) is 28.0. The lymphocytes (%) are 17. The mean corpuscular hemoglobin (MCH, pg) is 28.0. The mean corpuscular hemoglobin concentration (MCHC, g/dL) is 35.0. The mean corpuscular volume (MCV, fL) is 79.0. The monocytes (%) are 2. The mean platelet volume (fL) is 6.6. The plateletcrit (%) is 0.1. The platelet distribution width (%) is 35.0. The platelet count (×10^9/L) is 149. The polymorphs (%) are 79. The red blood cell count (million/µL) is 3.5. The red cell distribution width (RDW-SD, fL) is 16.0. The white blood cell count (×10^9/L) is 7.2. The eosinophils (%) are 2. The serum creatinine (mg/dL) is 12.9. The blood urea (mg/dL) is 104.0. The glomerular filtration rate (mL/min/1.73m²) is 4.06.",Not CKD
"Based on the patient description, predict if they have CKD.","This patient is 75 years old, male. The age (years) is 75. The sex is male. The hemoglobin (g/dL) is 15.3. The hematocrit (%) is 43.7. The lymphocytes (%) are 26. The mean corpuscular hemoglobin (MCH, pg) is 28.5. The mean corpuscular hemoglobin concentration (MCHC, g/dL) is 35.1. The mean corpuscular volume (MCV, fL) is 81.0. The monocytes (%) are 5. The mean platelet volume (fL) is 6.3. The plateletcrit (%) is 0.09. The platelet distribution width (%) is 33.0. The platelet count (×10^9/L) is 147. The polymorphs (%) are 66. The red blood cell count (million/µL) is 5.37. The red cell distribution width (RDW-SD, fL) is 15.5. The white blood cell count (×10^9/L) is 7.02. The eosinophils (%) are 3. The serum creatinine (mg/dL) is 1.2. The blood urea (mg/dL) is 30.0. The glomerular filtration rate (mL/min/1.73m²) is 59.02.",Not CKD
"Based on the patient description, predict if they have CKD.","This patient is 51 years old, female. The age (years) is 51. The sex is female. The hemoglobin (g/dL) is 13.3. The hematocrit (%) is 35.0. The lymphocytes (%) are 23. The mean corpuscular hemoglobin (MCH, pg) is 28.0. The mean corpuscular hemoglobin concentration (MCHC, g/dL) is 37.0. The mean corpuscular volume (MCV, fL) is 74.0. The monocytes (%) are 3. The mean platelet volume (fL) is 5.9. The plateletcrit (%) is 0.14. The platelet distribution width (%) is 33.0. The platelet count (×10^9/L) is 238. The polymorphs (%) are 72. The red blood cell count (million/µL) is 4.7. The red cell distribution width (RDW-SD, fL) is 16.3. The white blood cell count (×10^9/L) is 9.2. The eosinophils (%) are 2. The serum creatinine (mg/dL) is 0.9. The blood urea (mg/dL) is 21.0. The glomerular filtration rate (mL/min/1.73m²) is 66.01.",Not CKD
"Based on the patient description, predict if they have CKD.","This patient is 73 years old, male. The age (years) is 73. The sex is male. The hemoglobin (g/dL) is 12.4. The hematocrit (%) is 33.2. The lymphocytes (%) are 15. The mean corpuscular hemoglobin (MCH, pg) is 25.1. The mean corpuscular hemoglobin concentration (MCHC, g/dL) is 37.3. The mean corpuscular volume (MCV, fL) is 67.0. The monocytes (%) are 4. The mean platelet volume (fL) is 6.3. The plateletcrit (%) is 0.2. The platelet distribution width (%) is 33.8. The platelet count (×10^9/L) is 289. The polymorphs (%) are 78. The red blood cell count (million/µL) is 4.9. The red cell distribution width (RDW-SD, fL) is 17.5. The white blood cell count (×10^9/L) is 7.2. The eosinophils (%) are 3. The serum creatinine (mg/dL) is 1.5. The blood urea (mg/dL) is 26.0. The glomerular filtration rate (mL/min/1.73m²) is 45.87.",Not CKD
"Based on the patient description, predict if they have CKD.","This patient is 67 years old, male. The age (years) is 67. The sex is male. The hemoglobin (g/dL) is 13.8. The hematocrit (%) is 34.51. The lymphocytes (%) are 23. The mean corpuscular hemoglobin (MCH, pg) is 31.0. The mean corpuscular hemoglobin concentration (MCHC, g/dL) is 39.0. The mean corpuscular volume (MCV, fL) is 80.0. The monocytes (%) are 2. The mean platelet volume (fL) is 7.8. The plateletcrit (%) is 0.15. The platelet distribution width (%) is 39.0. The platelet count (×10^9/L) is 189. The polymorphs (%) are 73. The red blood cell count (million/µL) is 4.3. The red cell distribution width (RDW-SD, fL) is 14.0. The white blood cell count (×10^9/L) is 8.2. The eosinophils (%) are 2. The serum creatinine (mg/dL) is 2.9. The blood urea (mg/dL) is 58.0. The glomerular filtration rate (mL/min/1.73m²) is 21.81.",Not CKD
"Based on the patient description, predict if they have CKD.","This patient is 69 years old, female. The age (years) is 69. The sex is female. The hemoglobin (g/dL) is 15.8. The hematocrit (%) is 40.0. The lymphocytes (%) are 13. The mean corpuscular hemoglobin (MCH, pg) is 31.0. The mean corpuscular hemoglobin concentration (MCHC, g/dL) is 40.0. The mean corpuscular volume (MCV, fL) is 77.0. The monocytes (%) are 3. The mean platelet volume (fL) is 6.7. The plateletcrit (%) is 0.14. The platelet distribution width (%) is 34.6. The platelet count (×10^9/L) is 214. The polymorphs (%) are 83. The red blood cell count (million/µL) is 5.2. The red cell distribution width (RDW-SD, fL) is 15.2. The white blood cell count (×10^9/L) is 9.3. The eosinophils (%) are 1. The serum creatinine (mg/dL) is 0.9. The blood urea (mg/dL) is 35.0. The glomerular filtration rate (mL/min/1.73m²) is 62.08.",Not CKD
"Based on the patient description, predict if they have CKD.","This patient is 44 years old, male. The age (years) is 44. The sex is male. The hemoglobin (g/dL) is 15.4. The hematocrit (%) is 45.8. The lymphocytes (%) are 19. The mean corpuscular hemoglobin (MCH, pg) is 32.4. The mean corpuscular hemoglobin concentration (MCHC, g/dL) is 35.4. The mean corpuscular volume (MCV, fL) is 91.0. The monocytes (%) are 4. The mean platelet volume (fL) is 7.2. The plateletcrit (%) is 0.2. The platelet distribution width (%) is 36.0. The platelet count (×10^9/L) is 274. The polymorphs (%) are 75. The red blood cell count (million/µL) is 5.0. The red cell distribution width (RDW-SD, fL) is 12.9. The white blood cell count (×10^9/L) is 9.7. The eosinophils (%) are 2. The serum creatinine (mg/dL) is 0.8. The blood urea (mg/dL) is 37.0. The glomerular filtration rate (mL/min/1.73m²) is 105.01.",Not CKD
"Based on the patient description, predict if they have CKD.","This patient is 53 years old, female. The age (years) is 53. The sex is female. The hemoglobin (g/dL) is 12.2. The hematocrit (%) is 34.0. The lymphocytes (%) are 26. The mean corpuscular hemoglobin (MCH, pg) is 28.0. The mean corpuscular hemoglobin concentration (MCHC, g/dL) is 35.0. The mean corpuscular volume (MCV, fL) is 81.0. The monocytes (%) are 8. The mean platelet volume (fL) is 7.2. The plateletcrit (%) is 0.17. The platelet distribution width (%) is 34.8. The platelet count (×10^9/L) is 241. The polymorphs (%) are 72. The red blood cell count (million/µL) is 4.2. The red cell distribution width (RDW-SD, fL) is 13.7. The white blood cell count (×10^9/L) is 9.1. The eosinophils (%) are 4. The serum creatinine (mg/dL) is 0.9. The blood urea (mg/dL) is 41.0. The glomerular filtration rate (mL/min/1.73m²) is 65.5.",Not CKD
