instruction,input,output
Predict whether the patient has chronic kidney disease (CKD) based on the given clinical description.,"The patient is 48 years old, with blood pressure 70 mmHg, specific gravity 1.005, albumin level 4.0, sugar level 0.0, normal red blood cells, abnormal pus cells, pus cell clumps: yes, bacteria present: no, blood glucose random 117.0, blood urea 56.0, serum creatinine 3.8, sodium level 111.0, potassium level 2.5, hemoglobin 11.2, packed cell volume 17.0, white blood cell count 49.0, red blood cell count 17.0, hypertension: yes, diabetes mellitus: no, coronary artery disease: no, good appetite, pedal edema: yes, anemia: yes.",CKD
Predict whether the patient has chronic kidney disease (CKD) based on the given clinical description.,"The patient is 60 years old, with blood pressure 90 mmHg, specific gravity 1.015, albumin level 3.0, sugar level 0.0, normal red blood cells, normal pus cells, pus cell clumps: no, bacteria present: no, blood glucose random 74.0, blood urea 25.0, serum creatinine 1.1, sodium level 142.0, potassium level 3.2, hemoglobin 12.2, packed cell volume 24.0, white blood cell count 59.0, red blood cell count 22.0, hypertension: yes, diabetes mellitus: yes, coronary artery disease: no, poor appetite, pedal edema: yes, anemia: no.",CKD
Predict whether the patient has chronic kidney disease (CKD) based on the given clinical description.,"The patient is 53 years old, with blood pressure 90 mmHg, specific gravity 1.02, albumin level 2.0, sugar level 0.0, abnormal red blood cells, abnormal pus cells, pus cell clumps: yes, bacteria present: no, blood glucose random 70.0, blood urea 107.0, serum creatinine 7.2, sodium level 114.0, potassium level 3.7, hemoglobin 9.5, packed cell volume 14.0, white blood cell count 13.0, red blood cell count 15.0, hypertension: yes, diabetes mellitus: yes, coronary artery disease: no, good appetite, pedal edema: no, anemia: yes.",CKD
Predict whether the patient has chronic kidney disease (CKD) based on the given clinical description.,"The patient is 63 years old, with blood pressure 70 mmHg, specific gravity 1.01, albumin level 3.0, sugar level 0.0, abnormal red blood cells, abnormal pus cells, pus cell clumps: yes, bacteria present: no, blood glucose random 380.0, blood urea 60.0, serum creatinine 2.7, sodium level 131.0, potassium level 4.2, hemoglobin 10.8, packed cell volume 17.0, white blood cell count 32.0, red blood cell count 16.0, hypertension: yes, diabetes mellitus: yes, coronary artery disease: no, good appetite, pedal edema: yes, anemia: no.",CKD
Predict whether the patient has chronic kidney disease (CKD) based on the given clinical description.,"The patient is 68 years old, with blood pressure 70 mmHg, specific gravity 1.015, albumin level 3.0, sugar level 1.0, normal red blood cells, normal pus cells, pus cell clumps: yes, bacteria present: no, blood glucose random 208.0, blood urea 72.0, serum creatinine 2.1, sodium level 138.0, potassium level 5.8, hemoglobin 9.7, packed cell volume 13.0, white blood cell count 14.0, red blood cell count 12.0, hypertension: yes, diabetes mellitus: yes, coronary artery disease: yes, good appetite, pedal edema: yes, anemia: no.",CKD
Predict whether the patient has chronic kidney disease (CKD) based on the given clinical description.,"The patient is 68 years old, with blood pressure 80 mmHg, specific gravity 1.01, albumin level 3.0, sugar level 2.0, normal red blood cells, abnormal pus cells, pus cell clumps: yes, bacteria present: yes, blood glucose random 157.0, blood urea 90.0, serum creatinine 4.1, sodium level 130.0, potassium level 6.4, hemoglobin 5.6, packed cell volume 2.0, white blood cell count 6.0, red blood cell count 4.0, hypertension: yes, diabetes mellitus: yes, coronary artery disease: yes, good appetite, pedal edema: yes, anemia: no.",CKD
Predict whether the patient has chronic kidney disease (CKD) based on the given clinical description.,"The patient is 40 years old, with blood pressure 80 mmHg, specific gravity 1.015, albumin level 3.0, sugar level 0.0, normal red blood cells, normal pus cells, pus cell clumps: no, bacteria present: no, blood glucose random 76.0, blood urea 162.0, serum creatinine 9.6, sodium level 141.0, potassium level 4.9, hemoglobin 7.6, packed cell volume 9.0, white blood cell count 29.0, red blood cell count 6.0, hypertension: yes, diabetes mellitus: no, coronary artery disease: no, poor appetite, pedal edema: no, anemia: yes.",CKD
Predict whether the patient has chronic kidney disease (CKD) based on the given clinical description.,"The patient is 60 years old, with blood pressure 100 mmHg, specific gravity 1.025, albumin level 0.0, sugar level 3.0, normal red blood cells, normal pus cells, pus cell clumps: no, bacteria present: no, blood glucose random 263.0, blood urea 27.0, serum creatinine 1.3, sodium level 135.0, potassium level 4.3, hemoglobin 12.7, packed cell volume 22.0, white blood cell count 9.0, red blood cell count 21.0, hypertension: yes, diabetes mellitus: yes, coronary artery disease: yes, poor appetite, pedal edema: no, anemia: no.",CKD
Predict whether the patient has chronic kidney disease (CKD) based on the given clinical description.,"The patient is 61 years old, with blood pressure 80 mmHg, specific gravity 1.015, albumin level 2.0, sugar level 0.0, abnormal red blood cells, abnormal pus cells, pus cell clumps: no, bacteria present: no, blood glucose random 173.0, blood urea 148.0, serum creatinine 3.9, sodium level 135.0, potassium level 5.2, hemoglobin 7.7, packed cell volume 9.0, white blood cell count 71.0, red blood cell count 10.0, hypertension: yes, diabetes mellitus: yes, coronary artery disease: yes, good appetite, pedal edema: yes, anemia: yes.",CKD
Predict whether the patient has chronic kidney disease (CKD) based on the given clinical description.,"The patient is 60 years old, with blood pressure 90 mmHg, specific gravity 1.02, albumin level 0.0, sugar level 0.0, normal red blood cells, normal pus cells, pus cell clumps: no, bacteria present: no, blood glucose random 118.0, blood urea 180.0, serum creatinine 76.0, sodium level 4.5, potassium level 4.4, hemoglobin 10.9, packed cell volume 17.0, white blood cell count 44.0, red blood cell count 14.0, hypertension: yes, diabetes mellitus: yes, coronary artery disease: yes, poor appetite, pedal edema: no, anemia: no.",CKD
Predict whether the patient has chronic kidney disease (CKD) based on the given clinical description.,"The patient is 48 years old, with blood pressure 80 mmHg, specific gravity 1.025, albumin level 4.0, sugar level 0.0, normal red blood cells, abnormal pus cells, pus cell clumps: no, bacteria present: no, blood glucose random 95.0, blood urea 163.0, serum creatinine 7.7, sodium level 136.0, potassium level 3.8, hemoglobin 9.8, packed cell volume 17.0, white blood cell count 51.0, red blood cell count 12.0, hypertension: yes, diabetes mellitus: no, coronary artery disease: no, poor appetite, pedal edema: no, anemia: yes.",CKD
Predict whether the patient has chronic kidney disease (CKD) based on the given clinical description.,"The patient is 42 years old, with blood pressure 100 mmHg, specific gravity 1.015, albumin level 4.0, sugar level 0.0, normal red blood cells, abnormal pus cells, pus cell clumps: no, bacteria present: yes, blood glucose random 118.0, blood urea 50.0, serum creatinine 1.4, sodium level 129.0, potassium level 4.0, hemoglobin 11.1, packed cell volume 24.0, white blood cell count 64.0, red blood cell count 24.0, hypertension: yes, diabetes mellitus: no, coronary artery disease: no, good appetite, pedal edema: no, anemia: no.",CKD
Predict whether the patient has chronic kidney disease (CKD) based on the given clinical description.,"The patient is 61 years old, with blood pressure 60 mmHg, specific gravity 1.025, albumin level 0.0, sugar level 0.0, normal red blood cells, normal pus cells, pus cell clumps: no, bacteria present: no, blood glucose random 108.0, blood urea 75.0, serum creatinine 1.9, sodium level 141.0, potassium level 5.2, hemoglobin 9.9, packed cell volume 14.0, white blood cell count 65.0, red blood cell count 15.0, hypertension: yes, diabetes mellitus: yes, coronary artery disease: no, poor appetite, pedal edema: no, anemia: yes.",CKD
Predict whether the patient has chronic kidney disease (CKD) based on the given clinical description.,"The patient is 75 years old, with blood pressure 80 mmHg, specific gravity 1.015, albumin level 0.0, sugar level 0.0, normal red blood cells, normal pus cells, pus cell clumps: no, bacteria present: no, blood glucose random 156.0, blood urea 45.0, serum creatinine 2.4, sodium level 140.0, potassium level 3.4, hemoglobin 11.6, packed cell volume 20.0, white blood cell count 1.0, red blood cell count 18.0, hypertension: yes, diabetes mellitus: yes, coronary artery disease: no, good appetite, pedal edema: no, anemia: no.",CKD
Predict whether the patient has chronic kidney disease (CKD) based on the given clinical description.,"The patient is 69 years old, with blood pressure 70 mmHg, specific gravity 1.01, albumin level 3.0, sugar level 4.0, normal red blood cells, abnormal pus cells, pus cell clumps: no, bacteria present: no, blood glucose random 264.0, blood urea 87.0, serum creatinine 2.7, sodium level 130.0, potassium level 4.0, hemoglobin 12.5, packed cell volume 22.0, white blood cell count 75.0, red blood cell count 19.0, hypertension: yes, diabetes mellitus: yes, coronary artery disease: yes, poor appetite, pedal edema: yes, anemia: no.",CKD
Predict whether the patient has chronic kidney disease (CKD) based on the given clinical description.,"The patient is 73 years old, with blood pressure 90 mmHg, specific gravity 1.015, albumin level 3.0, sugar level 0.0, normal red blood cells, abnormal pus cells, pus cell clumps: yes, bacteria present: no, blood glucose random 107.0, blood urea 33.0, serum creatinine 1.5, sodium level 141.0, potassium level 4.6, hemoglobin 10.1, packed cell volume 15.0, white blood cell count 59.0, red blood cell count 18.0, hypertension: no, diabetes mellitus: no, coronary artery disease: no, good appetite, pedal edema: no, anemia: no.",CKD
Predict whether the patient has chronic kidney disease (CKD) based on the given clinical description.,"The patient is 61 years old, with blood pressure 90 mmHg, specific gravity 1.01, albumin level 1.0, sugar level 1.0, normal red blood cells, normal pus cells, pus cell clumps: no, bacteria present: no, blood glucose random 159.0, blood urea 39.0, serum creatinine 1.5, sodium level 133.0, potassium level 4.9, hemoglobin 11.3, packed cell volume 19.0, white blood cell count 75.0, red blood cell count 18.0, hypertension: yes, diabetes mellitus: yes, coronary artery disease: no, good appetite, pedal edema: no, anemia: no.",CKD
Predict whether the patient has chronic kidney disease (CKD) based on the given clinical description.,"The patient is 76 years old, with blood pressure 70 mmHg, specific gravity 1.015, albumin level 1.0, sugar level 0.0, normal red blood cells, normal pus cells, pus cell clumps: no, bacteria present: no, blood glucose random 92.0, blood urea 29.0, serum creatinine 1.8, sodium level 133.0, potassium level 3.9, hemoglobin 10.3, packed cell volume 17.0, white blood cell count 77.0, red blood cell count 23.0, hypertension: yes, diabetes mellitus: no, coronary artery disease: no, poor appetite, pedal edema: no, anemia: no.",CKD
Predict whether the patient has chronic kidney disease (CKD) based on the given clinical description.,"The patient is 72 years old, with blood pressure 80 mmHg, specific gravity 1.02, albumin level 0.0, sugar level 0.0, normal red blood cells, normal pus cells, pus cell clumps: no, bacteria present: no, blood glucose random 137.0, blood urea 65.0, serum creatinine 3.4, sodium level 141.0, potassium level 4.7, hemoglobin 9.7, packed cell volume 13.0, white blood cell count 51.0, red blood cell count 3.0, hypertension: yes, diabetes mellitus: yes, coronary artery disease: no, good appetite, pedal edema: no, anemia: yes.",CKD
Predict whether the patient has chronic kidney disease (CKD) based on the given clinical description.,"The patient is 69 years old, with blood pressure 80 mmHg, specific gravity 1.02, albumin level 3.0, sugar level 0.0, abnormal red blood cells, normal pus cells, pus cell clumps: no, bacteria present: no, blood glucose random 118.0, blood urea 103.0, serum creatinine 4.1, sodium level 132.0, potassium level 5.9, hemoglobin 12.5, packed cell volume 37.0, white blood cell count 77.0, red blood cell count 23.0, hypertension: yes, diabetes mellitus: no, coronary artery disease: no, poor appetite, pedal edema: no, anemia: no.",CKD
Predict whether the patient has chronic kidney disease (CKD) based on the given clinical description.,"The patient is 82 years old, with blood pressure 80 mmHg, specific gravity 1.01, albumin level 2.0, sugar level 2.0, normal red blood cells, normal pus cells, pus cell clumps: no, bacteria present: no, blood glucose random 140.0, blood urea 70.0, serum creatinine 3.4, sodium level 136.0, potassium level 4.2, hemoglobin 13.0, packed cell volume 25.0, white blood cell count 77.0, red blood cell count 20.0, hypertension: yes, diabetes mellitus: yes, coronary artery disease: no, poor appetite, pedal edema: no, anemia: no.",CKD
Predict whether the patient has chronic kidney disease (CKD) based on the given clinical description.,"The patient is 47 years old, with blood pressure 100 mmHg, specific gravity 1.01, albumin level 0.0, sugar level 0.0, normal red blood cells, normal pus cells, pus cell clumps: no, bacteria present: no, blood glucose random 204.0, blood urea 29.0, serum creatinine 1.0, sodium level 139.0, potassium level 4.2, hemoglobin 9.7, packed cell volume 18.0, white blood cell count 71.0, red blood cell count 23.0, hypertension: yes, diabetes mellitus: no, coronary artery disease: no, poor appetite, pedal edema: no, anemia: yes.",CKD
Predict whether the patient has chronic kidney disease (CKD) based on the given clinical description.,"The patient is 35 years old, with blood pressure 80 mmHg, specific gravity 1.01, albumin level 1.0, sugar level 0.0, abnormal red blood cells, normal pus cells, pus cell clumps: no, bacteria present: no, blood glucose random 79.0, blood urea 202.0, serum creatinine 10.8, sodium level 134.0, potassium level 3.4, hemoglobin 7.9, packed cell volume 9.0, white blood cell count 60.0, red blood cell count 9.0, hypertension: no, diabetes mellitus: yes, coronary artery disease: no, poor appetite, pedal edema: no, anemia: no.",CKD
Predict whether the patient has chronic kidney disease (CKD) based on the given clinical description.,"The patient is 54 years old, with blood pressure 80 mmHg, specific gravity 1.01, albumin level 3.0, sugar level 0.0, abnormal red blood cells, abnormal pus cells, pus cell clumps: no, bacteria present: no, blood glucose random 207.0, blood urea 77.0, serum creatinine 6.3, sodium level 134.0, potassium level 4.8, hemoglobin 9.7, packed cell volume 13.0, white blood cell count 77.0, red blood cell count 23.0, hypertension: yes, diabetes mellitus: yes, coronary artery disease: no, good appetite, pedal edema: yes, anemia: no.",CKD
Predict whether the patient has chronic kidney disease (CKD) based on the given clinical description.,"The patient is 48 years old, with blood pressure 70 mmHg, specific gravity 1.015, albumin level 0.0, sugar level 0.0, normal red blood cells, normal pus cells, pus cell clumps: no, bacteria present: no, blood glucose random 124.0, blood urea 24.0, serum creatinine 1.2, sodium level 142.0, potassium level 4.2, hemoglobin 12.4, packed cell volume 22.0, white blood cell count 46.0, red blood cell count 25.0, hypertension: no, diabetes mellitus: yes, coronary artery disease: no, poor appetite, pedal edema: no, anemia: no.",CKD
Predict whether the patient has chronic kidney disease (CKD) based on the given clinical description.,"The patient is 73 years old, with blood pressure 70 mmHg, specific gravity 1.005, albumin level 0.0, sugar level 0.0, normal red blood cells, normal pus cells, pus cell clumps: no, bacteria present: no, blood glucose random 70.0, blood urea 32.0, serum creatinine 0.9, sodium level 125.0, potassium level 4.0, hemoglobin 10.0, packed cell volume 14.0, white blood cell count 25.0, red blood cell count 13.0, hypertension: yes, diabetes mellitus: yes, coronary artery disease: no, poor appetite, pedal edema: yes, anemia: no.",CKD
Predict whether the patient has chronic kidney disease (CKD) based on the given clinical description.,"The patient is 53 years old, with blood pressure 60 mmHg, specific gravity 1.02, albumin level 0.0, sugar level 0.0, normal red blood cells, normal pus cells, pus cell clumps: no, bacteria present: no, blood glucose random 91.0, blood urea 114.0, serum creatinine 3.25, sodium level 142.0, potassium level 4.3, hemoglobin 8.6, packed cell volume 13.0, white blood cell count 6.0, red blood cell count 16.0, hypertension: yes, diabetes mellitus: yes, coronary artery disease: no, good appetite, pedal edema: yes, anemia: yes.",CKD
Predict whether the patient has chronic kidney disease (CKD) based on the given clinical description.,"The patient is 63 years old, with blood pressure 80 mmHg, specific gravity 1.01, albumin level 2.0, sugar level 2.0, normal red blood cells, normal pus cells, pus cell clumps: no, bacteria present: no, blood glucose random 118.0, blood urea 41.0, serum creatinine 3.4, sodium level 136.0, potassium level 4.2, hemoglobin 13.0, packed cell volume 25.0, white blood cell count 77.0, red blood cell count 20.0, hypertension: yes, diabetes mellitus: no, coronary artery disease: yes, poor appetite, pedal edema: no, anemia: no.",CKD
Predict whether the patient has chronic kidney disease (CKD) based on the given clinical description.,"The patient is 76 years old, with blood pressure 70 mmHg, specific gravity 1.015, albumin level 3.0, sugar level 4.0, normal red blood cells, abnormal pus cells, pus cell clumps: yes, bacteria present: no, blood glucose random 118.0, blood urea 164.0, serum creatinine 9.7, sodium level 131.0, potassium level 4.4, hemoglobin 10.2, packed cell volume 15.0, white blood cell count 8.0, red blood cell count 12.0, hypertension: yes, diabetes mellitus: yes, coronary artery disease: yes, good appetite, pedal edema: yes, anemia: no.",CKD
Predict whether the patient has chronic kidney disease (CKD) based on the given clinical description.,"The patient is 73 years old, with blood pressure 80 mmHg, specific gravity 1.02, albumin level 2.0, sugar level 0.0, abnormal red blood cells, abnormal pus cells, pus cell clumps: no, bacteria present: no, blood glucose random 253.0, blood urea 142.0, serum creatinine 4.6, sodium level 138.0, potassium level 5.8, hemoglobin 10.5, packed cell volume 18.0, white blood cell count 54.0, red blood cell count 21.0, hypertension: yes, diabetes mellitus: yes, coronary artery disease: yes, poor appetite, pedal edema: no, anemia: no.",CKD
Predict whether the patient has chronic kidney disease (CKD) based on the given clinical description.,"The patient is 67 years old, with blood pressure 80 mmHg, specific gravity 1.01, albumin level 1.0, sugar level 3.0, normal red blood cells, abnormal pus cells, pus cell clumps: no, bacteria present: no, blood glucose random 182.0, blood urea 391.0, serum creatinine 32.0, sodium level 163.0, potassium level 39.0, hemoglobin 13.6, packed cell volume 37.0, white blood cell count 77.0, red blood cell count 23.0, hypertension: no, diabetes mellitus: no, coronary artery disease: no, poor appetite, pedal edema: yes, anemia: no.",CKD
Predict whether the patient has chronic kidney disease (CKD) based on the given clinical description.,"The patient is 15 years old, with blood pressure 60 mmHg, specific gravity 1.02, albumin level 3.0, sugar level 0.0, normal red blood cells, normal pus cells, pus cell clumps: no, bacteria present: no, blood glucose random 86.0, blood urea 15.0, serum creatinine 0.6, sodium level 138.0, potassium level 4.0, hemoglobin 11.0, packed cell volume 18.0, white blood cell count 58.0, red blood cell count 16.0, hypertension: yes, diabetes mellitus: yes, coronary artery disease: no, poor appetite, pedal edema: no, anemia: no.",CKD
Predict whether the patient has chronic kidney disease (CKD) based on the given clinical description.,"The patient is 46 years old, with blood pressure 70 mmHg, specific gravity 1.015, albumin level 1.0, sugar level 0.0, abnormal red blood cells, normal pus cells, pus cell clumps: no, bacteria present: no, blood glucose random 150.0, blood urea 111.0, serum creatinine 6.1, sodium level 131.0, potassium level 3.7, hemoglobin 7.5, packed cell volume 12.0, white blood cell count 77.0, red blood cell count 23.0, hypertension: no, diabetes mellitus: no, coronary artery disease: no, poor appetite, pedal edema: no, anemia: yes.",CKD
Predict whether the patient has chronic kidney disease (CKD) based on the given clinical description.,"The patient is 67 years old, with blood pressure 70 mmHg, specific gravity 1.02, albumin level 2.0, sugar level 0.0, abnormal red blood cells, normal pus cells, pus cell clumps: no, bacteria present: no, blood glucose random 150.0, blood urea 55.0, serum creatinine 1.6, sodium level 131.0, potassium level 4.8, hemoglobin 13.6, packed cell volume 37.0, white blood cell count 77.0, red blood cell count 23.0, hypertension: yes, diabetes mellitus: yes, coronary artery disease: no, poor appetite, pedal edema: yes, anemia: no.",CKD
Predict whether the patient has chronic kidney disease (CKD) based on the given clinical description.,"The patient is 61 years old, with blood pressure 80 mmHg, specific gravity 1.015, albumin level 0.0, sugar level 4.0, normal red blood cells, normal pus cells, pus cell clumps: no, bacteria present: no, blood glucose random 360.0, blood urea 19.0, serum creatinine 0.7, sodium level 137.0, potassium level 4.4, hemoglobin 15.2, packed cell volume 29.0, white blood cell count 64.0, red blood cell count 30.0, hypertension: yes, diabetes mellitus: yes, coronary artery disease: no, poor appetite, pedal edema: no, anemia: no.",CKD
Predict whether the patient has chronic kidney disease (CKD) based on the given clinical description.,"The patient is 46 years old, with blood pressure 60 mmHg, specific gravity 1.01, albumin level 1.0, sugar level 0.0, normal red blood cells, normal pus cells, pus cell clumps: no, bacteria present: no, blood glucose random 163.0, blood urea 92.0, serum creatinine 3.3, sodium level 141.0, potassium level 4.0, hemoglobin 9.8, packed cell volume 13.0, white blood cell count 20.0, red blood cell count 10.0, hypertension: yes, diabetes mellitus: yes, coronary artery disease: no, poor appetite, pedal edema: no, anemia: no.",CKD
Predict whether the patient has chronic kidney disease (CKD) based on the given clinical description.,"The patient is 53 years old, with blood pressure 100 mmHg, specific gravity 1.015, albumin level 2.0, sugar level 0.0, abnormal red blood cells, abnormal pus cells, pus cell clumps: no, bacteria present: no, blood glucose random 129.0, blood urea 107.0, serum creatinine 6.7, sodium level 132.0, potassium level 4.4, hemoglobin 4.8, packed cell volume 0.0, white blood cell count 45.0, red blood cell count 23.0, hypertension: yes, diabetes mellitus: no, coronary artery disease: no, poor appetite, pedal edema: yes, anemia: yes.",CKD
Predict whether the patient has chronic kidney disease (CKD) based on the given clinical description.,"The patient is 56 years old, with blood pressure 90 mmHg, specific gravity 1.015, albumin level 2.0, sugar level 0.0, abnormal red blood cells, abnormal pus cells, pus cell clumps: no, bacteria present: no, blood glucose random 129.0, blood urea 107.0, serum creatinine 6.7, sodium level 131.0, potassium level 4.8, hemoglobin 9.1, packed cell volume 14.0, white blood cell count 46.0, red blood cell count 12.0, hypertension: yes, diabetes mellitus: no, coronary artery disease: no, poor appetite, pedal edema: no, anemia: no.",CKD
Predict whether the patient has chronic kidney disease (CKD) based on the given clinical description.,"The patient is 48 years old, with blood pressure 80 mmHg, specific gravity 1.005, albumin level 4.0, sugar level 0.0, abnormal red blood cells, abnormal pus cells, pus cell clumps: no, bacteria present: yes, blood glucose random 133.0, blood urea 139.0, serum creatinine 8.5, sodium level 132.0, potassium level 5.5, hemoglobin 10.3, packed cell volume 21.0, white blood cell count 44.0, red blood cell count 18.0, hypertension: no, diabetes mellitus: yes, coronary artery disease: no, poor appetite, pedal edema: yes, anemia: no.",CKD
Predict whether the patient has chronic kidney disease (CKD) based on the given clinical description.,"The patient is 67 years old, with blood pressure 70 mmHg, specific gravity 1.01, albumin level 1.0, sugar level 0.0, normal red blood cells, normal pus cells, pus cell clumps: no, bacteria present: no, blood glucose random 102.0, blood urea 48.0, serum creatinine 3.2, sodium level 137.0, potassium level 5.0, hemoglobin 11.9, packed cell volume 19.0, white blood cell count 53.0, red blood cell count 15.0, hypertension: yes, diabetes mellitus: yes, coronary artery disease: no, poor appetite, pedal edema: yes, anemia: no.",CKD
Predict whether the patient has chronic kidney disease (CKD) based on the given clinical description.,"The patient is 74 years old, with blood pressure 80 mmHg, specific gravity 1.01, albumin level 0.0, sugar level 0.0, normal red blood cells, normal pus cells, pus cell clumps: no, bacteria present: no, blood glucose random 132.0, blood urea 98.0, serum creatinine 2.8, sodium level 133.0, potassium level 5.0, hemoglobin 10.8, packed cell volume 16.0, white blood cell count 73.0, red blood cell count 16.0, hypertension: yes, diabetes mellitus: yes, coronary artery disease: no, poor appetite, pedal edema: no, anemia: no.",CKD
Predict whether the patient has chronic kidney disease (CKD) based on the given clinical description.,"The patient is 45 years old, with blood pressure 90 mmHg, specific gravity 1.02, albumin level 0.0, sugar level 0.0, normal red blood cells, normal pus cells, pus cell clumps: no, bacteria present: no, blood glucose random 360.0, blood urea 45.0, serum creatinine 2.4, sodium level 128.0, potassium level 4.4, hemoglobin 8.3, packed cell volume 14.0, white blood cell count 39.0, red blood cell count 15.0, hypertension: yes, diabetes mellitus: yes, coronary artery disease: no, poor appetite, pedal edema: no, anemia: no.",CKD
Predict whether the patient has chronic kidney disease (CKD) based on the given clinical description.,"The patient is 48 years old, with blood pressure 70 mmHg, specific gravity 1.015, albumin level 1.0, sugar level 0.0, normal red blood cells, normal pus cells, pus cell clumps: no, bacteria present: no, blood glucose random 127.0, blood urea 19.0, serum creatinine 1.0, sodium level 134.0, potassium level 3.6, hemoglobin 13.6, packed cell volume 37.0, white blood cell count 77.0, red blood cell count 23.0, hypertension: yes, diabetes mellitus: yes, coronary artery disease: no, poor appetite, pedal edema: no, anemia: no.",CKD
Predict whether the patient has chronic kidney disease (CKD) based on the given clinical description.,"The patient is 59 years old, with blood pressure 70 mmHg, specific gravity 1.01, albumin level 3.0, sugar level 0.0, normal red blood cells, abnormal pus cells, pus cell clumps: no, bacteria present: no, blood glucose random 76.0, blood urea 186.0, serum creatinine 15.0, sodium level 135.0, potassium level 7.6, hemoglobin 7.1, packed cell volume 7.0, white blood cell count 29.0, red blood cell count 0.0, hypertension: yes, diabetes mellitus: no, coronary artery disease: no, good appetite, pedal edema: yes, anemia: yes.",CKD
Predict whether the patient has chronic kidney disease (CKD) based on the given clinical description.,"The patient is 63 years old, with blood pressure 100 mmHg, specific gravity 1.01, albumin level 2.0, sugar level 2.0, normal red blood cells, normal pus cells, pus cell clumps: no, bacteria present: yes, blood glucose random 280.0, blood urea 35.0, serum creatinine 3.2, sodium level 143.0, potassium level 3.5, hemoglobin 13.0, packed cell volume 25.0, white blood cell count 77.0, red blood cell count 20.0, hypertension: yes, diabetes mellitus: no, coronary artery disease: yes, poor appetite, pedal edema: no, anemia: no.",CKD
Predict whether the patient has chronic kidney disease (CKD) based on the given clinical description.,"The patient is 56 years old, with blood pressure 70 mmHg, specific gravity 1.015, albumin level 4.0, sugar level 1.0, abnormal red blood cells, normal pus cells, pus cell clumps: no, bacteria present: no, blood glucose random 210.0, blood urea 26.0, serum creatinine 1.7, sodium level 136.0, potassium level 3.8, hemoglobin 16.1, packed cell volume 37.0, white blood cell count 16.0, red blood cell count 34.0, hypertension: no, diabetes mellitus: no, coronary artery disease: no, poor appetite, pedal edema: no, anemia: no.",CKD
Predict whether the patient has chronic kidney disease (CKD) based on the given clinical description.,"The patient is 71 years old, with blood pressure 70 mmHg, specific gravity 1.01, albumin level 3.0, sugar level 0.0, normal red blood cells, abnormal pus cells, pus cell clumps: yes, bacteria present: yes, blood glucose random 219.0, blood urea 82.0, serum creatinine 3.6, sodium level 133.0, potassium level 4.4, hemoglobin 10.4, packed cell volume 18.0, white blood cell count 40.0, red blood cell count 14.0, hypertension: yes, diabetes mellitus: yes, coronary artery disease: yes, poor appetite, pedal edema: no, anemia: no.",CKD
Predict whether the patient has chronic kidney disease (CKD) based on the given clinical description.,"The patient is 73 years old, with blood pressure 100 mmHg, specific gravity 1.01, albumin level 3.0, sugar level 2.0, abnormal red blood cells, abnormal pus cells, pus cell clumps: yes, bacteria present: no, blood glucose random 295.0, blood urea 90.0, serum creatinine 5.6, sodium level 140.0, potassium level 2.9, hemoglobin 9.2, packed cell volume 15.0, white blood cell count 52.0, red blood cell count 10.0, hypertension: yes, diabetes mellitus: yes, coronary artery disease: yes, good appetite, pedal edema: no, anemia: no.",CKD
Predict whether the patient has chronic kidney disease (CKD) based on the given clinical description.,"The patient is 65 years old, with blood pressure 70 mmHg, specific gravity 1.01, albumin level 0.0, sugar level 0.0, normal red blood cells, normal pus cells, pus cell clumps: no, bacteria present: no, blood glucose random 93.0, blood urea 66.0, serum creatinine 1.6, sodium level 137.0, potassium level 4.5, hemoglobin 11.6, packed cell volume 21.0, white blood cell count 11.0, red blood cell count 17.0, hypertension: no, diabetes mellitus: yes, coronary artery disease: no, poor appetite, pedal edema: no, anemia: no.",CKD
Predict whether the patient has chronic kidney disease (CKD) based on the given clinical description.,"The patient is 65 years old, with blood pressure 60 mmHg, specific gravity 1.015, albumin level 1.0, sugar level 0.0, normal red blood cells, normal pus cells, pus cell clumps: no, bacteria present: no, blood glucose random 91.0, blood urea 51.0, serum creatinine 2.2, sodium level 132.0, potassium level 3.8, hemoglobin 10.0, packed cell volume 17.0, white blood cell count 70.0, red blood cell count 18.0, hypertension: yes, diabetes mellitus: yes, coronary artery disease: no, good appetite, pedal edema: yes, anemia: no.",CKD
Predict whether the patient has chronic kidney disease (CKD) based on the given clinical description.,"The patient is 50 years old, with blood pressure 140 mmHg, specific gravity 1.02, albumin level 0.0, sugar level 0.0, normal red blood cells, normal pus cells, pus cell clumps: no, bacteria present: no, blood glucose random 101.0, blood urea 106.0, serum creatinine 6.5, sodium level 135.0, potassium level 4.3, hemoglobin 6.2, packed cell volume 4.0, white blood cell count 42.0, red blood cell count 1.0, hypertension: yes, diabetes mellitus: yes, coronary artery disease: no, good appetite, pedal edema: no, anemia: yes.",CKD
Predict whether the patient has chronic kidney disease (CKD) based on the given clinical description.,"The patient is 56 years old, with blood pressure 180 mmHg, specific gravity 1.02, albumin level 0.0, sugar level 4.0, normal red blood cells, abnormal pus cells, pus cell clumps: no, bacteria present: no, blood glucose random 298.0, blood urea 24.0, serum creatinine 1.2, sodium level 139.0, potassium level 3.9, hemoglobin 11.2, packed cell volume 17.0, white blood cell count 2.0, red blood cell count 20.0, hypertension: yes, diabetes mellitus: yes, coronary artery disease: no, good appetite, pedal edema: yes, anemia: no.",CKD
Predict whether the patient has chronic kidney disease (CKD) based on the given clinical description.,"The patient is 34 years old, with blood pressure 70 mmHg, specific gravity 1.015, albumin level 4.0, sugar level 0.0, abnormal red blood cells, abnormal pus cells, pus cell clumps: no, bacteria present: no, blood glucose random 153.0, blood urea 22.0, serum creatinine 0.9, sodium level 133.0, potassium level 3.8, hemoglobin 13.6, packed cell volume 37.0, white blood cell count 77.0, red blood cell count 23.0, hypertension: no, diabetes mellitus: no, coronary artery disease: no, poor appetite, pedal edema: yes, anemia: no.",CKD
Predict whether the patient has chronic kidney disease (CKD) based on the given clinical description.,"The patient is 71 years old, with blood pressure 90 mmHg, specific gravity 1.015, albumin level 2.0, sugar level 0.0, normal red blood cells, abnormal pus cells, pus cell clumps: yes, bacteria present: yes, blood glucose random 88.0, blood urea 80.0, serum creatinine 4.4, sodium level 139.0, potassium level 5.7, hemoglobin 11.3, packed cell volume 18.0, white blood cell count 4.0, red blood cell count 17.0, hypertension: no, diabetes mellitus: no, coronary artery disease: no, poor appetite, pedal edema: no, anemia: no.",CKD
Predict whether the patient has chronic kidney disease (CKD) based on the given clinical description.,"The patient is 17 years old, with blood pressure 60 mmHg, specific gravity 1.01, albumin level 0.0, sugar level 0.0, normal red blood cells, normal pus cells, pus cell clumps: no, bacteria present: no, blood glucose random 92.0, blood urea 32.0, serum creatinine 2.1, sodium level 141.0, potassium level 4.2, hemoglobin 13.9, packed cell volume 37.0, white blood cell count 52.0, red blood cell count 23.0, hypertension: no, diabetes mellitus: no, coronary artery disease: no, poor appetite, pedal edema: no, anemia: no.",CKD
Predict whether the patient has chronic kidney disease (CKD) based on the given clinical description.,"The patient is 65 years old, with blood pressure 80 mmHg, specific gravity 1.015, albumin level 0.0, sugar level 0.0, normal red blood cells, normal pus cells, pus cell clumps: no, bacteria present: no, blood glucose random 115.0, blood urea 32.0, serum creatinine 11.5, sodium level 139.0, potassium level 4.0, hemoglobin 14.1, packed cell volume 27.0, white blood cell count 50.0, red blood cell count 30.0, hypertension: no, diabetes mellitus: no, coronary artery disease: no, poor appetite, pedal edema: no, anemia: no.",CKD
Predict whether the patient has chronic kidney disease (CKD) based on the given clinical description.,"The patient is 50 years old, with blood pressure 90 mmHg, specific gravity 1.02, albumin level 0.0, sugar level 0.0, normal red blood cells, normal pus cells, pus cell clumps: no, bacteria present: no, blood glucose random 89.0, blood urea 118.0, serum creatinine 6.1, sodium level 127.0, potassium level 4.4, hemoglobin 6.0, packed cell volume 3.0, white blood cell count 47.0, red blood cell count 23.0, hypertension: yes, diabetes mellitus: yes, coronary artery disease: no, poor appetite, pedal edema: yes, anemia: yes.",CKD
Predict whether the patient has chronic kidney disease (CKD) based on the given clinical description.,"The patient is 55 years old, with blood pressure 100 mmHg, specific gravity 1.015, albumin level 1.0, sugar level 4.0, normal red blood cells, normal pus cells, pus cell clumps: no, bacteria present: no, blood glucose random 297.0, blood urea 53.0, serum creatinine 2.8, sodium level 139.0, potassium level 4.5, hemoglobin 11.2, packed cell volume 19.0, white blood cell count 19.0, red blood cell count 22.0, hypertension: yes, diabetes mellitus: yes, coronary artery disease: no, poor appetite, pedal edema: no, anemia: no.",CKD
Predict whether the patient has chronic kidney disease (CKD) based on the given clinical description.,"The patient is 45 years old, with blood pressure 80 mmHg, specific gravity 1.015, albumin level 0.0, sugar level 0.0, normal red blood cells, abnormal pus cells, pus cell clumps: no, bacteria present: no, blood glucose random 107.0, blood urea 15.0, serum creatinine 1.0, sodium level 141.0, potassium level 4.2, hemoglobin 11.8, packed cell volume 22.0, white blood cell count 0.0, red blood cell count 20.0, hypertension: no, diabetes mellitus: no, coronary artery disease: no, poor appetite, pedal edema: no, anemia: no.",CKD
Predict whether the patient has chronic kidney disease (CKD) based on the given clinical description.,"The patient is 63 years old, with blood pressure 90 mmHg, specific gravity 1.015, albumin level 0.0, sugar level 0.0, normal red blood cells, normal pus cells, pus cell clumps: no, bacteria present: no, blood glucose random 123.0, blood urea 19.0, serum creatinine 2.0, sodium level 142.0, potassium level 3.8, hemoglobin 11.7, packed cell volume 19.0, white blood cell count 9.0, red blood cell count 25.0, hypertension: no, diabetes mellitus: no, coronary artery disease: no, poor appetite, pedal edema: no, anemia: no.",CKD
Predict whether the patient has chronic kidney disease (CKD) based on the given clinical description.,"The patient is 65 years old, with blood pressure 80 mmHg, specific gravity 1.01, albumin level 3.0, sugar level 3.0, normal red blood cells, normal pus cells, pus cell clumps: no, bacteria present: no, blood glucose random 294.0, blood urea 71.0, serum creatinine 4.4, sodium level 128.0, potassium level 5.4, hemoglobin 10.0, packed cell volume 17.0, white blood cell count 69.0, red blood cell count 17.0, hypertension: yes, diabetes mellitus: yes, coronary artery disease: yes, poor appetite, pedal edema: no, anemia: no.",CKD
Predict whether the patient has chronic kidney disease (CKD) based on the given clinical description.,"The patient is 53 years old, with blood pressure 70 mmHg, specific gravity 1.02, albumin level 0.0, sugar level 0.0, normal red blood cells, normal pus cells, pus cell clumps: no, bacteria present: no, blood glucose random 219.0, blood urea 36.0, serum creatinine 1.3, sodium level 139.0, potassium level 3.7, hemoglobin 12.5, packed cell volume 22.0, white blood cell count 77.0, red blood cell count 22.0, hypertension: no, diabetes mellitus: no, coronary artery disease: no, poor appetite, pedal edema: no, anemia: no.",CKD
Predict whether the patient has chronic kidney disease (CKD) based on the given clinical description.,"The patient is 70 years old, with blood pressure 90 mmHg, specific gravity 1.015, albumin level 0.0, sugar level 0.0, normal red blood cells, normal pus cells, pus cell clumps: no, bacteria present: no, blood glucose random 144.0, blood urea 125.0, serum creatinine 4.0, sodium level 136.0, potassium level 4.6, hemoglobin 12.0, packed cell volume 22.0, white blood cell count 63.0, red blood cell count 23.0, hypertension: yes, diabetes mellitus: yes, coronary artery disease: no, good appetite, pedal edema: yes, anemia: no.",CKD
Predict whether the patient has chronic kidney disease (CKD) based on the given clinical description.,"The patient is 71 years old, with blood pressure 60 mmHg, specific gravity 1.015, albumin level 4.0, sugar level 0.0, normal red blood cells, normal pus cells, pus cell clumps: no, bacteria present: no, blood glucose random 118.0, blood urea 125.0, serum creatinine 5.3, sodium level 136.0, potassium level 4.9, hemoglobin 11.4, packed cell volume 20.0, white blood cell count 21.0, red blood cell count 21.0, hypertension: yes, diabetes mellitus: yes, coronary artery disease: no, good appetite, pedal edema: yes, anemia: no.",CKD
Predict whether the patient has chronic kidney disease (CKD) based on the given clinical description.,"The patient is 52 years old, with blood pressure 90 mmHg, specific gravity 1.015, albumin level 4.0, sugar level 3.0, normal red blood cells, abnormal pus cells, pus cell clumps: no, bacteria present: no, blood glucose random 224.0, blood urea 166.0, serum creatinine 5.6, sodium level 133.0, potassium level 47.0, hemoglobin 8.1, packed cell volume 8.0, white blood cell count 34.0, red blood cell count 7.0, hypertension: yes, diabetes mellitus: yes, coronary artery disease: no, poor appetite, pedal edema: no, anemia: yes.",CKD
Predict whether the patient has chronic kidney disease (CKD) based on the given clinical description.,"The patient is 50 years old, with blood pressure 90 mmHg, specific gravity 1.01, albumin level 2.0, sugar level 0.0, normal red blood cells, abnormal pus cells, pus cell clumps: yes, bacteria present: yes, blood glucose random 128.0, blood urea 208.0, serum creatinine 9.2, sodium level 134.0, potassium level 4.8, hemoglobin 8.2, packed cell volume 7.0, white blood cell count 23.0, red blood cell count 5.0, hypertension: no, diabetes mellitus: no, coronary artery disease: no, good appetite, pedal edema: yes, anemia: yes.",CKD
Predict whether the patient has chronic kidney disease (CKD) based on the given clinical description.,"The patient is 50 years old, with blood pressure 80 mmHg, specific gravity 1.02, albumin level 0.0, sugar level 0.0, normal red blood cells, normal pus cells, pus cell clumps: no, bacteria present: no, blood glucose random 219.0, blood urea 176.0, serum creatinine 13.8, sodium level 136.0, potassium level 4.5, hemoglobin 8.6, packed cell volume 9.0, white blood cell count 18.0, red blood cell count 5.0, hypertension: yes, diabetes mellitus: no, coronary artery disease: no, poor appetite, pedal edema: yes, anemia: yes.",CKD
Predict whether the patient has chronic kidney disease (CKD) based on the given clinical description.,"The patient is 70 years old, with blood pressure 100 mmHg, specific gravity 1.015, albumin level 4.0, sugar level 0.0, normal red blood cells, normal pus cells, pus cell clumps: no, bacteria present: no, blood glucose random 118.0, blood urea 125.0, serum creatinine 5.3, sodium level 136.0, potassium level 4.9, hemoglobin 12.0, packed cell volume 22.0, white blood cell count 65.0, red blood cell count 44.0, hypertension: yes, diabetes mellitus: no, coronary artery disease: no, poor appetite, pedal edema: no, anemia: no.",CKD
Predict whether the patient has chronic kidney disease (CKD) based on the given clinical description.,"The patient is 47 years old, with blood pressure 100 mmHg, specific gravity 1.01, albumin level 0.0, sugar level 0.0, normal red blood cells, normal pus cells, pus cell clumps: no, bacteria present: no, blood glucose random 122.0, blood urea 41.0, serum creatinine 16.9, sodium level 138.0, potassium level 5.2, hemoglobin 10.8, packed cell volume 18.0, white blood cell count 0.0, red blood cell count 16.0, hypertension: no, diabetes mellitus: yes, coronary artery disease: no, poor appetite, pedal edema: no, anemia: no.",CKD
Predict whether the patient has chronic kidney disease (CKD) based on the given clinical description.,"The patient is 45 years old, with blood pressure 60 mmHg, specific gravity 1.01, albumin level 2.0, sugar level 0.0, normal red blood cells, abnormal pus cells, pus cell clumps: yes, bacteria present: no, blood glucose random 268.0, blood urea 86.0, serum creatinine 4.0, sodium level 134.0, potassium level 5.1, hemoglobin 10.0, packed cell volume 14.0, white blood cell count 71.0, red blood cell count 23.0, hypertension: yes, diabetes mellitus: yes, coronary artery disease: no, poor appetite, pedal edema: no, anemia: no.",CKD
Predict whether the patient has chronic kidney disease (CKD) based on the given clinical description.,"The patient is 67 years old, with blood pressure 70 mmHg, specific gravity 1.01, albumin level 1.0, sugar level 0.0, normal red blood cells, normal pus cells, pus cell clumps: no, bacteria present: no, blood glucose random 118.0, blood urea 106.0, serum creatinine 6.0, sodium level 137.0, potassium level 4.9, hemoglobin 6.1, packed cell volume 5.0, white blood cell count 47.0, red blood cell count 23.0, hypertension: yes, diabetes mellitus: no, coronary artery disease: no, poor appetite, pedal edema: no, anemia: yes.",CKD
Predict whether the patient has chronic kidney disease (CKD) based on the given clinical description.,"The patient is 41 years old, with blood pressure 80 mmHg, specific gravity 1.015, albumin level 1.0, sugar level 4.0, abnormal red blood cells, normal pus cells, pus cell clumps: no, bacteria present: no, blood glucose random 210.0, blood urea 165.0, serum creatinine 18.0, sodium level 135.0, potassium level 4.7, hemoglobin 13.6, packed cell volume 37.0, white blood cell count 77.0, red blood cell count 23.0, hypertension: no, diabetes mellitus: yes, coronary artery disease: no, poor appetite, pedal edema: no, anemia: no.",CKD
Predict whether the patient has chronic kidney disease (CKD) based on the given clinical description.,"The patient is 60 years old, with blood pressure 90 mmHg, specific gravity 1.01, albumin level 2.0, sugar level 0.0, abnormal red blood cells, normal pus cells, pus cell clumps: no, bacteria present: no, blood glucose random 105.0, blood urea 53.0, serum creatinine 2.3, sodium level 136.0, potassium level 5.2, hemoglobin 11.1, packed cell volume 18.0, white blood cell count 3.0, red blood cell count 19.0, hypertension: no, diabetes mellitus: no, coronary artery disease: no, poor appetite, pedal edema: no, anemia: no.",CKD
Predict whether the patient has chronic kidney disease (CKD) based on the given clinical description.,"The patient is 57 years old, with blood pressure 90 mmHg, specific gravity 1.015, albumin level 5.0, sugar level 0.0, abnormal red blood cells, abnormal pus cells, pus cell clumps: no, bacteria present: yes, blood glucose random 118.0, blood urea 322.0, serum creatinine 13.0, sodium level 126.0, potassium level 4.8, hemoglobin 8.0, packed cell volume 9.0, white blood cell count 30.0, red blood cell count 11.0, hypertension: yes, diabetes mellitus: yes, coronary artery disease: yes, good appetite, pedal edema: yes, anemia: yes.",CKD
Predict whether the patient has chronic kidney disease (CKD) based on the given clinical description.,"The patient is 53 years old, with blood pressure 100 mmHg, specific gravity 1.01, albumin level 1.0, sugar level 3.0, abnormal red blood cells, normal pus cells, pus cell clumps: no, bacteria present: no, blood glucose random 213.0, blood urea 23.0, serum creatinine 1.0, sodium level 139.0, potassium level 4.0, hemoglobin 13.6, packed cell volume 37.0, white blood cell count 77.0, red blood cell count 23.0, hypertension: no, diabetes mellitus: yes, coronary artery disease: no, poor appetite, pedal edema: no, anemia: no.",CKD
Predict whether the patient has chronic kidney disease (CKD) based on the given clinical description.,"The patient is 60 years old, with blood pressure 60 mmHg, specific gravity 1.01, albumin level 3.0, sugar level 1.0, normal red blood cells, abnormal pus cells, pus cell clumps: yes, bacteria present: no, blood glucose random 288.0, blood urea 36.0, serum creatinine 1.7, sodium level 130.0, potassium level 3.0, hemoglobin 7.9, packed cell volume 10.0, white blood cell count 21.0, red blood cell count 8.0, hypertension: yes, diabetes mellitus: no, coronary artery disease: no, good appetite, pedal edema: no, anemia: yes.",CKD
Predict whether the patient has chronic kidney disease (CKD) based on the given clinical description.,"The patient is 55 years old, with blood pressure 90 mmHg, specific gravity 1.01, albumin level 2.0, sugar level 1.0, abnormal red blood cells, abnormal pus cells, pus cell clumps: no, bacteria present: no, blood glucose random 273.0, blood urea 235.0, serum creatinine 14.2, sodium level 132.0, potassium level 3.4, hemoglobin 8.3, packed cell volume 7.0, white blood cell count 20.0, red blood cell count 7.0, hypertension: yes, diabetes mellitus: yes, coronary artery disease: no, good appetite, pedal edema: yes, anemia: yes.",CKD
Predict whether the patient has chronic kidney disease (CKD) based on the given clinical description.,"The patient is 56 years old, with blood pressure 90 mmHg, specific gravity 1.005, albumin level 4.0, sugar level 3.0, abnormal red blood cells, abnormal pus cells, pus cell clumps: no, bacteria present: no, blood glucose random 242.0, blood urea 132.0, serum creatinine 16.4, sodium level 140.0, potassium level 4.2, hemoglobin 8.4, packed cell volume 11.0, white blood cell count 77.0, red blood cell count 8.0, hypertension: yes, diabetes mellitus: yes, coronary artery disease: no, good appetite, pedal edema: yes, anemia: yes.",CKD
Predict whether the patient has chronic kidney disease (CKD) based on the given clinical description.,"The patient is 62 years old, with blood pressure 70 mmHg, specific gravity 1.025, albumin level 3.0, sugar level 0.0, normal red blood cells, abnormal pus cells, pus cell clumps: no, bacteria present: no, blood glucose random 122.0, blood urea 42.0, serum creatinine 1.7, sodium level 136.0, potassium level 4.7, hemoglobin 12.6, packed cell volume 24.0, white blood cell count 60.0, red blood cell count 17.0, hypertension: yes, diabetes mellitus: yes, coronary artery disease: no, poor appetite, pedal edema: no, anemia: no.",CKD
Predict whether the patient has chronic kidney disease (CKD) based on the given clinical description.,"The patient is 71 years old, with blood pressure 60 mmHg, specific gravity 1.02, albumin level 3.0, sugar level 2.0, normal red blood cells, normal pus cells, pus cell clumps: yes, bacteria present: no, blood glucose random 424.0, blood urea 48.0, serum creatinine 1.5, sodium level 132.0, potassium level 4.0, hemoglobin 10.9, packed cell volume 16.0, white blood cell count 77.0, red blood cell count 23.0, hypertension: yes, diabetes mellitus: yes, coronary artery disease: yes, poor appetite, pedal edema: no, anemia: no.",CKD
Predict whether the patient has chronic kidney disease (CKD) based on the given clinical description.,"The patient is 59 years old, with blood pressure 80 mmHg, specific gravity 1.01, albumin level 1.0, sugar level 0.0, abnormal red blood cells, normal pus cells, pus cell clumps: no, bacteria present: no, blood glucose random 303.0, blood urea 35.0, serum creatinine 1.3, sodium level 122.0, potassium level 3.5, hemoglobin 10.4, packed cell volume 20.0, white blood cell count 5.0, red blood cell count 21.0, hypertension: no, diabetes mellitus: yes, coronary artery disease: no, good appetite, pedal edema: no, anemia: no.",CKD
Predict whether the patient has chronic kidney disease (CKD) based on the given clinical description.,"The patient is 81 years old, with blood pressure 60 mmHg, specific gravity 1.02, albumin level 0.0, sugar level 0.0, normal red blood cells, normal pus cells, pus cell clumps: no, bacteria present: no, blood glucose random 148.0, blood urea 39.0, serum creatinine 2.1, sodium level 147.0, potassium level 4.2, hemoglobin 10.9, packed cell volume 20.0, white blood cell count 73.0, red blood cell count 2.0, hypertension: yes, diabetes mellitus: yes, coronary artery disease: yes, good appetite, pedal edema: yes, anemia: no.",CKD
Predict whether the patient has chronic kidney disease (CKD) based on the given clinical description.,"The patient is 59 years old, with blood pressure 70 mmHg, specific gravity 1.02, albumin level 0.0, sugar level 0.0, normal red blood cells, normal pus cells, pus cell clumps: no, bacteria present: no, blood glucose random 204.0, blood urea 34.0, serum creatinine 1.5, sodium level 124.0, potassium level 4.1, hemoglobin 9.8, packed cell volume 22.0, white blood cell count 43.0, red blood cell count 23.0, hypertension: no, diabetes mellitus: yes, coronary artery disease: no, poor appetite, pedal edema: no, anemia: no.",CKD
Predict whether the patient has chronic kidney disease (CKD) based on the given clinical description.,"The patient is 46 years old, with blood pressure 80 mmHg, specific gravity 1.01, albumin level 0.0, sugar level 0.0, normal red blood cells, normal pus cells, pus cell clumps: no, bacteria present: no, blood glucose random 160.0, blood urea 40.0, serum creatinine 2.0, sodium level 140.0, potassium level 4.1, hemoglobin 9.0, packed cell volume 12.0, white blood cell count 62.0, red blood cell count 10.0, hypertension: yes, diabetes mellitus: no, coronary artery disease: no, good appetite, pedal edema: no, anemia: yes.",CKD
Predict whether the patient has chronic kidney disease (CKD) based on the given clinical description.,"The patient is 14 years old, with blood pressure 80 mmHg, specific gravity 1.015, albumin level 0.0, sugar level 0.0, normal red blood cells, normal pus cells, pus cell clumps: no, bacteria present: no, blood glucose random 192.0, blood urea 15.0, serum creatinine 0.8, sodium level 137.0, potassium level 4.2, hemoglobin 14.3, packed cell volume 25.0, white blood cell count 74.0, red blood cell count 32.0, hypertension: no, diabetes mellitus: yes, coronary artery disease: no, good appetite, pedal edema: yes, anemia: no.",CKD
Predict whether the patient has chronic kidney disease (CKD) based on the given clinical description.,"The patient is 66 years old, with blood pressure 70 mmHg, specific gravity 1.015, albumin level 2.0, sugar level 5.0, normal red blood cells, normal pus cells, pus cell clumps: no, bacteria present: no, blood glucose random 447.0, blood urea 41.0, serum creatinine 1.7, sodium level 131.0, potassium level 3.9, hemoglobin 12.5, packed cell volume 18.0, white blood cell count 75.0, red blood cell count 22.0, hypertension: yes, diabetes mellitus: yes, coronary artery disease: no, poor appetite, pedal edema: no, anemia: no.",CKD
Predict whether the patient has chronic kidney disease (CKD) based on the given clinical description.,"The patient is 83 years old, with blood pressure 70 mmHg, specific gravity 1.02, albumin level 3.0, sugar level 0.0, normal red blood cells, normal pus cells, pus cell clumps: no, bacteria present: no, blood glucose random 102.0, blood urea 60.0, serum creatinine 2.6, sodium level 115.0, potassium level 5.7, hemoglobin 8.7, packed cell volume 11.0, white blood cell count 17.0, red blood cell count 9.0, hypertension: yes, diabetes mellitus: no, coronary artery disease: no, good appetite, pedal edema: no, anemia: yes.",CKD
Predict whether the patient has chronic kidney disease (CKD) based on the given clinical description.,"The patient is 62 years old, with blood pressure 80 mmHg, specific gravity 1.01, albumin level 1.0, sugar level 2.0, normal red blood cells, normal pus cells, pus cell clumps: no, bacteria present: no, blood glucose random 309.0, blood urea 113.0, serum creatinine 2.9, sodium level 130.0, potassium level 2.5, hemoglobin 10.6, packed cell volume 19.0, white blood cell count 17.0, red blood cell count 27.0, hypertension: no, diabetes mellitus: no, coronary artery disease: no, poor appetite, pedal edema: no, anemia: no.",CKD
Predict whether the patient has chronic kidney disease (CKD) based on the given clinical description.,"The patient is 17 years old, with blood pressure 70 mmHg, specific gravity 1.015, albumin level 1.0, sugar level 0.0, abnormal red blood cells, normal pus cells, pus cell clumps: no, bacteria present: no, blood glucose random 22.0, blood urea 1.5, serum creatinine 7.3, sodium level 145.0, potassium level 2.8, hemoglobin 13.1, packed cell volume 26.0, white blood cell count 7.0, red blood cell count 23.0, hypertension: no, diabetes mellitus: no, coronary artery disease: no, poor appetite, pedal edema: no, anemia: no.",CKD
Predict whether the patient has chronic kidney disease (CKD) based on the given clinical description.,"The patient is 54 years old, with blood pressure 70 mmHg, specific gravity 1.02, albumin level 0.0, sugar level 0.0, normal red blood cells, normal pus cells, pus cell clumps: no, bacteria present: no, blood glucose random 111.0, blood urea 146.0, serum creatinine 7.5, sodium level 141.0, potassium level 4.7, hemoglobin 11.0, packed cell volume 20.0, white blood cell count 67.0, red blood cell count 24.0, hypertension: no, diabetes mellitus: no, coronary artery disease: no, poor appetite, pedal edema: no, anemia: no.",CKD
Predict whether the patient has chronic kidney disease (CKD) based on the given clinical description.,"The patient is 60 years old, with blood pressure 50 mmHg, specific gravity 1.01, albumin level 0.0, sugar level 0.0, normal red blood cells, normal pus cells, pus cell clumps: no, bacteria present: no, blood glucose random 261.0, blood urea 58.0, serum creatinine 2.2, sodium level 113.0, potassium level 3.0, hemoglobin 13.6, packed cell volume 37.0, white blood cell count 30.0, red blood cell count 12.0, hypertension: yes, diabetes mellitus: no, coronary artery disease: no, poor appetite, pedal edema: no, anemia: no.",CKD
Predict whether the patient has chronic kidney disease (CKD) based on the given clinical description.,"The patient is 21 years old, with blood pressure 90 mmHg, specific gravity 1.01, albumin level 4.0, sugar level 0.0, normal red blood cells, abnormal pus cells, pus cell clumps: yes, bacteria present: yes, blood glucose random 107.0, blood urea 40.0, serum creatinine 1.7, sodium level 125.0, potassium level 3.5, hemoglobin 8.3, packed cell volume 8.0, white blood cell count 15.0, red blood cell count 17.0, hypertension: no, diabetes mellitus: no, coronary artery disease: no, poor appetite, pedal edema: no, anemia: yes.",CKD
Predict whether the patient has chronic kidney disease (CKD) based on the given clinical description.,"The patient is 42 years old, with blood pressure 90 mmHg, specific gravity 1.02, albumin level 2.0, sugar level 0.0, abnormal red blood cells, abnormal pus cells, pus cell clumps: yes, bacteria present: no, blood glucose random 93.0, blood urea 153.0, serum creatinine 2.7, sodium level 139.0, potassium level 4.3, hemoglobin 9.8, packed cell volume 19.0, white blood cell count 77.0, red blood cell count 23.0, hypertension: no, diabetes mellitus: no, coronary artery disease: no, good appetite, pedal edema: yes, anemia: yes.",CKD
Predict whether the patient has chronic kidney disease (CKD) based on the given clinical description.,"The patient is 45 years old, with blood pressure 70 mmHg, specific gravity 1.025, albumin level 2.0, sugar level 0.0, normal red blood cells, abnormal pus cells, pus cell clumps: yes, bacteria present: no, blood glucose random 117.0, blood urea 52.0, serum creatinine 2.2, sodium level 136.0, potassium level 3.8, hemoglobin 10.0, packed cell volume 15.0, white blood cell count 26.0, red blood cell count 15.0, hypertension: no, diabetes mellitus: no, coronary artery disease: no, poor appetite, pedal edema: no, anemia: no.",CKD
Predict whether the patient has chronic kidney disease (CKD) based on the given clinical description.,"The patient is 54 years old, with blood pressure 60 mmHg, specific gravity 1.015, albumin level 3.0, sugar level 2.0, normal red blood cells, abnormal pus cells, pus cell clumps: no, bacteria present: no, blood glucose random 352.0, blood urea 137.0, serum creatinine 3.3, sodium level 133.0, potassium level 4.5, hemoglobin 11.3, packed cell volume 16.0, white blood cell count 42.0, red blood cell count 14.0, hypertension: yes, diabetes mellitus: yes, coronary artery disease: yes, good appetite, pedal edema: yes, anemia: no.",CKD
Predict whether the patient has chronic kidney disease (CKD) based on the given clinical description.,"The patient is 8 years old, with blood pressure 50 mmHg, specific gravity 1.02, albumin level 4.0, sugar level 0.0, normal red blood cells, normal pus cells, pus cell clumps: no, bacteria present: no, blood glucose random 118.0, blood urea 46.0, serum creatinine 1.0, sodium level 135.0, potassium level 3.8, hemoglobin 13.6, packed cell volume 37.0, white blood cell count 77.0, red blood cell count 23.0, hypertension: no, diabetes mellitus: no, coronary artery disease: no, poor appetite, pedal edema: yes, anemia: no.",CKD
Predict whether the patient has chronic kidney disease (CKD) based on the given clinical description.,"The patient is 64 years old, with blood pressure 60 mmHg, specific gravity 1.01, albumin level 4.0, sugar level 1.0, abnormal red blood cells, abnormal pus cells, pus cell clumps: no, bacteria present: yes, blood glucose random 239.0, blood urea 58.0, serum creatinine 4.3, sodium level 137.0, potassium level 5.4, hemoglobin 9.5, packed cell volume 14.0, white blood cell count 57.0, red blood cell count 12.0, hypertension: yes, diabetes mellitus: yes, coronary artery disease: no, good appetite, pedal edema: yes, anemia: no.",CKD
Predict whether the patient has chronic kidney disease (CKD) based on the given clinical description.,"The patient is 6 years old, with blood pressure 60 mmHg, specific gravity 1.01, albumin level 4.0, sugar level 0.0, abnormal red blood cells, abnormal pus cells, pus cell clumps: no, bacteria present: yes, blood glucose random 94.0, blood urea 67.0, serum creatinine 1.0, sodium level 135.0, potassium level 4.9, hemoglobin 9.9, packed cell volume 15.0, white blood cell count 24.0, red blood cell count 26.0, hypertension: no, diabetes mellitus: no, coronary artery disease: no, good appetite, pedal edema: no, anemia: no.",CKD
Predict whether the patient has chronic kidney disease (CKD) based on the given clinical description.,"The patient is 53 years old, with blood pressure 70 mmHg, specific gravity 1.01, albumin level 3.0, sugar level 0.0, normal red blood cells, normal pus cells, pus cell clumps: no, bacteria present: no, blood glucose random 110.0, blood urea 115.0, serum creatinine 6.0, sodium level 134.0, potassium level 2.7, hemoglobin 9.1, packed cell volume 11.0, white blood cell count 71.0, red blood cell count 12.0, hypertension: yes, diabetes mellitus: yes, coronary artery disease: no, good appetite, pedal edema: no, anemia: no.",CKD
Predict whether the patient has chronic kidney disease (CKD) based on the given clinical description.,"The patient is 32 years old, with blood pressure 90 mmHg, specific gravity 1.025, albumin level 1.0, sugar level 0.0, abnormal red blood cells, abnormal pus cells, pus cell clumps: no, bacteria present: no, blood glucose random 118.0, blood urea 223.0, serum creatinine 18.1, sodium level 113.0, potassium level 6.5, hemoglobin 5.5, packed cell volume 1.0, white blood cell count 27.0, red blood cell count 6.0, hypertension: yes, diabetes mellitus: yes, coronary artery disease: no, good appetite, pedal edema: yes, anemia: yes.",CKD
Predict whether the patient has chronic kidney disease (CKD) based on the given clinical description.,"The patient is 70 years old, with blood pressure 90 mmHg, specific gravity 1.02, albumin level 2.0, sugar level 1.0, abnormal red blood cells, abnormal pus cells, pus cell clumps: no, bacteria present: yes, blood glucose random 184.0, blood urea 98.6, serum creatinine 3.3, sodium level 138.0, potassium level 3.9, hemoglobin 5.8, packed cell volume 37.0, white blood cell count 77.0, red blood cell count 23.0, hypertension: yes, diabetes mellitus: yes, coronary artery disease: yes, good appetite, pedal edema: no, anemia: no.",CKD
Predict whether the patient has chronic kidney disease (CKD) based on the given clinical description.,"The patient is 49 years old, with blood pressure 100 mmHg, specific gravity 1.01, albumin level 3.0, sugar level 0.0, abnormal red blood cells, abnormal pus cells, pus cell clumps: no, bacteria present: no, blood glucose random 129.0, blood urea 158.0, serum creatinine 11.8, sodium level 122.0, potassium level 3.2, hemoglobin 8.1, packed cell volume 9.0, white blood cell count 75.0, red blood cell count 13.0, hypertension: yes, diabetes mellitus: yes, coronary artery disease: no, good appetite, pedal edema: yes, anemia: yes.",CKD
Predict whether the patient has chronic kidney disease (CKD) based on the given clinical description.,"The patient is 57 years old, with blood pressure 80 mmHg, specific gravity 1.02, albumin level 0.0, sugar level 0.0, normal red blood cells, normal pus cells, pus cell clumps: no, bacteria present: no, blood glucose random 118.0, blood urea 111.0, serum creatinine 9.3, sodium level 124.0, potassium level 5.3, hemoglobin 6.8, packed cell volume 37.0, white blood cell count 31.0, red blood cell count 8.0, hypertension: yes, diabetes mellitus: yes, coronary artery disease: no, poor appetite, pedal edema: no, anemia: yes.",CKD
Predict whether the patient has chronic kidney disease (CKD) based on the given clinical description.,"The patient is 59 years old, with blood pressure 100 mmHg, specific gravity 1.02, albumin level 4.0, sugar level 2.0, normal red blood cells, normal pus cells, pus cell clumps: no, bacteria present: no, blood glucose random 252.0, blood urea 40.0, serum creatinine 3.2, sodium level 137.0, potassium level 4.7, hemoglobin 11.2, packed cell volume 15.0, white blood cell count 28.0, red blood cell count 17.0, hypertension: yes, diabetes mellitus: yes, coronary artery disease: no, good appetite, pedal edema: yes, anemia: no.",CKD
Predict whether the patient has chronic kidney disease (CKD) based on the given clinical description.,"The patient is 65 years old, with blood pressure 80 mmHg, specific gravity 1.015, albumin level 0.0, sugar level 0.0, normal red blood cells, normal pus cells, pus cell clumps: no, bacteria present: no, blood glucose random 92.0, blood urea 37.0, serum creatinine 1.5, sodium level 140.0, potassium level 5.2, hemoglobin 8.8, packed cell volume 10.0, white blood cell count 4.0, red blood cell count 10.0, hypertension: yes, diabetes mellitus: no, coronary artery disease: yes, poor appetite, pedal edema: yes, anemia: no.",CKD
Predict whether the patient has chronic kidney disease (CKD) based on the given clinical description.,"The patient is 90 years old, with blood pressure 90 mmHg, specific gravity 1.025, albumin level 1.0, sugar level 0.0, normal red blood cells, normal pus cells, pus cell clumps: no, bacteria present: no, blood glucose random 139.0, blood urea 89.0, serum creatinine 3.0, sodium level 140.0, potassium level 4.1, hemoglobin 12.0, packed cell volume 22.0, white blood cell count 60.0, red blood cell count 17.0, hypertension: yes, diabetes mellitus: yes, coronary artery disease: no, poor appetite, pedal edema: no, anemia: no.",CKD
Predict whether the patient has chronic kidney disease (CKD) based on the given clinical description.,"The patient is 65 years old, with blood pressure 90 mmHg, specific gravity 1.01, albumin level 4.0, sugar level 2.0, normal red blood cells, normal pus cells, pus cell clumps: no, bacteria present: no, blood glucose random 172.0, blood urea 82.0, serum creatinine 13.5, sodium level 145.0, potassium level 6.3, hemoglobin 8.8, packed cell volume 16.0, white blood cell count 77.0, red blood cell count 23.0, hypertension: yes, diabetes mellitus: yes, coronary artery disease: no, poor appetite, pedal edema: yes, anemia: yes.",CKD
Predict whether the patient has chronic kidney disease (CKD) based on the given clinical description.,"The patient is 59 years old, with blood pressure 100 mmHg, specific gravity 1.015, albumin level 4.0, sugar level 2.0, normal red blood cells, normal pus cells, pus cell clumps: no, bacteria present: no, blood glucose random 255.0, blood urea 132.0, serum creatinine 12.8, sodium level 135.0, potassium level 5.7, hemoglobin 7.3, packed cell volume 6.0, white blood cell count 77.0, red blood cell count 17.0, hypertension: yes, diabetes mellitus: yes, coronary artery disease: yes, poor appetite, pedal edema: no, anemia: yes.",CKD
Predict whether the patient has chronic kidney disease (CKD) based on the given clinical description.,"The patient is 40 years old, with blood pressure 70 mmHg, specific gravity 1.015, albumin level 3.0, sugar level 4.0, normal red blood cells, normal pus cells, pus cell clumps: no, bacteria present: no, blood glucose random 253.0, blood urea 150.0, serum creatinine 11.9, sodium level 132.0, potassium level 5.6, hemoglobin 10.9, packed cell volume 16.0, white blood cell count 68.0, red blood cell count 12.0, hypertension: yes, diabetes mellitus: yes, coronary artery disease: no, good appetite, pedal edema: yes, anemia: no.",CKD
Predict whether the patient has chronic kidney disease (CKD) based on the given clinical description.,"The patient is 55 years old, with blood pressure 80 mmHg, specific gravity 1.01, albumin level 3.0, sugar level 1.0, normal red blood cells, abnormal pus cells, pus cell clumps: yes, bacteria present: yes, blood glucose random 214.0, blood urea 73.0, serum creatinine 3.9, sodium level 137.0, potassium level 4.9, hemoglobin 10.9, packed cell volume 19.0, white blood cell count 56.0, red blood cell count 15.0, hypertension: yes, diabetes mellitus: yes, coronary artery disease: no, poor appetite, pedal edema: yes, anemia: no.",CKD
Predict whether the patient has chronic kidney disease (CKD) based on the given clinical description.,"The patient is 63 years old, with blood pressure 100 mmHg, specific gravity 1.01, albumin level 1.0, sugar level 0.0, normal red blood cells, normal pus cells, pus cell clumps: no, bacteria present: no, blood glucose random 78.0, blood urea 61.0, serum creatinine 1.8, sodium level 141.0, potassium level 4.4, hemoglobin 12.2, packed cell volume 21.0, white blood cell count 3.0, red blood cell count 21.0, hypertension: no, diabetes mellitus: yes, coronary artery disease: no, poor appetite, pedal edema: no, anemia: no.",CKD
Predict whether the patient has chronic kidney disease (CKD) based on the given clinical description.,"The patient is 66 years old, with blood pressure 70 mmHg, specific gravity 1.02, albumin level 1.0, sugar level 0.0, normal red blood cells, normal pus cells, pus cell clumps: no, bacteria present: no, blood glucose random 248.0, blood urea 30.0, serum creatinine 1.7, sodium level 138.0, potassium level 5.3, hemoglobin 13.6, packed cell volume 37.0, white blood cell count 77.0, red blood cell count 23.0, hypertension: yes, diabetes mellitus: yes, coronary artery disease: no, poor appetite, pedal edema: no, anemia: no.",CKD
Predict whether the patient has chronic kidney disease (CKD) based on the given clinical description.,"The patient is 71 years old, with blood pressure 90 mmHg, specific gravity 1.01, albumin level 0.0, sugar level 3.0, normal red blood cells, normal pus cells, pus cell clumps: no, bacteria present: no, blood glucose random 303.0, blood urea 30.0, serum creatinine 1.3, sodium level 136.0, potassium level 4.1, hemoglobin 13.0, packed cell volume 23.0, white blood cell count 71.0, red blood cell count 24.0, hypertension: yes, diabetes mellitus: yes, coronary artery disease: no, poor appetite, pedal edema: no, anemia: no.",CKD
Predict whether the patient has chronic kidney disease (CKD) based on the given clinical description.,"The patient is 60 years old, with blood pressure 90 mmHg, specific gravity 1.01, albumin level 3.0, sugar level 5.0, abnormal red blood cells, normal pus cells, pus cell clumps: no, bacteria present: yes, blood glucose random 490.0, blood urea 95.0, serum creatinine 2.7, sodium level 131.0, potassium level 3.8, hemoglobin 11.5, packed cell volume 20.0, white blood cell count 12.0, red blood cell count 23.0, hypertension: yes, diabetes mellitus: yes, coronary artery disease: no, poor appetite, pedal edema: no, anemia: no.",CKD
Predict whether the patient has chronic kidney disease (CKD) based on the given clinical description.,"The patient is 64 years old, with blood pressure 100 mmHg, specific gravity 1.015, albumin level 4.0, sugar level 2.0, abnormal red blood cells, abnormal pus cells, pus cell clumps: no, bacteria present: yes, blood glucose random 163.0, blood urea 54.0, serum creatinine 7.2, sodium level 140.0, potassium level 4.6, hemoglobin 7.9, packed cell volume 11.0, white blood cell count 57.0, red blood cell count 12.0, hypertension: yes, diabetes mellitus: yes, coronary artery disease: no, poor appetite, pedal edema: yes, anemia: no.",CKD
Predict whether the patient has chronic kidney disease (CKD) based on the given clinical description.,"The patient is 59 years old, with blood pressure 50 mmHg, specific gravity 1.01, albumin level 3.0, sugar level 0.0, normal red blood cells, abnormal pus cells, pus cell clumps: no, bacteria present: no, blood glucose random 241.0, blood urea 191.0, serum creatinine 12.0, sodium level 114.0, potassium level 2.9, hemoglobin 9.6, packed cell volume 16.0, white blood cell count 22.0, red blood cell count 16.0, hypertension: no, diabetes mellitus: yes, coronary artery disease: no, poor appetite, pedal edema: yes, anemia: no.",CKD
Predict whether the patient has chronic kidney disease (CKD) based on the given clinical description.,"The patient is 65 years old, with blood pressure 60 mmHg, specific gravity 1.01, albumin level 2.0, sugar level 0.0, normal red blood cells, abnormal pus cells, pus cell clumps: yes, bacteria present: no, blood glucose random 192.0, blood urea 17.0, serum creatinine 1.7, sodium level 130.0, potassium level 4.3, hemoglobin 13.6, packed cell volume 37.0, white blood cell count 74.0, red blood cell count 23.0, hypertension: yes, diabetes mellitus: yes, coronary artery disease: no, good appetite, pedal edema: no, anemia: no.",CKD
Predict whether the patient has chronic kidney disease (CKD) based on the given clinical description.,"The patient is 51 years old, with blood pressure 100 mmHg, specific gravity 1.015, albumin level 2.0, sugar level 0.0, normal red blood cells, normal pus cells, pus cell clumps: no, bacteria present: yes, blood glucose random 93.0, blood urea 20.0, serum creatinine 1.6, sodium level 146.0, potassium level 4.5, hemoglobin 13.6, packed cell volume 37.0, white blood cell count 77.0, red blood cell count 23.0, hypertension: no, diabetes mellitus: no, coronary artery disease: no, good appetite, pedal edema: no, anemia: no.",CKD
Predict whether the patient has chronic kidney disease (CKD) based on the given clinical description.,"The patient is 34 years old, with blood pressure 90 mmHg, specific gravity 1.015, albumin level 2.0, sugar level 0.0, normal red blood cells, normal pus cells, pus cell clumps: no, bacteria present: no, blood glucose random 104.0, blood urea 50.0, serum creatinine 1.6, sodium level 137.0, potassium level 4.1, hemoglobin 11.9, packed cell volume 24.0, white blood cell count 77.0, red blood cell count 23.0, hypertension: no, diabetes mellitus: no, coronary artery disease: no, poor appetite, pedal edema: no, anemia: no.",CKD
Predict whether the patient has chronic kidney disease (CKD) based on the given clinical description.,"The patient is 57 years old, with blood pressure 70 mmHg, specific gravity 1.015, albumin level 1.0, sugar level 0.0, normal red blood cells, abnormal pus cells, pus cell clumps: no, bacteria present: no, blood glucose random 165.0, blood urea 45.0, serum creatinine 1.5, sodium level 140.0, potassium level 3.3, hemoglobin 10.4, packed cell volume 16.0, white blood cell count 30.0, red blood cell count 17.0, hypertension: no, diabetes mellitus: no, coronary artery disease: no, poor appetite, pedal edema: no, anemia: no.",CKD
Predict whether the patient has chronic kidney disease (CKD) based on the given clinical description.,"The patient is 69 years old, with blood pressure 70 mmHg, specific gravity 1.01, albumin level 4.0, sugar level 3.0, normal red blood cells, abnormal pus cells, pus cell clumps: yes, bacteria present: yes, blood glucose random 214.0, blood urea 96.0, serum creatinine 6.3, sodium level 120.0, potassium level 3.9, hemoglobin 9.4, packed cell volume 13.0, white blood cell count 10.0, red blood cell count 11.0, hypertension: yes, diabetes mellitus: yes, coronary artery disease: yes, poor appetite, pedal edema: yes, anemia: yes.",CKD
Predict whether the patient has chronic kidney disease (CKD) based on the given clinical description.,"The patient is 62 years old, with blood pressure 90 mmHg, specific gravity 1.02, albumin level 2.0, sugar level 1.0, normal red blood cells, normal pus cells, pus cell clumps: no, bacteria present: no, blood glucose random 169.0, blood urea 48.0, serum creatinine 2.4, sodium level 138.0, potassium level 2.9, hemoglobin 13.4, packed cell volume 32.0, white blood cell count 6.0, red blood cell count 39.0, hypertension: yes, diabetes mellitus: no, coronary artery disease: no, poor appetite, pedal edema: no, anemia: no.",CKD
Predict whether the patient has chronic kidney disease (CKD) based on the given clinical description.,"The patient is 64 years old, with blood pressure 90 mmHg, specific gravity 1.015, albumin level 3.0, sugar level 2.0, normal red blood cells, abnormal pus cells, pus cell clumps: yes, bacteria present: no, blood glucose random 463.0, blood urea 64.0, serum creatinine 2.8, sodium level 135.0, potassium level 4.1, hemoglobin 12.2, packed cell volume 25.0, white blood cell count 77.0, red blood cell count 24.0, hypertension: yes, diabetes mellitus: yes, coronary artery disease: no, poor appetite, pedal edema: no, anemia: yes.",CKD
Predict whether the patient has chronic kidney disease (CKD) based on the given clinical description.,"The patient is 48 years old, with blood pressure 100 mmHg, specific gravity 1.02, albumin level 0.0, sugar level 0.0, normal red blood cells, normal pus cells, pus cell clumps: no, bacteria present: no, blood glucose random 103.0, blood urea 79.0, serum creatinine 5.3, sodium level 135.0, potassium level 6.3, hemoglobin 6.3, packed cell volume 5.0, white blood cell count 54.0, red blood cell count 4.0, hypertension: yes, diabetes mellitus: no, coronary artery disease: yes, good appetite, pedal edema: no, anemia: no.",CKD
Predict whether the patient has chronic kidney disease (CKD) based on the given clinical description.,"The patient is 48 years old, with blood pressure 110 mmHg, specific gravity 1.015, albumin level 3.0, sugar level 0.0, abnormal red blood cells, normal pus cells, pus cell clumps: yes, bacteria present: no, blood glucose random 106.0, blood urea 215.0, serum creatinine 15.2, sodium level 120.0, potassium level 5.7, hemoglobin 8.6, packed cell volume 11.0, white blood cell count 34.0, red blood cell count 3.0, hypertension: yes, diabetes mellitus: no, coronary artery disease: yes, poor appetite, pedal edema: no, anemia: yes.",CKD
Predict whether the patient has chronic kidney disease (CKD) based on the given clinical description.,"The patient is 54 years old, with blood pressure 90 mmHg, specific gravity 1.025, albumin level 1.0, sugar level 0.0, normal red blood cells, abnormal pus cells, pus cell clumps: no, bacteria present: no, blood glucose random 150.0, blood urea 18.0, serum creatinine 1.2, sodium level 140.0, potassium level 4.2, hemoglobin 13.6, packed cell volume 37.0, white blood cell count 77.0, red blood cell count 23.0, hypertension: no, diabetes mellitus: no, coronary artery disease: no, good appetite, pedal edema: yes, anemia: yes.",CKD
Predict whether the patient has chronic kidney disease (CKD) based on the given clinical description.,"The patient is 59 years old, with blood pressure 70 mmHg, specific gravity 1.01, albumin level 1.0, sugar level 3.0, abnormal red blood cells, abnormal pus cells, pus cell clumps: no, bacteria present: no, blood glucose random 424.0, blood urea 55.0, serum creatinine 1.7, sodium level 138.0, potassium level 4.5, hemoglobin 12.6, packed cell volume 22.0, white blood cell count 0.0, red blood cell count 19.0, hypertension: yes, diabetes mellitus: yes, coronary artery disease: yes, poor appetite, pedal edema: no, anemia: no.",CKD
Predict whether the patient has chronic kidney disease (CKD) based on the given clinical description.,"The patient is 56 years old, with blood pressure 90 mmHg, specific gravity 1.01, albumin level 4.0, sugar level 1.0, normal red blood cells, abnormal pus cells, pus cell clumps: yes, bacteria present: no, blood glucose random 176.0, blood urea 309.0, serum creatinine 13.3, sodium level 124.0, potassium level 6.5, hemoglobin 3.1, packed cell volume 40.0, white blood cell count 38.0, red blood cell count 0.0, hypertension: yes, diabetes mellitus: yes, coronary artery disease: no, good appetite, pedal edema: yes, anemia: yes.",CKD
Predict whether the patient has chronic kidney disease (CKD) based on the given clinical description.,"The patient is 40 years old, with blood pressure 80 mmHg, specific gravity 1.025, albumin level 0.0, sugar level 0.0, normal red blood cells, normal pus cells, pus cell clumps: no, bacteria present: no, blood glucose random 140.0, blood urea 10.0, serum creatinine 1.2, sodium level 135.0, potassium level 5.0, hemoglobin 15.0, packed cell volume 33.0, white blood cell count 2.0, red blood cell count 23.0, hypertension: no, diabetes mellitus: no, coronary artery disease: no, poor appetite, pedal edema: no, anemia: no.",Not CKD
Predict whether the patient has chronic kidney disease (CKD) based on the given clinical description.,"The patient is 23 years old, with blood pressure 80 mmHg, specific gravity 1.025, albumin level 0.0, sugar level 0.0, normal red blood cells, normal pus cells, pus cell clumps: no, bacteria present: no, blood glucose random 70.0, blood urea 36.0, serum creatinine 1.0, sodium level 150.0, potassium level 4.6, hemoglobin 17.0, packed cell volume 37.0, white blood cell count 77.0, red blood cell count 28.0, hypertension: no, diabetes mellitus: no, coronary artery disease: no, poor appetite, pedal edema: no, anemia: no.",Not CKD
Predict whether the patient has chronic kidney disease (CKD) based on the given clinical description.,"The patient is 45 years old, with blood pressure 80 mmHg, specific gravity 1.025, albumin level 0.0, sugar level 0.0, normal red blood cells, normal pus cells, pus cell clumps: no, bacteria present: no, blood glucose random 82.0, blood urea 49.0, serum creatinine 0.6, sodium level 147.0, potassium level 4.4, hemoglobin 15.9, packed cell volume 31.0, white blood cell count 70.0, red blood cell count 25.0, hypertension: no, diabetes mellitus: no, coronary artery disease: no, poor appetite, pedal edema: no, anemia: no.",Not CKD
Predict whether the patient has chronic kidney disease (CKD) based on the given clinical description.,"The patient is 57 years old, with blood pressure 80 mmHg, specific gravity 1.025, albumin level 0.0, sugar level 0.0, normal red blood cells, normal pus cells, pus cell clumps: no, bacteria present: no, blood glucose random 119.0, blood urea 17.0, serum creatinine 1.2, sodium level 135.0, potassium level 4.7, hemoglobin 15.4, packed cell volume 27.0, white blood cell count 44.0, red blood cell count 40.0, hypertension: no, diabetes mellitus: no, coronary artery disease: no, poor appetite, pedal edema: no, anemia: no.",Not CKD
Predict whether the patient has chronic kidney disease (CKD) based on the given clinical description.,"The patient is 51 years old, with blood pressure 60 mmHg, specific gravity 1.025, albumin level 0.0, sugar level 0.0, normal red blood cells, normal pus cells, pus cell clumps: no, bacteria present: no, blood glucose random 99.0, blood urea 38.0, serum creatinine 0.8, sodium level 135.0, potassium level 3.7, hemoglobin 13.0, packed cell volume 34.0, white blood cell count 64.0, red blood cell count 30.0, hypertension: no, diabetes mellitus: no, coronary artery disease: no, poor appetite, pedal edema: no, anemia: no.",Not CKD
Predict whether the patient has chronic kidney disease (CKD) based on the given clinical description.,"The patient is 34 years old, with blood pressure 80 mmHg, specific gravity 1.025, albumin level 0.0, sugar level 0.0, normal red blood cells, normal pus cells, pus cell clumps: no, bacteria present: no, blood glucose random 121.0, blood urea 27.0, serum creatinine 1.2, sodium level 144.0, potassium level 3.9, hemoglobin 13.6, packed cell volume 37.0, white blood cell count 71.0, red blood cell count 41.0, hypertension: no, diabetes mellitus: no, coronary artery disease: no, poor appetite, pedal edema: no, anemia: no.",Not CKD
Predict whether the patient has chronic kidney disease (CKD) based on the given clinical description.,"The patient is 60 years old, with blood pressure 80 mmHg, specific gravity 1.025, albumin level 0.0, sugar level 0.0, normal red blood cells, normal pus cells, pus cell clumps: no, bacteria present: no, blood glucose random 131.0, blood urea 10.0, serum creatinine 0.5, sodium level 146.0, potassium level 5.0, hemoglobin 14.5, packed cell volume 26.0, white blood cell count 4.0, red blood cell count 29.0, hypertension: no, diabetes mellitus: no, coronary artery disease: no, poor appetite, pedal edema: no, anemia: no.",Not CKD
Predict whether the patient has chronic kidney disease (CKD) based on the given clinical description.,"The patient is 38 years old, with blood pressure 60 mmHg, specific gravity 1.02, albumin level 0.0, sugar level 0.0, normal red blood cells, normal pus cells, pus cell clumps: no, bacteria present: no, blood glucose random 91.0, blood urea 36.0, serum creatinine 0.7, sodium level 135.0, potassium level 3.7, hemoglobin 14.0, packed cell volume 31.0, white blood cell count 70.0, red blood cell count 36.0, hypertension: no, diabetes mellitus: no, coronary artery disease: no, poor appetite, pedal edema: no, anemia: no.",Not CKD
Predict whether the patient has chronic kidney disease (CKD) based on the given clinical description.,"The patient is 42 years old, with blood pressure 80 mmHg, specific gravity 1.02, albumin level 0.0, sugar level 0.0, normal red blood cells, normal pus cells, pus cell clumps: no, bacteria present: no, blood glucose random 98.0, blood urea 20.0, serum creatinine 0.5, sodium level 140.0, potassium level 3.5, hemoglobin 13.9, packed cell volume 29.0, white blood cell count 65.0, red blood cell count 33.0, hypertension: no, diabetes mellitus: no, coronary artery disease: no, poor appetite, pedal edema: no, anemia: no.",Not CKD
Predict whether the patient has chronic kidney disease (CKD) based on the given clinical description.,"The patient is 35 years old, with blood pressure 80 mmHg, specific gravity 1.02, albumin level 0.0, sugar level 0.0, normal red blood cells, normal pus cells, pus cell clumps: no, bacteria present: no, blood glucose random 104.0, blood urea 31.0, serum creatinine 1.2, sodium level 135.0, potassium level 5.0, hemoglobin 16.1, packed cell volume 30.0, white blood cell count 31.0, red blood cell count 30.0, hypertension: no, diabetes mellitus: no, coronary artery disease: no, poor appetite, pedal edema: no, anemia: no.",Not CKD
Predict whether the patient has chronic kidney disease (CKD) based on the given clinical description.,"The patient is 30 years old, with blood pressure 80 mmHg, specific gravity 1.02, albumin level 0.0, sugar level 0.0, normal red blood cells, normal pus cells, pus cell clumps: no, bacteria present: no, blood glucose random 131.0, blood urea 38.0, serum creatinine 1.0, sodium level 147.0, potassium level 3.8, hemoglobin 14.1, packed cell volume 30.0, white blood cell count 73.0, red blood cell count 31.0, hypertension: no, diabetes mellitus: no, coronary artery disease: no, poor appetite, pedal edema: no, anemia: no.",Not CKD
Predict whether the patient has chronic kidney disease (CKD) based on the given clinical description.,"The patient is 49 years old, with blood pressure 80 mmHg, specific gravity 1.02, albumin level 0.0, sugar level 0.0, normal red blood cells, normal pus cells, pus cell clumps: no, bacteria present: no, blood glucose random 122.0, blood urea 32.0, serum creatinine 1.2, sodium level 139.0, potassium level 3.9, hemoglobin 17.0, packed cell volume 26.0, white blood cell count 40.0, red blood cell count 27.0, hypertension: no, diabetes mellitus: no, coronary artery disease: no, poor appetite, pedal edema: no, anemia: no.",Not CKD
Predict whether the patient has chronic kidney disease (CKD) based on the given clinical description.,"The patient is 55 years old, with blood pressure 80 mmHg, specific gravity 1.02, albumin level 0.0, sugar level 0.0, normal red blood cells, normal pus cells, pus cell clumps: no, bacteria present: no, blood glucose random 118.0, blood urea 18.0, serum creatinine 0.9, sodium level 135.0, potassium level 3.6, hemoglobin 15.5, packed cell volume 28.0, white blood cell count 54.0, red blood cell count 32.0, hypertension: no, diabetes mellitus: no, coronary artery disease: no, poor appetite, pedal edema: no, anemia: no.",Not CKD
Predict whether the patient has chronic kidney disease (CKD) based on the given clinical description.,"The patient is 45 years old, with blood pressure 80 mmHg, specific gravity 1.02, albumin level 0.0, sugar level 0.0, normal red blood cells, normal pus cells, pus cell clumps: no, bacteria present: no, blood glucose random 117.0, blood urea 46.0, serum creatinine 1.2, sodium level 137.0, potassium level 5.0, hemoglobin 16.2, packed cell volume 30.0, white blood cell count 67.0, red blood cell count 30.0, hypertension: no, diabetes mellitus: no, coronary artery disease: no, poor appetite, pedal edema: no, anemia: no.",Not CKD
Predict whether the patient has chronic kidney disease (CKD) based on the given clinical description.,"The patient is 42 years old, with blood pressure 80 mmHg, specific gravity 1.02, albumin level 0.0, sugar level 0.0, normal red blood cells, normal pus cells, pus cell clumps: no, bacteria present: no, blood glucose random 132.0, blood urea 24.0, serum creatinine 0.7, sodium level 140.0, potassium level 4.1, hemoglobin 14.4, packed cell volume 35.0, white blood cell count 34.0, red blood cell count 23.0, hypertension: no, diabetes mellitus: no, coronary artery disease: no, poor appetite, pedal edema: no, anemia: no.",Not CKD
Predict whether the patient has chronic kidney disease (CKD) based on the given clinical description.,"The patient is 50 years old, with blood pressure 80 mmHg, specific gravity 1.02, albumin level 0.0, sugar level 0.0, normal red blood cells, normal pus cells, pus cell clumps: no, bacteria present: no, blood glucose random 97.0, blood urea 40.0, serum creatinine 0.6, sodium level 150.0, potassium level 4.5, hemoglobin 14.2, packed cell volume 33.0, white blood cell count 3.0, red blood cell count 28.0, hypertension: no, diabetes mellitus: no, coronary artery disease: no, poor appetite, pedal edema: no, anemia: no.",Not CKD
Predict whether the patient has chronic kidney disease (CKD) based on the given clinical description.,"The patient is 55 years old, with blood pressure 80 mmHg, specific gravity 1.02, albumin level 0.0, sugar level 0.0, normal red blood cells, normal pus cells, pus cell clumps: no, bacteria present: no, blood glucose random 133.0, blood urea 17.0, serum creatinine 1.2, sodium level 135.0, potassium level 4.8, hemoglobin 13.2, packed cell volume 26.0, white blood cell count 50.0, red blood cell count 31.0, hypertension: no, diabetes mellitus: no, coronary artery disease: no, poor appetite, pedal edema: no, anemia: no.",Not CKD
Predict whether the patient has chronic kidney disease (CKD) based on the given clinical description.,"The patient is 48 years old, with blood pressure 80 mmHg, specific gravity 1.025, albumin level 0.0, sugar level 0.0, normal red blood cells, normal pus cells, pus cell clumps: no, bacteria present: no, blood glucose random 122.0, blood urea 33.0, serum creatinine 0.9, sodium level 146.0, potassium level 3.9, hemoglobin 13.9, packed cell volume 33.0, white blood cell count 74.0, red blood cell count 26.0, hypertension: no, diabetes mellitus: no, coronary artery disease: no, poor appetite, pedal edema: no, anemia: no.",Not CKD
Predict whether the patient has chronic kidney disease (CKD) based on the given clinical description.,"The patient is 53 years old, with blood pressure 80 mmHg, specific gravity 1.02, albumin level 0.0, sugar level 0.0, normal red blood cells, normal pus cells, pus cell clumps: no, bacteria present: no, blood glucose random 100.0, blood urea 49.0, serum creatinine 1.0, sodium level 140.0, potassium level 5.0, hemoglobin 16.3, packed cell volume 38.0, white blood cell count 66.0, red blood cell count 27.0, hypertension: no, diabetes mellitus: no, coronary artery disease: no, poor appetite, pedal edema: no, anemia: no.",Not CKD
Predict whether the patient has chronic kidney disease (CKD) based on the given clinical description.,"The patient is 25 years old, with blood pressure 80 mmHg, specific gravity 1.025, albumin level 0.0, sugar level 0.0, normal red blood cells, normal pus cells, pus cell clumps: no, bacteria present: no, blood glucose random 121.0, blood urea 19.0, serum creatinine 1.2, sodium level 142.0, potassium level 4.9, hemoglobin 15.0, packed cell volume 33.0, white blood cell count 51.0, red blood cell count 31.0, hypertension: no, diabetes mellitus: no, coronary artery disease: no, poor appetite, pedal edema: no, anemia: no.",Not CKD
Predict whether the patient has chronic kidney disease (CKD) based on the given clinical description.,"The patient is 23 years old, with blood pressure 80 mmHg, specific gravity 1.025, albumin level 0.0, sugar level 0.0, normal red blood cells, normal pus cells, pus cell clumps: no, bacteria present: no, blood glucose random 111.0, blood urea 34.0, serum creatinine 1.1, sodium level 145.0, potassium level 4.0, hemoglobin 14.3, packed cell volume 26.0, white blood cell count 54.0, red blood cell count 28.0, hypertension: no, diabetes mellitus: no, coronary artery disease: no, poor appetite, pedal edema: no, anemia: no.",Not CKD
Predict whether the patient has chronic kidney disease (CKD) based on the given clinical description.,"The patient is 30 years old, with blood pressure 80 mmHg, specific gravity 1.025, albumin level 0.0, sugar level 0.0, normal red blood cells, normal pus cells, pus cell clumps: no, bacteria present: no, blood glucose random 96.0, blood urea 25.0, serum creatinine 0.5, sodium level 144.0, potassium level 4.8, hemoglobin 13.8, packed cell volume 27.0, white blood cell count 69.0, red blood cell count 23.0, hypertension: no, diabetes mellitus: no, coronary artery disease: no, poor appetite, pedal edema: no, anemia: no.",Not CKD
Predict whether the patient has chronic kidney disease (CKD) based on the given clinical description.,"The patient is 56 years old, with blood pressure 80 mmHg, specific gravity 1.025, albumin level 0.0, sugar level 0.0, normal red blood cells, normal pus cells, pus cell clumps: no, bacteria present: no, blood glucose random 139.0, blood urea 15.0, serum creatinine 1.2, sodium level 135.0, potassium level 5.0, hemoglobin 14.8, packed cell volume 27.0, white blood cell count 40.0, red blood cell count 33.0, hypertension: no, diabetes mellitus: no, coronary artery disease: no, poor appetite, pedal edema: no, anemia: no.",Not CKD
Predict whether the patient has chronic kidney disease (CKD) based on the given clinical description.,"The patient is 47 years old, with blood pressure 80 mmHg, specific gravity 1.02, albumin level 0.0, sugar level 0.0, normal red blood cells, normal pus cells, pus cell clumps: no, bacteria present: no, blood glucose random 95.0, blood urea 35.0, serum creatinine 0.9, sodium level 140.0, potassium level 4.1, hemoglobin 13.6, packed cell volume 37.0, white blood cell count 77.0, red blood cell count 23.0, hypertension: no, diabetes mellitus: no, coronary artery disease: no, poor appetite, pedal edema: no, anemia: no.",Not CKD
Predict whether the patient has chronic kidney disease (CKD) based on the given clinical description.,"The patient is 19 years old, with blood pressure 80 mmHg, specific gravity 1.02, albumin level 0.0, sugar level 0.0, normal red blood cells, normal pus cells, pus cell clumps: no, bacteria present: no, blood glucose random 107.0, blood urea 23.0, serum creatinine 0.7, sodium level 141.0, potassium level 4.2, hemoglobin 14.4, packed cell volume 29.0, white blood cell count 77.0, red blood cell count 23.0, hypertension: no, diabetes mellitus: no, coronary artery disease: no, poor appetite, pedal edema: no, anemia: no.",Not CKD
Predict whether the patient has chronic kidney disease (CKD) based on the given clinical description.,"The patient is 52 years old, with blood pressure 80 mmHg, specific gravity 1.02, albumin level 0.0, sugar level 0.0, normal red blood cells, normal pus cells, pus cell clumps: no, bacteria present: no, blood glucose random 125.0, blood urea 22.0, serum creatinine 1.2, sodium level 139.0, potassium level 4.6, hemoglobin 16.5, packed cell volume 28.0, white blood cell count 33.0, red blood cell count 24.0, hypertension: no, diabetes mellitus: no, coronary artery disease: no, poor appetite, pedal edema: no, anemia: no.",Not CKD
Predict whether the patient has chronic kidney disease (CKD) based on the given clinical description.,"The patient is 20 years old, with blood pressure 60 mmHg, specific gravity 1.025, albumin level 0.0, sugar level 0.0, normal red blood cells, normal pus cells, pus cell clumps: no, bacteria present: no, blood glucose random 118.0, blood urea 41.0, serum creatinine 1.2, sodium level 137.0, potassium level 4.7, hemoglobin 14.0, packed cell volume 26.0, white blood cell count 32.0, red blood cell count 33.0, hypertension: no, diabetes mellitus: no, coronary artery disease: no, poor appetite, pedal edema: no, anemia: no.",Not CKD
Predict whether the patient has chronic kidney disease (CKD) based on the given clinical description.,"The patient is 46 years old, with blood pressure 60 mmHg, specific gravity 1.025, albumin level 0.0, sugar level 0.0, normal red blood cells, normal pus cells, pus cell clumps: no, bacteria present: no, blood glucose random 123.0, blood urea 46.0, serum creatinine 1.0, sodium level 135.0, potassium level 5.0, hemoglobin 15.7, packed cell volume 35.0, white blood cell count 45.0, red blood cell count 26.0, hypertension: no, diabetes mellitus: no, coronary artery disease: no, poor appetite, pedal edema: no, anemia: no.",Not CKD
Predict whether the patient has chronic kidney disease (CKD) based on the given clinical description.,"The patient is 48 years old, with blood pressure 60 mmHg, specific gravity 1.02, albumin level 0.0, sugar level 0.0, normal red blood cells, normal pus cells, pus cell clumps: no, bacteria present: no, blood glucose random 112.0, blood urea 44.0, serum creatinine 1.2, sodium level 142.0, potassium level 4.9, hemoglobin 14.5, packed cell volume 29.0, white blood cell count 73.0, red blood cell count 42.0, hypertension: no, diabetes mellitus: no, coronary artery disease: no, poor appetite, pedal edema: no, anemia: no.",Not CKD
Predict whether the patient has chronic kidney disease (CKD) based on the given clinical description.,"The patient is 24 years old, with blood pressure 70 mmHg, specific gravity 1.025, albumin level 0.0, sugar level 0.0, normal red blood cells, normal pus cells, pus cell clumps: no, bacteria present: no, blood glucose random 140.0, blood urea 23.0, serum creatinine 0.6, sodium level 140.0, potassium level 4.7, hemoglobin 16.3, packed cell volume 33.0, white blood cell count 42.0, red blood cell count 34.0, hypertension: no, diabetes mellitus: no, coronary artery disease: no, poor appetite, pedal edema: no, anemia: no.",Not CKD
Predict whether the patient has chronic kidney disease (CKD) based on the given clinical description.,"The patient is 47 years old, with blood pressure 80 mmHg, specific gravity 1.02, albumin level 0.0, sugar level 0.0, normal red blood cells, normal pus cells, pus cell clumps: no, bacteria present: no, blood glucose random 93.0, blood urea 33.0, serum creatinine 0.9, sodium level 144.0, potassium level 4.5, hemoglobin 13.3, packed cell volume 37.0, white blood cell count 62.0, red blood cell count 30.0, hypertension: no, diabetes mellitus: no, coronary artery disease: no, poor appetite, pedal edema: no, anemia: no.",Not CKD
Predict whether the patient has chronic kidney disease (CKD) based on the given clinical description.,"The patient is 55 years old, with blood pressure 80 mmHg, specific gravity 1.025, albumin level 0.0, sugar level 0.0, normal red blood cells, normal pus cells, pus cell clumps: no, bacteria present: no, blood glucose random 130.0, blood urea 50.0, serum creatinine 1.2, sodium level 147.0, potassium level 5.0, hemoglobin 15.5, packed cell volume 26.0, white blood cell count 70.0, red blood cell count 38.0, hypertension: no, diabetes mellitus: no, coronary artery disease: no, poor appetite, pedal edema: no, anemia: no.",Not CKD
Predict whether the patient has chronic kidney disease (CKD) based on the given clinical description.,"The patient is 20 years old, with blood pressure 70 mmHg, specific gravity 1.02, albumin level 0.0, sugar level 0.0, normal red blood cells, normal pus cells, pus cell clumps: no, bacteria present: no, blood glucose random 123.0, blood urea 44.0, serum creatinine 1.0, sodium level 135.0, potassium level 3.8, hemoglobin 14.6, packed cell volume 29.0, white blood cell count 39.0, red blood cell count 26.0, hypertension: no, diabetes mellitus: no, coronary artery disease: no, poor appetite, pedal edema: no, anemia: no.",Not CKD
Predict whether the patient has chronic kidney disease (CKD) based on the given clinical description.,"The patient is 33 years old, with blood pressure 80 mmHg, specific gravity 1.025, albumin level 0.0, sugar level 0.0, normal red blood cells, normal pus cells, pus cell clumps: no, bacteria present: no, blood glucose random 100.0, blood urea 37.0, serum creatinine 1.2, sodium level 142.0, potassium level 4.0, hemoglobin 16.9, packed cell volume 37.0, white blood cell count 49.0, red blood cell count 38.0, hypertension: no, diabetes mellitus: no, coronary artery disease: no, poor appetite, pedal edema: no, anemia: no.",Not CKD
Predict whether the patient has chronic kidney disease (CKD) based on the given clinical description.,"The patient is 66 years old, with blood pressure 70 mmHg, specific gravity 1.02, albumin level 0.0, sugar level 0.0, normal red blood cells, normal pus cells, pus cell clumps: no, bacteria present: no, blood glucose random 94.0, blood urea 19.0, serum creatinine 0.7, sodium level 135.0, potassium level 3.9, hemoglobin 16.0, packed cell volume 26.0, white blood cell count 37.0, red blood cell count 37.0, hypertension: no, diabetes mellitus: no, coronary artery disease: no, poor appetite, pedal edema: no, anemia: no.",Not CKD
Predict whether the patient has chronic kidney disease (CKD) based on the given clinical description.,"The patient is 71 years old, with blood pressure 70 mmHg, specific gravity 1.02, albumin level 0.0, sugar level 0.0, normal red blood cells, normal pus cells, pus cell clumps: no, bacteria present: no, blood glucose random 81.0, blood urea 18.0, serum creatinine 0.8, sodium level 145.0, potassium level 5.0, hemoglobin 14.7, packed cell volume 29.0, white blood cell count 77.0, red blood cell count 38.0, hypertension: no, diabetes mellitus: no, coronary artery disease: no, poor appetite, pedal edema: no, anemia: no.",Not CKD
Predict whether the patient has chronic kidney disease (CKD) based on the given clinical description.,"The patient is 39 years old, with blood pressure 70 mmHg, specific gravity 1.025, albumin level 0.0, sugar level 0.0, normal red blood cells, normal pus cells, pus cell clumps: no, bacteria present: no, blood glucose random 124.0, blood urea 22.0, serum creatinine 0.6, sodium level 137.0, potassium level 3.8, hemoglobin 13.4, packed cell volume 28.0, white blood cell count 77.0, red blood cell count 23.0, hypertension: no, diabetes mellitus: no, coronary artery disease: no, poor appetite, pedal edema: no, anemia: no.",Not CKD
Predict whether the patient has chronic kidney disease (CKD) based on the given clinical description.,"The patient is 56 years old, with blood pressure 70 mmHg, specific gravity 1.025, albumin level 0.0, sugar level 0.0, normal red blood cells, normal pus cells, pus cell clumps: no, bacteria present: no, blood glucose random 70.0, blood urea 46.0, serum creatinine 1.2, sodium level 135.0, potassium level 4.9, hemoglobin 15.9, packed cell volume 35.0, white blood cell count 6.0, red blood cell count 29.0, hypertension: no, diabetes mellitus: no, coronary artery disease: no, poor appetite, pedal edema: no, anemia: no.",Not CKD
Predict whether the patient has chronic kidney disease (CKD) based on the given clinical description.,"The patient is 42 years old, with blood pressure 70 mmHg, specific gravity 1.02, albumin level 0.0, sugar level 0.0, normal red blood cells, normal pus cells, pus cell clumps: no, bacteria present: no, blood glucose random 93.0, blood urea 32.0, serum creatinine 0.9, sodium level 143.0, potassium level 4.7, hemoglobin 16.6, packed cell volume 28.0, white blood cell count 53.0, red blood cell count 31.0, hypertension: no, diabetes mellitus: no, coronary artery disease: no, poor appetite, pedal edema: no, anemia: no.",Not CKD
Predict whether the patient has chronic kidney disease (CKD) based on the given clinical description.,"The patient is 54 years old, with blood pressure 70 mmHg, specific gravity 1.02, albumin level 0.0, sugar level 0.0, normal red blood cells, normal pus cells, pus cell clumps: no, bacteria present: no, blood glucose random 76.0, blood urea 28.0, serum creatinine 0.6, sodium level 146.0, potassium level 3.5, hemoglobin 14.8, packed cell volume 37.0, white blood cell count 65.0, red blood cell count 37.0, hypertension: no, diabetes mellitus: no, coronary artery disease: no, poor appetite, pedal edema: no, anemia: no.",Not CKD
Predict whether the patient has chronic kidney disease (CKD) based on the given clinical description.,"The patient is 47 years old, with blood pressure 80 mmHg, specific gravity 1.025, albumin level 0.0, sugar level 0.0, normal red blood cells, normal pus cells, pus cell clumps: no, bacteria present: no, blood glucose random 124.0, blood urea 44.0, serum creatinine 1.0, sodium level 140.0, potassium level 4.9, hemoglobin 14.9, packed cell volume 26.0, white blood cell count 52.0, red blood cell count 35.0, hypertension: no, diabetes mellitus: no, coronary artery disease: no, poor appetite, pedal edema: no, anemia: no.",Not CKD
Predict whether the patient has chronic kidney disease (CKD) based on the given clinical description.,"The patient is 30 years old, with blood pressure 80 mmHg, specific gravity 1.02, albumin level 0.0, sugar level 0.0, normal red blood cells, normal pus cells, pus cell clumps: no, bacteria present: no, blood glucose random 89.0, blood urea 42.0, serum creatinine 0.5, sodium level 139.0, potassium level 5.0, hemoglobin 16.7, packed cell volume 37.0, white blood cell count 0.0, red blood cell count 28.0, hypertension: no, diabetes mellitus: no, coronary artery disease: no, poor appetite, pedal edema: no, anemia: no.",Not CKD
Predict whether the patient has chronic kidney disease (CKD) based on the given clinical description.,"The patient is 50 years old, with blood pressure 80 mmHg, specific gravity 1.02, albumin level 0.0, sugar level 0.0, normal red blood cells, normal pus cells, pus cell clumps: no, bacteria present: no, blood glucose random 92.0, blood urea 19.0, serum creatinine 1.2, sodium level 150.0, potassium level 4.8, hemoglobin 14.9, packed cell volume 33.0, white blood cell count 33.0, red blood cell count 32.0, hypertension: no, diabetes mellitus: no, coronary artery disease: no, poor appetite, pedal edema: no, anemia: no.",Not CKD
Predict whether the patient has chronic kidney disease (CKD) based on the given clinical description.,"The patient is 75 years old, with blood pressure 60 mmHg, specific gravity 1.02, albumin level 0.0, sugar level 0.0, normal red blood cells, normal pus cells, pus cell clumps: no, bacteria present: no, blood glucose random 110.0, blood urea 50.0, serum creatinine 0.7, sodium level 135.0, potassium level 5.0, hemoglobin 14.3, packed cell volume 25.0, white blood cell count 64.0, red blood cell count 36.0, hypertension: no, diabetes mellitus: no, coronary artery disease: no, poor appetite, pedal edema: no, anemia: no.",Not CKD
Predict whether the patient has chronic kidney disease (CKD) based on the given clinical description.,"The patient is 44 years old, with blood pressure 70 mmHg, specific gravity 1.02, albumin level 0.0, sugar level 0.0, normal red blood cells, normal pus cells, pus cell clumps: no, bacteria present: no, blood glucose random 106.0, blood urea 25.0, serum creatinine 0.9, sodium level 150.0, potassium level 3.6, hemoglobin 15.0, packed cell volume 35.0, white blood cell count 75.0, red blood cell count 43.0, hypertension: no, diabetes mellitus: no, coronary artery disease: no, poor appetite, pedal edema: no, anemia: no.",Not CKD
Predict whether the patient has chronic kidney disease (CKD) based on the given clinical description.,"The patient is 41 years old, with blood pressure 70 mmHg, specific gravity 1.02, albumin level 0.0, sugar level 0.0, normal red blood cells, normal pus cells, pus cell clumps: no, bacteria present: no, blood glucose random 125.0, blood urea 38.0, serum creatinine 0.6, sodium level 140.0, potassium level 5.0, hemoglobin 16.8, packed cell volume 26.0, white blood cell count 45.0, red blood cell count 37.0, hypertension: no, diabetes mellitus: no, coronary artery disease: no, poor appetite, pedal edema: no, anemia: no.",Not CKD
Predict whether the patient has chronic kidney disease (CKD) based on the given clinical description.,"The patient is 53 years old, with blood pressure 60 mmHg, specific gravity 1.025, albumin level 0.0, sugar level 0.0, normal red blood cells, normal pus cells, pus cell clumps: no, bacteria present: no, blood glucose random 116.0, blood urea 26.0, serum creatinine 1.0, sodium level 146.0, potassium level 4.9, hemoglobin 15.8, packed cell volume 30.0, white blood cell count 58.0, red blood cell count 30.0, hypertension: no, diabetes mellitus: no, coronary artery disease: no, poor appetite, pedal edema: no, anemia: no.",Not CKD
Predict whether the patient has chronic kidney disease (CKD) based on the given clinical description.,"The patient is 34 years old, with blood pressure 60 mmHg, specific gravity 1.02, albumin level 0.0, sugar level 0.0, normal red blood cells, normal pus cells, pus cell clumps: no, bacteria present: no, blood glucose random 91.0, blood urea 49.0, serum creatinine 1.2, sodium level 135.0, potassium level 4.5, hemoglobin 13.5, packed cell volume 33.0, white blood cell count 67.0, red blood cell count 27.0, hypertension: no, diabetes mellitus: no, coronary artery disease: no, poor appetite, pedal edema: no, anemia: no.",Not CKD
Predict whether the patient has chronic kidney disease (CKD) based on the given clinical description.,"The patient is 73 years old, with blood pressure 60 mmHg, specific gravity 1.02, albumin level 0.0, sugar level 0.0, normal red blood cells, normal pus cells, pus cell clumps: no, bacteria present: no, blood glucose random 127.0, blood urea 48.0, serum creatinine 0.5, sodium level 150.0, potassium level 3.5, hemoglobin 15.1, packed cell volume 37.0, white blood cell count 6.0, red blood cell count 25.0, hypertension: no, diabetes mellitus: no, coronary artery disease: no, poor appetite, pedal edema: no, anemia: no.",Not CKD
Predict whether the patient has chronic kidney disease (CKD) based on the given clinical description.,"The patient is 45 years old, with blood pressure 60 mmHg, specific gravity 1.02, albumin level 0.0, sugar level 0.0, normal red blood cells, normal pus cells, pus cell clumps: no, bacteria present: no, blood glucose random 114.0, blood urea 26.0, serum creatinine 0.7, sodium level 141.0, potassium level 4.2, hemoglobin 15.0, packed cell volume 28.0, white blood cell count 71.0, red blood cell count 36.0, hypertension: no, diabetes mellitus: no, coronary artery disease: no, poor appetite, pedal edema: no, anemia: no.",Not CKD
Predict whether the patient has chronic kidney disease (CKD) based on the given clinical description.,"The patient is 44 years old, with blood pressure 60 mmHg, specific gravity 1.025, albumin level 0.0, sugar level 0.0, normal red blood cells, normal pus cells, pus cell clumps: no, bacteria present: no, blood glucose random 96.0, blood urea 33.0, serum creatinine 0.9, sodium level 147.0, potassium level 4.5, hemoglobin 16.9, packed cell volume 26.0, white blood cell count 54.0, red blood cell count 28.0, hypertension: no, diabetes mellitus: no, coronary artery disease: no, poor appetite, pedal edema: no, anemia: no.",Not CKD
Predict whether the patient has chronic kidney disease (CKD) based on the given clinical description.,"The patient is 29 years old, with blood pressure 70 mmHg, specific gravity 1.02, albumin level 0.0, sugar level 0.0, normal red blood cells, normal pus cells, pus cell clumps: no, bacteria present: no, blood glucose random 127.0, blood urea 44.0, serum creatinine 1.2, sodium level 145.0, potassium level 5.0, hemoglobin 14.8, packed cell volume 33.0, white blood cell count 77.0, red blood cell count 23.0, hypertension: no, diabetes mellitus: no, coronary artery disease: no, poor appetite, pedal edema: no, anemia: no.",Not CKD
Predict whether the patient has chronic kidney disease (CKD) based on the given clinical description.,"The patient is 33 years old, with blood pressure 80 mmHg, specific gravity 1.025, albumin level 0.0, sugar level 0.0, normal red blood cells, normal pus cells, pus cell clumps: no, bacteria present: no, blood glucose random 128.0, blood urea 38.0, serum creatinine 0.6, sodium level 135.0, potassium level 3.9, hemoglobin 13.1, packed cell volume 30.0, white blood cell count 44.0, red blood cell count 23.0, hypertension: no, diabetes mellitus: no, coronary artery disease: no, poor appetite, pedal edema: no, anemia: no.",Not CKD
Predict whether the patient has chronic kidney disease (CKD) based on the given clinical description.,"The patient is 41 years old, with blood pressure 80 mmHg, specific gravity 1.02, albumin level 0.0, sugar level 0.0, normal red blood cells, normal pus cells, pus cell clumps: no, bacteria present: no, blood glucose random 122.0, blood urea 25.0, serum creatinine 0.8, sodium level 138.0, potassium level 5.0, hemoglobin 17.1, packed cell volume 26.0, white blood cell count 70.0, red blood cell count 30.0, hypertension: no, diabetes mellitus: no, coronary artery disease: no, poor appetite, pedal edema: no, anemia: no.",Not CKD
Predict whether the patient has chronic kidney disease (CKD) based on the given clinical description.,"The patient is 52 years old, with blood pressure 80 mmHg, specific gravity 1.02, albumin level 0.0, sugar level 0.0, normal red blood cells, normal pus cells, pus cell clumps: no, bacteria present: no, blood glucose random 128.0, blood urea 30.0, serum creatinine 1.2, sodium level 140.0, potassium level 4.5, hemoglobin 15.2, packed cell volume 37.0, white blood cell count 31.0, red blood cell count 35.0, hypertension: no, diabetes mellitus: no, coronary artery disease: no, poor appetite, pedal edema: no, anemia: no.",Not CKD
Predict whether the patient has chronic kidney disease (CKD) based on the given clinical description.,"The patient is 47 years old, with blood pressure 60 mmHg, specific gravity 1.02, albumin level 0.0, sugar level 0.0, normal red blood cells, normal pus cells, pus cell clumps: no, bacteria present: no, blood glucose random 137.0, blood urea 17.0, serum creatinine 0.5, sodium level 150.0, potassium level 3.5, hemoglobin 13.6, packed cell volume 29.0, white blood cell count 60.0, red blood cell count 23.0, hypertension: no, diabetes mellitus: no, coronary artery disease: no, poor appetite, pedal edema: no, anemia: no.",Not CKD
Predict whether the patient has chronic kidney disease (CKD) based on the given clinical description.,"The patient is 43 years old, with blood pressure 80 mmHg, specific gravity 1.025, albumin level 0.0, sugar level 0.0, normal red blood cells, normal pus cells, pus cell clumps: no, bacteria present: no, blood glucose random 81.0, blood urea 46.0, serum creatinine 0.6, sodium level 135.0, potassium level 4.9, hemoglobin 13.9, packed cell volume 33.0, white blood cell count 51.0, red blood cell count 27.0, hypertension: no, diabetes mellitus: no, coronary artery disease: no, poor appetite, pedal edema: no, anemia: no.",Not CKD
Predict whether the patient has chronic kidney disease (CKD) based on the given clinical description.,"The patient is 51 years old, with blood pressure 60 mmHg, specific gravity 1.02, albumin level 0.0, sugar level 0.0, normal red blood cells, normal pus cells, pus cell clumps: no, bacteria present: no, blood glucose random 129.0, blood urea 25.0, serum creatinine 1.2, sodium level 139.0, potassium level 5.0, hemoglobin 17.2, packed cell volume 25.0, white blood cell count 62.0, red blood cell count 37.0, hypertension: no, diabetes mellitus: no, coronary artery disease: no, poor appetite, pedal edema: no, anemia: no.",Not CKD
Predict whether the patient has chronic kidney disease (CKD) based on the given clinical description.,"The patient is 46 years old, with blood pressure 60 mmHg, specific gravity 1.02, albumin level 0.0, sugar level 0.0, normal red blood cells, normal pus cells, pus cell clumps: no, bacteria present: no, blood glucose random 102.0, blood urea 27.0, serum creatinine 0.7, sodium level 142.0, potassium level 4.9, hemoglobin 13.2, packed cell volume 29.0, white blood cell count 6.0, red blood cell count 32.0, hypertension: no, diabetes mellitus: no, coronary artery disease: no, poor appetite, pedal edema: no, anemia: no.",Not CKD
Predict whether the patient has chronic kidney disease (CKD) based on the given clinical description.,"The patient is 56 years old, with blood pressure 60 mmHg, specific gravity 1.025, albumin level 0.0, sugar level 0.0, normal red blood cells, normal pus cells, pus cell clumps: no, bacteria present: no, blood glucose random 132.0, blood urea 18.0, serum creatinine 1.1, sodium level 147.0, potassium level 4.7, hemoglobin 13.7, packed cell volume 30.0, white blood cell count 57.0, red blood cell count 34.0, hypertension: no, diabetes mellitus: no, coronary artery disease: no, poor appetite, pedal edema: no, anemia: no.",Not CKD
Predict whether the patient has chronic kidney disease (CKD) based on the given clinical description.,"The patient is 80 years old, with blood pressure 70 mmHg, specific gravity 1.02, albumin level 0.0, sugar level 0.0, normal red blood cells, normal pus cells, pus cell clumps: no, bacteria present: no, blood glucose random 118.0, blood urea 41.0, serum creatinine 1.2, sodium level 135.0, potassium level 4.1, hemoglobin 15.3, packed cell volume 33.0, white blood cell count 45.0, red blood cell count 39.0, hypertension: no, diabetes mellitus: no, coronary artery disease: no, poor appetite, pedal edema: no, anemia: no.",Not CKD
Predict whether the patient has chronic kidney disease (CKD) based on the given clinical description.,"The patient is 55 years old, with blood pressure 80 mmHg, specific gravity 1.02, albumin level 0.0, sugar level 0.0, normal red blood cells, normal pus cells, pus cell clumps: no, bacteria present: no, blood glucose random 104.0, blood urea 28.0, serum creatinine 0.9, sodium level 142.0, potassium level 4.8, hemoglobin 17.3, packed cell volume 37.0, white blood cell count 63.0, red blood cell count 26.0, hypertension: no, diabetes mellitus: no, coronary artery disease: no, poor appetite, pedal edema: no, anemia: no.",Not CKD
Predict whether the patient has chronic kidney disease (CKD) based on the given clinical description.,"The patient is 39 years old, with blood pressure 70 mmHg, specific gravity 1.025, albumin level 0.0, sugar level 0.0, normal red blood cells, normal pus cells, pus cell clumps: no, bacteria present: no, blood glucose random 131.0, blood urea 46.0, serum creatinine 0.6, sodium level 145.0, potassium level 5.0, hemoglobin 15.6, packed cell volume 26.0, white blood cell count 73.0, red blood cell count 25.0, hypertension: no, diabetes mellitus: no, coronary artery disease: no, poor appetite, pedal edema: no, anemia: no.",Not CKD
Predict whether the patient has chronic kidney disease (CKD) based on the given clinical description.,"The patient is 35 years old, with blood pressure 80 mmHg, specific gravity 1.02, albumin level 0.0, sugar level 0.0, normal red blood cells, normal pus cells, pus cell clumps: no, bacteria present: no, blood glucose random 99.0, blood urea 30.0, serum creatinine 0.5, sodium level 135.0, potassium level 4.9, hemoglobin 15.4, packed cell volume 33.0, white blood cell count 34.0, red blood cell count 30.0, hypertension: no, diabetes mellitus: no, coronary artery disease: no, poor appetite, pedal edema: no, anemia: no.",Not CKD
Predict whether the patient has chronic kidney disease (CKD) based on the given clinical description.,"The patient is 58 years old, with blood pressure 70 mmHg, specific gravity 1.02, albumin level 0.0, sugar level 0.0, normal red blood cells, normal pus cells, pus cell clumps: no, bacteria present: no, blood glucose random 102.0, blood urea 48.0, serum creatinine 1.2, sodium level 139.0, potassium level 4.3, hemoglobin 15.0, packed cell volume 25.0, white blood cell count 62.0, red blood cell count 27.0, hypertension: no, diabetes mellitus: no, coronary artery disease: no, poor appetite, pedal edema: no, anemia: no.",Not CKD
Predict whether the patient has chronic kidney disease (CKD) based on the given clinical description.,"The patient is 61 years old, with blood pressure 70 mmHg, specific gravity 1.025, albumin level 0.0, sugar level 0.0, normal red blood cells, normal pus cells, pus cell clumps: no, bacteria present: no, blood glucose random 120.0, blood urea 29.0, serum creatinine 0.7, sodium level 137.0, potassium level 3.5, hemoglobin 17.4, packed cell volume 37.0, white blood cell count 52.0, red blood cell count 31.0, hypertension: no, diabetes mellitus: no, coronary artery disease: no, poor appetite, pedal edema: no, anemia: no.",Not CKD
Predict whether the patient has chronic kidney disease (CKD) based on the given clinical description.,"The patient is 30 years old, with blood pressure 60 mmHg, specific gravity 1.02, albumin level 0.0, sugar level 0.0, normal red blood cells, normal pus cells, pus cell clumps: no, bacteria present: no, blood glucose random 138.0, blood urea 15.0, serum creatinine 1.1, sodium level 135.0, potassium level 4.4, hemoglobin 13.6, packed cell volume 37.0, white blood cell count 77.0, red blood cell count 23.0, hypertension: no, diabetes mellitus: no, coronary artery disease: no, poor appetite, pedal edema: no, anemia: no.",Not CKD
Predict whether the patient has chronic kidney disease (CKD) based on the given clinical description.,"The patient is 57 years old, with blood pressure 60 mmHg, specific gravity 1.02, albumin level 0.0, sugar level 0.0, normal red blood cells, normal pus cells, pus cell clumps: no, bacteria present: no, blood glucose random 105.0, blood urea 49.0, serum creatinine 1.2, sodium level 150.0, potassium level 4.7, hemoglobin 15.7, packed cell volume 29.0, white blood cell count 2.0, red blood cell count 40.0, hypertension: no, diabetes mellitus: no, coronary artery disease: no, poor appetite, pedal edema: no, anemia: no.",Not CKD
Predict whether the patient has chronic kidney disease (CKD) based on the given clinical description.,"The patient is 65 years old, with blood pressure 60 mmHg, specific gravity 1.02, albumin level 0.0, sugar level 0.0, normal red blood cells, normal pus cells, pus cell clumps: no, bacteria present: no, blood glucose random 109.0, blood urea 39.0, serum creatinine 1.0, sodium level 144.0, potassium level 3.5, hemoglobin 13.9, packed cell volume 33.0, white blood cell count 75.0, red blood cell count 26.0, hypertension: no, diabetes mellitus: no, coronary artery disease: no, poor appetite, pedal edema: no, anemia: no.",Not CKD
Predict whether the patient has chronic kidney disease (CKD) based on the given clinical description.,"The patient is 70 years old, with blood pressure 60 mmHg, specific gravity 1.02, albumin level 0.0, sugar level 0.0, normal red blood cells, normal pus cells, pus cell clumps: no, bacteria present: no, blood glucose random 120.0, blood urea 40.0, serum creatinine 0.5, sodium level 140.0, potassium level 4.6, hemoglobin 16.0, packed cell volume 28.0, white blood cell count 32.0, red blood cell count 27.0, hypertension: no, diabetes mellitus: no, coronary artery disease: no, poor appetite, pedal edema: no, anemia: no.",Not CKD
Predict whether the patient has chronic kidney disease (CKD) based on the given clinical description.,"The patient is 43 years old, with blood pressure 80 mmHg, specific gravity 1.025, albumin level 0.0, sugar level 0.0, normal red blood cells, normal pus cells, pus cell clumps: no, bacteria present: no, blood glucose random 130.0, blood urea 30.0, serum creatinine 1.1, sodium level 143.0, potassium level 5.0, hemoglobin 15.9, packed cell volume 30.0, white blood cell count 59.0, red blood cell count 23.0, hypertension: no, diabetes mellitus: no, coronary artery disease: no, poor appetite, pedal edema: no, anemia: no.",Not CKD
Predict whether the patient has chronic kidney disease (CKD) based on the given clinical description.,"The patient is 40 years old, with blood pressure 80 mmHg, specific gravity 1.02, albumin level 0.0, sugar level 0.0, normal red blood cells, normal pus cells, pus cell clumps: no, bacteria present: no, blood glucose random 119.0, blood urea 15.0, serum creatinine 0.7, sodium level 150.0, potassium level 4.9, hemoglobin 13.6, packed cell volume 37.0, white blood cell count 77.0, red blood cell count 23.0, hypertension: no, diabetes mellitus: no, coronary artery disease: no, poor appetite, pedal edema: no, anemia: no.",Not CKD
Predict whether the patient has chronic kidney disease (CKD) based on the given clinical description.,"The patient is 58 years old, with blood pressure 80 mmHg, specific gravity 1.02, albumin level 0.0, sugar level 0.0, normal red blood cells, normal pus cells, pus cell clumps: no, bacteria present: no, blood glucose random 100.0, blood urea 50.0, serum creatinine 1.2, sodium level 140.0, potassium level 3.5, hemoglobin 14.0, packed cell volume 35.0, white blood cell count 49.0, red blood cell count 43.0, hypertension: no, diabetes mellitus: no, coronary artery disease: no, poor appetite, pedal edema: no, anemia: no.",Not CKD
Predict whether the patient has chronic kidney disease (CKD) based on the given clinical description.,"The patient is 47 years old, with blood pressure 60 mmHg, specific gravity 1.02, albumin level 0.0, sugar level 0.0, normal red blood cells, normal pus cells, pus cell clumps: no, bacteria present: no, blood glucose random 109.0, blood urea 25.0, serum creatinine 1.1, sodium level 141.0, potassium level 4.7, hemoglobin 15.8, packed cell volume 26.0, white blood cell count 64.0, red blood cell count 30.0, hypertension: no, diabetes mellitus: no, coronary artery disease: no, poor appetite, pedal edema: no, anemia: no.",Not CKD
Predict whether the patient has chronic kidney disease (CKD) based on the given clinical description.,"The patient is 30 years old, with blood pressure 60 mmHg, specific gravity 1.025, albumin level 0.0, sugar level 0.0, normal red blood cells, normal pus cells, pus cell clumps: no, bacteria present: no, blood glucose random 120.0, blood urea 31.0, serum creatinine 0.8, sodium level 150.0, potassium level 4.6, hemoglobin 13.4, packed cell volume 29.0, white blood cell count 4.0, red blood cell count 36.0, hypertension: no, diabetes mellitus: no, coronary artery disease: no, poor appetite, pedal edema: no, anemia: no.",Not CKD
Predict whether the patient has chronic kidney disease (CKD) based on the given clinical description.,"The patient is 28 years old, with blood pressure 70 mmHg, specific gravity 1.02, albumin level 0.0, sugar level 0.0, normal red blood cells, normal pus cells, pus cell clumps: no, bacteria present: no, blood glucose random 131.0, blood urea 29.0, serum creatinine 0.6, sodium level 145.0, potassium level 4.9, hemoglobin 13.6, packed cell volume 30.0, white blood cell count 67.0, red blood cell count 43.0, hypertension: no, diabetes mellitus: no, coronary artery disease: no, poor appetite, pedal edema: no, anemia: no.",Not CKD
Predict whether the patient has chronic kidney disease (CKD) based on the given clinical description.,"The patient is 33 years old, with blood pressure 60 mmHg, specific gravity 1.025, albumin level 0.0, sugar level 0.0, normal red blood cells, normal pus cells, pus cell clumps: no, bacteria present: no, blood glucose random 80.0, blood urea 25.0, serum creatinine 0.9, sodium level 146.0, potassium level 3.5, hemoglobin 14.1, packed cell volume 33.0, white blood cell count 59.0, red blood cell count 29.0, hypertension: no, diabetes mellitus: no, coronary artery disease: no, poor appetite, pedal edema: no, anemia: no.",Not CKD
Predict whether the patient has chronic kidney disease (CKD) based on the given clinical description.,"The patient is 43 years old, with blood pressure 80 mmHg, specific gravity 1.02, albumin level 0.0, sugar level 0.0, normal red blood cells, normal pus cells, pus cell clumps: no, bacteria present: no, blood glucose random 114.0, blood urea 32.0, serum creatinine 1.1, sodium level 135.0, potassium level 3.9, hemoglobin 13.6, packed cell volume 27.0, white blood cell count 77.0, red blood cell count 23.0, hypertension: no, diabetes mellitus: no, coronary artery disease: no, poor appetite, pedal edema: no, anemia: no.",Not CKD
Predict whether the patient has chronic kidney disease (CKD) based on the given clinical description.,"The patient is 59 years old, with blood pressure 70 mmHg, specific gravity 1.025, albumin level 0.0, sugar level 0.0, normal red blood cells, normal pus cells, pus cell clumps: no, bacteria present: no, blood glucose random 130.0, blood urea 39.0, serum creatinine 0.7, sodium level 147.0, potassium level 4.7, hemoglobin 13.5, packed cell volume 31.0, white blood cell count 49.0, red blood cell count 23.0, hypertension: no, diabetes mellitus: no, coronary artery disease: no, poor appetite, pedal edema: no, anemia: no.",Not CKD
Predict whether the patient has chronic kidney disease (CKD) based on the given clinical description.,"The patient is 34 years old, with blood pressure 70 mmHg, specific gravity 1.025, albumin level 0.0, sugar level 0.0, normal red blood cells, normal pus cells, pus cell clumps: no, bacteria present: no, blood glucose random 118.0, blood urea 33.0, serum creatinine 1.0, sodium level 150.0, potassium level 5.0, hemoglobin 15.3, packed cell volume 29.0, white blood cell count 3.0, red blood cell count 39.0, hypertension: no, diabetes mellitus: no, coronary artery disease: no, poor appetite, pedal edema: no, anemia: no.",Not CKD
Predict whether the patient has chronic kidney disease (CKD) based on the given clinical description.,"The patient is 23 years old, with blood pressure 80 mmHg, specific gravity 1.02, albumin level 0.0, sugar level 0.0, normal red blood cells, normal pus cells, pus cell clumps: no, bacteria present: no, blood glucose random 99.0, blood urea 46.0, serum creatinine 1.2, sodium level 142.0, potassium level 4.0, hemoglobin 17.7, packed cell volume 31.0, white blood cell count 31.0, red blood cell count 33.0, hypertension: no, diabetes mellitus: no, coronary artery disease: no, poor appetite, pedal edema: no, anemia: no.",Not CKD
Predict whether the patient has chronic kidney disease (CKD) based on the given clinical description.,"The patient is 24 years old, with blood pressure 80 mmHg, specific gravity 1.025, albumin level 0.0, sugar level 0.0, normal red blood cells, normal pus cells, pus cell clumps: no, bacteria present: no, blood glucose random 125.0, blood urea 41.0, serum creatinine 1.2, sodium level 136.0, potassium level 3.5, hemoglobin 15.4, packed cell volume 28.0, white blood cell count 40.0, red blood cell count 23.0, hypertension: no, diabetes mellitus: no, coronary artery disease: no, poor appetite, pedal edema: no, anemia: no.",Not CKD
Predict whether the patient has chronic kidney disease (CKD) based on the given clinical description.,"The patient is 60 years old, with blood pressure 60 mmHg, specific gravity 1.02, albumin level 0.0, sugar level 0.0, normal red blood cells, normal pus cells, pus cell clumps: no, bacteria present: no, blood glucose random 134.0, blood urea 45.0, serum creatinine 0.5, sodium level 139.0, potassium level 4.8, hemoglobin 14.2, packed cell volume 33.0, white blood cell count 4.0, red blood cell count 34.0, hypertension: no, diabetes mellitus: no, coronary artery disease: no, poor appetite, pedal edema: no, anemia: no.",Not CKD
Predict whether the patient has chronic kidney disease (CKD) based on the given clinical description.,"The patient is 44 years old, with blood pressure 70 mmHg, specific gravity 1.025, albumin level 0.0, sugar level 0.0, normal red blood cells, normal pus cells, pus cell clumps: no, bacteria present: no, blood glucose random 92.0, blood urea 40.0, serum creatinine 0.9, sodium level 141.0, potassium level 4.9, hemoglobin 14.0, packed cell volume 37.0, white blood cell count 57.0, red blood cell count 40.0, hypertension: no, diabetes mellitus: no, coronary artery disease: no, poor appetite, pedal edema: no, anemia: no.",Not CKD
Predict whether the patient has chronic kidney disease (CKD) based on the given clinical description.,"The patient is 62 years old, with blood pressure 80 mmHg, specific gravity 1.02, albumin level 0.0, sugar level 0.0, normal red blood cells, normal pus cells, pus cell clumps: no, bacteria present: no, blood glucose random 132.0, blood urea 34.0, serum creatinine 0.8, sodium level 147.0, potassium level 3.5, hemoglobin 17.8, packed cell volume 29.0, white blood cell count 33.0, red blood cell count 23.0, hypertension: no, diabetes mellitus: no, coronary artery disease: no, poor appetite, pedal edema: no, anemia: no.",Not CKD
Predict whether the patient has chronic kidney disease (CKD) based on the given clinical description.,"The patient is 25 years old, with blood pressure 70 mmHg, specific gravity 1.02, albumin level 0.0, sugar level 0.0, normal red blood cells, normal pus cells, pus cell clumps: no, bacteria present: no, blood glucose random 88.0, blood urea 42.0, serum creatinine 0.5, sodium level 136.0, potassium level 3.5, hemoglobin 13.3, packed cell volume 33.0, white blood cell count 52.0, red blood cell count 27.0, hypertension: no, diabetes mellitus: no, coronary artery disease: no, poor appetite, pedal edema: no, anemia: no.",Not CKD
Predict whether the patient has chronic kidney disease (CKD) based on the given clinical description.,"The patient is 32 years old, with blood pressure 70 mmHg, specific gravity 1.025, albumin level 0.0, sugar level 0.0, normal red blood cells, normal pus cells, pus cell clumps: no, bacteria present: no, blood glucose random 100.0, blood urea 29.0, serum creatinine 1.1, sodium level 142.0, potassium level 4.5, hemoglobin 14.3, packed cell volume 28.0, white blood cell count 49.0, red blood cell count 37.0, hypertension: no, diabetes mellitus: no, coronary artery disease: no, poor appetite, pedal edema: no, anemia: no.",Not CKD
Predict whether the patient has chronic kidney disease (CKD) based on the given clinical description.,"The patient is 63 years old, with blood pressure 70 mmHg, specific gravity 1.025, albumin level 0.0, sugar level 0.0, normal red blood cells, normal pus cells, pus cell clumps: no, bacteria present: no, blood glucose random 130.0, blood urea 37.0, serum creatinine 0.9, sodium level 150.0, potassium level 5.0, hemoglobin 13.4, packed cell volume 26.0, white blood cell count 55.0, red blood cell count 25.0, hypertension: no, diabetes mellitus: no, coronary artery disease: no, poor appetite, pedal edema: no, anemia: no.",Not CKD
Predict whether the patient has chronic kidney disease (CKD) based on the given clinical description.,"The patient is 44 years old, with blood pressure 60 mmHg, specific gravity 1.02, albumin level 0.0, sugar level 0.0, normal red blood cells, normal pus cells, pus cell clumps: no, bacteria present: no, blood glucose random 95.0, blood urea 46.0, serum creatinine 0.5, sodium level 138.0, potassium level 4.2, hemoglobin 15.0, packed cell volume 35.0, white blood cell count 58.0, red blood cell count 41.0, hypertension: no, diabetes mellitus: no, coronary artery disease: no, poor appetite, pedal edema: no, anemia: no.",Not CKD
Predict whether the patient has chronic kidney disease (CKD) based on the given clinical description.,"The patient is 37 years old, with blood pressure 60 mmHg, specific gravity 1.025, albumin level 0.0, sugar level 0.0, normal red blood cells, normal pus cells, pus cell clumps: no, bacteria present: no, blood glucose random 111.0, blood urea 35.0, serum creatinine 0.8, sodium level 135.0, potassium level 4.1, hemoglobin 16.2, packed cell volume 35.0, white blood cell count 39.0, red blood cell count 35.0, hypertension: no, diabetes mellitus: no, coronary artery disease: no, poor appetite, pedal edema: no, anemia: no.",Not CKD
Predict whether the patient has chronic kidney disease (CKD) based on the given clinical description.,"The patient is 64 years old, with blood pressure 60 mmHg, specific gravity 1.02, albumin level 0.0, sugar level 0.0, normal red blood cells, normal pus cells, pus cell clumps: no, bacteria present: no, blood glucose random 106.0, blood urea 27.0, serum creatinine 0.7, sodium level 150.0, potassium level 3.3, hemoglobin 14.4, packed cell volume 27.0, white blood cell count 62.0, red blood cell count 25.0, hypertension: no, diabetes mellitus: no, coronary artery disease: no, poor appetite, pedal edema: no, anemia: no.",Not CKD
Predict whether the patient has chronic kidney disease (CKD) based on the given clinical description.,"The patient is 22 years old, with blood pressure 60 mmHg, specific gravity 1.025, albumin level 0.0, sugar level 0.0, normal red blood cells, normal pus cells, pus cell clumps: no, bacteria present: no, blood glucose random 97.0, blood urea 18.0, serum creatinine 1.2, sodium level 138.0, potassium level 4.3, hemoglobin 13.5, packed cell volume 27.0, white blood cell count 60.0, red blood cell count 42.0, hypertension: no, diabetes mellitus: no, coronary artery disease: no, poor appetite, pedal edema: no, anemia: no.",Not CKD
Predict whether the patient has chronic kidney disease (CKD) based on the given clinical description.,"The patient is 33 years old, with blood pressure 60 mmHg, specific gravity 1.02, albumin level 0.0, sugar level 0.0, normal red blood cells, normal pus cells, pus cell clumps: no, bacteria present: no, blood glucose random 130.0, blood urea 41.0, serum creatinine 0.9, sodium level 141.0, potassium level 4.4, hemoglobin 15.5, packed cell volume 37.0, white blood cell count 31.0, red blood cell count 36.0, hypertension: no, diabetes mellitus: no, coronary artery disease: no, poor appetite, pedal edema: no, anemia: no.",Not CKD
Predict whether the patient has chronic kidney disease (CKD) based on the given clinical description.,"The patient is 43 years old, with blood pressure 60 mmHg, specific gravity 1.025, albumin level 0.0, sugar level 0.0, normal red blood cells, normal pus cells, pus cell clumps: no, bacteria present: no, blood glucose random 108.0, blood urea 25.0, serum creatinine 1.0, sodium level 144.0, potassium level 5.0, hemoglobin 17.8, packed cell volume 28.0, white blood cell count 54.0, red blood cell count 33.0, hypertension: no, diabetes mellitus: no, coronary artery disease: no, poor appetite, pedal edema: no, anemia: no.",Not CKD
Predict whether the patient has chronic kidney disease (CKD) based on the given clinical description.,"The patient is 38 years old, with blood pressure 80 mmHg, specific gravity 1.02, albumin level 0.0, sugar level 0.0, normal red blood cells, normal pus cells, pus cell clumps: no, bacteria present: no, blood glucose random 99.0, blood urea 19.0, serum creatinine 0.5, sodium level 147.0, potassium level 3.5, hemoglobin 13.6, packed cell volume 29.0, white blood cell count 55.0, red blood cell count 42.0, hypertension: no, diabetes mellitus: no, coronary artery disease: no, poor appetite, pedal edema: no, anemia: no.",Not CKD
Predict whether the patient has chronic kidney disease (CKD) based on the given clinical description.,"The patient is 35 years old, with blood pressure 70 mmHg, specific gravity 1.025, albumin level 0.0, sugar level 0.0, normal red blood cells, normal pus cells, pus cell clumps: no, bacteria present: no, blood glucose random 82.0, blood urea 36.0, serum creatinine 1.1, sodium level 150.0, potassium level 3.5, hemoglobin 14.5, packed cell volume 37.0, white blood cell count 73.0, red blood cell count 39.0, hypertension: no, diabetes mellitus: no, coronary artery disease: no, poor appetite, pedal edema: no, anemia: no.",Not CKD
Predict whether the patient has chronic kidney disease (CKD) based on the given clinical description.,"The patient is 65 years old, with blood pressure 70 mmHg, specific gravity 1.025, albumin level 0.0, sugar level 0.0, normal red blood cells, normal pus cells, pus cell clumps: no, bacteria present: no, blood glucose random 85.0, blood urea 20.0, serum creatinine 1.0, sodium level 142.0, potassium level 4.8, hemoglobin 16.1, packed cell volume 28.0, white blood cell count 75.0, red blood cell count 23.0, hypertension: no, diabetes mellitus: no, coronary artery disease: no, poor appetite, pedal edema: no, anemia: no.",Not CKD
Predict whether the patient has chronic kidney disease (CKD) based on the given clinical description.,"The patient is 29 years old, with blood pressure 80 mmHg, specific gravity 1.02, albumin level 0.0, sugar level 0.0, normal red blood cells, normal pus cells, pus cell clumps: no, bacteria present: no, blood glucose random 83.0, blood urea 49.0, serum creatinine 0.9, sodium level 139.0, potassium level 3.3, hemoglobin 17.5, packed cell volume 25.0, white blood cell count 78.0, red blood cell count 25.0, hypertension: no, diabetes mellitus: no, coronary artery disease: no, poor appetite, pedal edema: no, anemia: no.",Not CKD
Predict whether the patient has chronic kidney disease (CKD) based on the given clinical description.,"The patient is 37 years old, with blood pressure 60 mmHg, specific gravity 1.02, albumin level 0.0, sugar level 0.0, normal red blood cells, normal pus cells, pus cell clumps: no, bacteria present: no, blood glucose random 109.0, blood urea 47.0, serum creatinine 1.1, sodium level 141.0, potassium level 4.9, hemoglobin 15.0, packed cell volume 33.0, white blood cell count 52.0, red blood cell count 30.0, hypertension: no, diabetes mellitus: no, coronary artery disease: no, poor appetite, pedal edema: no, anemia: no.",Not CKD
Predict whether the patient has chronic kidney disease (CKD) based on the given clinical description.,"The patient is 39 years old, with blood pressure 60 mmHg, specific gravity 1.02, albumin level 0.0, sugar level 0.0, normal red blood cells, normal pus cells, pus cell clumps: no, bacteria present: no, blood glucose random 86.0, blood urea 37.0, serum creatinine 0.6, sodium level 150.0, potassium level 5.0, hemoglobin 13.6, packed cell volume 36.0, white blood cell count 42.0, red blood cell count 23.0, hypertension: no, diabetes mellitus: no, coronary artery disease: no, poor appetite, pedal edema: no, anemia: no.",Not CKD
Predict whether the patient has chronic kidney disease (CKD) based on the given clinical description.,"The patient is 32 years old, with blood pressure 60 mmHg, specific gravity 1.025, albumin level 0.0, sugar level 0.0, normal red blood cells, normal pus cells, pus cell clumps: no, bacteria present: no, blood glucose random 102.0, blood urea 17.0, serum creatinine 0.4, sodium level 147.0, potassium level 4.7, hemoglobin 14.6, packed cell volume 26.0, white blood cell count 50.0, red blood cell count 29.0, hypertension: no, diabetes mellitus: no, coronary artery disease: no, poor appetite, pedal edema: no, anemia: no.",Not CKD
Predict whether the patient has chronic kidney disease (CKD) based on the given clinical description.,"The patient is 23 years old, with blood pressure 60 mmHg, specific gravity 1.02, albumin level 0.0, sugar level 0.0, normal red blood cells, normal pus cells, pus cell clumps: no, bacteria present: no, blood glucose random 95.0, blood urea 24.0, serum creatinine 0.8, sodium level 145.0, potassium level 5.0, hemoglobin 15.0, packed cell volume 37.0, white blood cell count 45.0, red blood cell count 24.0, hypertension: no, diabetes mellitus: no, coronary artery disease: no, poor appetite, pedal edema: no, anemia: no.",Not CKD
Predict whether the patient has chronic kidney disease (CKD) based on the given clinical description.,"The patient is 34 years old, with blood pressure 70 mmHg, specific gravity 1.025, albumin level 0.0, sugar level 0.0, normal red blood cells, normal pus cells, pus cell clumps: no, bacteria present: no, blood glucose random 87.0, blood urea 38.0, serum creatinine 0.5, sodium level 144.0, potassium level 4.8, hemoglobin 17.1, packed cell volume 32.0, white blood cell count 56.0, red blood cell count 39.0, hypertension: no, diabetes mellitus: no, coronary artery disease: no, poor appetite, pedal edema: no, anemia: no.",Not CKD
Predict whether the patient has chronic kidney disease (CKD) based on the given clinical description.,"The patient is 66 years old, with blood pressure 70 mmHg, specific gravity 1.025, albumin level 0.0, sugar level 0.0, normal red blood cells, normal pus cells, pus cell clumps: no, bacteria present: no, blood glucose random 107.0, blood urea 16.0, serum creatinine 1.1, sodium level 140.0, potassium level 3.6, hemoglobin 13.6, packed cell volume 27.0, white blood cell count 6.0, red blood cell count 27.0, hypertension: no, diabetes mellitus: no, coronary artery disease: no, poor appetite, pedal edema: no, anemia: no.",Not CKD
Predict whether the patient has chronic kidney disease (CKD) based on the given clinical description.,"The patient is 47 years old, with blood pressure 60 mmHg, specific gravity 1.02, albumin level 0.0, sugar level 0.0, normal red blood cells, normal pus cells, pus cell clumps: no, bacteria present: no, blood glucose random 117.0, blood urea 22.0, serum creatinine 1.2, sodium level 138.0, potassium level 3.5, hemoglobin 13.0, packed cell volume 30.0, white blood cell count 36.0, red blood cell count 34.0, hypertension: no, diabetes mellitus: no, coronary artery disease: no, poor appetite, pedal edema: no, anemia: no.",Not CKD
Predict whether the patient has chronic kidney disease (CKD) based on the given clinical description.,"The patient is 74 years old, with blood pressure 60 mmHg, specific gravity 1.02, albumin level 0.0, sugar level 0.0, normal red blood cells, normal pus cells, pus cell clumps: no, bacteria present: no, blood glucose random 88.0, blood urea 50.0, serum creatinine 0.6, sodium level 147.0, potassium level 3.7, hemoglobin 17.2, packed cell volume 38.0, white blood cell count 43.0, red blood cell count 23.0, hypertension: no, diabetes mellitus: no, coronary artery disease: no, poor appetite, pedal edema: no, anemia: no.",Not CKD
Predict whether the patient has chronic kidney disease (CKD) based on the given clinical description.,"The patient is 35 years old, with blood pressure 60 mmHg, specific gravity 1.025, albumin level 0.0, sugar level 0.0, normal red blood cells, normal pus cells, pus cell clumps: no, bacteria present: no, blood glucose random 105.0, blood urea 39.0, serum creatinine 0.5, sodium level 135.0, potassium level 3.9, hemoglobin 14.7, packed cell volume 28.0, white blood cell count 42.0, red blood cell count 40.0, hypertension: no, diabetes mellitus: no, coronary artery disease: no, poor appetite, pedal edema: no, anemia: no.",Not CKD
Predict whether the patient has chronic kidney disease (CKD) based on the given clinical description.,"The patient is 29 years old, with blood pressure 80 mmHg, specific gravity 1.02, albumin level 0.0, sugar level 0.0, normal red blood cells, normal pus cells, pus cell clumps: no, bacteria present: no, blood glucose random 70.0, blood urea 16.0, serum creatinine 0.7, sodium level 138.0, potassium level 3.5, hemoglobin 13.7, packed cell volume 39.0, white blood cell count 38.0, red blood cell count 36.0, hypertension: no, diabetes mellitus: no, coronary artery disease: no, poor appetite, pedal edema: no, anemia: no.",Not CKD
Predict whether the patient has chronic kidney disease (CKD) based on the given clinical description.,"The patient is 33 years old, with blood pressure 80 mmHg, specific gravity 1.025, albumin level 0.0, sugar level 0.0, normal red blood cells, normal pus cells, pus cell clumps: no, bacteria present: no, blood glucose random 89.0, blood urea 19.0, serum creatinine 1.1, sodium level 144.0, potassium level 5.0, hemoglobin 15.0, packed cell volume 25.0, white blood cell count 1.0, red blood cell count 26.0, hypertension: no, diabetes mellitus: no, coronary artery disease: no, poor appetite, pedal edema: no, anemia: no.",Not CKD
Predict whether the patient has chronic kidney disease (CKD) based on the given clinical description.,"The patient is 73 years old, with blood pressure 80 mmHg, specific gravity 1.025, albumin level 0.0, sugar level 0.0, normal red blood cells, normal pus cells, pus cell clumps: no, bacteria present: no, blood glucose random 118.0, blood urea 44.0, serum creatinine 0.7, sodium level 137.0, potassium level 3.5, hemoglobin 14.8, packed cell volume 30.0, white blood cell count 72.0, red blood cell count 25.0, hypertension: no, diabetes mellitus: no, coronary artery disease: no, poor appetite, pedal edema: no, anemia: no.",Not CKD
Predict whether the patient has chronic kidney disease (CKD) based on the given clinical description.,"The patient is 24 years old, with blood pressure 80 mmHg, specific gravity 1.02, albumin level 0.0, sugar level 0.0, normal red blood cells, normal pus cells, pus cell clumps: no, bacteria present: no, blood glucose random 93.0, blood urea 46.0, serum creatinine 1.0, sodium level 145.0, potassium level 3.5, hemoglobin 13.6, packed cell volume 37.0, white blood cell count 4.0, red blood cell count 41.0, hypertension: no, diabetes mellitus: no, coronary artery disease: no, poor appetite, pedal edema: no, anemia: no.",Not CKD
Predict whether the patient has chronic kidney disease (CKD) based on the given clinical description.,"The patient is 60 years old, with blood pressure 80 mmHg, specific gravity 1.025, albumin level 0.0, sugar level 0.0, normal red blood cells, normal pus cells, pus cell clumps: no, bacteria present: no, blood glucose random 81.0, blood urea 15.0, serum creatinine 0.5, sodium level 141.0, potassium level 3.6, hemoglobin 15.0, packed cell volume 31.0, white blood cell count 3.0, red blood cell count 31.0, hypertension: no, diabetes mellitus: no, coronary artery disease: no, poor appetite, pedal edema: no, anemia: no.",Not CKD
Predict whether the patient has chronic kidney disease (CKD) based on the given clinical description.,"The patient is 68 years old, with blood pressure 60 mmHg, specific gravity 1.025, albumin level 0.0, sugar level 0.0, normal red blood cells, normal pus cells, pus cell clumps: no, bacteria present: no, blood glucose random 125.0, blood urea 41.0, serum creatinine 1.1, sodium level 139.0, potassium level 3.8, hemoglobin 17.4, packed cell volume 35.0, white blood cell count 49.0, red blood cell count 39.0, hypertension: no, diabetes mellitus: no, coronary artery disease: no, poor appetite, pedal edema: no, anemia: no.",Not CKD
Predict whether the patient has chronic kidney disease (CKD) based on the given clinical description.,"The patient is 30 years old, with blood pressure 80 mmHg, specific gravity 1.025, albumin level 0.0, sugar level 0.0, normal red blood cells, normal pus cells, pus cell clumps: no, bacteria present: no, blood glucose random 82.0, blood urea 42.0, serum creatinine 0.7, sodium level 146.0, potassium level 5.0, hemoglobin 14.9, packed cell volume 30.0, white blood cell count 73.0, red blood cell count 37.0, hypertension: no, diabetes mellitus: no, coronary artery disease: no, poor appetite, pedal edema: no, anemia: no.",Not CKD
Predict whether the patient has chronic kidney disease (CKD) based on the given clinical description.,"The patient is 75 years old, with blood pressure 70 mmHg, specific gravity 1.02, albumin level 0.0, sugar level 0.0, normal red blood cells, normal pus cells, pus cell clumps: no, bacteria present: no, blood glucose random 107.0, blood urea 48.0, serum creatinine 0.8, sodium level 144.0, potassium level 3.5, hemoglobin 13.6, packed cell volume 31.0, white blood cell count 1.0, red blood cell count 26.0, hypertension: no, diabetes mellitus: no, coronary artery disease: no, poor appetite, pedal edema: no, anemia: no.",Not CKD
Predict whether the patient has chronic kidney disease (CKD) based on the given clinical description.,"The patient is 69 years old, with blood pressure 70 mmHg, specific gravity 1.02, albumin level 0.0, sugar level 0.0, normal red blood cells, normal pus cells, pus cell clumps: no, bacteria present: no, blood glucose random 83.0, blood urea 42.0, serum creatinine 1.2, sodium level 139.0, potassium level 3.7, hemoglobin 16.2, packed cell volume 35.0, white blood cell count 72.0, red blood cell count 32.0, hypertension: no, diabetes mellitus: no, coronary artery disease: no, poor appetite, pedal edema: no, anemia: no.",Not CKD
Predict whether the patient has chronic kidney disease (CKD) based on the given clinical description.,"The patient is 28 years old, with blood pressure 60 mmHg, specific gravity 1.025, albumin level 0.0, sugar level 0.0, normal red blood cells, normal pus cells, pus cell clumps: no, bacteria present: no, blood glucose random 79.0, blood urea 50.0, serum creatinine 0.5, sodium level 145.0, potassium level 5.0, hemoglobin 17.6, packed cell volume 36.0, white blood cell count 47.0, red blood cell count 28.0, hypertension: no, diabetes mellitus: no, coronary artery disease: no, poor appetite, pedal edema: no, anemia: no.",Not CKD
Predict whether the patient has chronic kidney disease (CKD) based on the given clinical description.,"The patient is 72 years old, with blood pressure 60 mmHg, specific gravity 1.02, albumin level 0.0, sugar level 0.0, normal red blood cells, normal pus cells, pus cell clumps: no, bacteria present: no, blood glucose random 109.0, blood urea 26.0, serum creatinine 0.9, sodium level 150.0, potassium level 4.9, hemoglobin 15.0, packed cell volume 37.0, white blood cell count 3.0, red blood cell count 33.0, hypertension: no, diabetes mellitus: no, coronary artery disease: no, poor appetite, pedal edema: no, anemia: no.",Not CKD
Predict whether the patient has chronic kidney disease (CKD) based on the given clinical description.,"The patient is 61 years old, with blood pressure 70 mmHg, specific gravity 1.025, albumin level 0.0, sugar level 0.0, normal red blood cells, normal pus cells, pus cell clumps: no, bacteria present: no, blood glucose random 133.0, blood urea 38.0, serum creatinine 1.0, sodium level 142.0, potassium level 3.6, hemoglobin 13.7, packed cell volume 32.0, white blood cell count 71.0, red blood cell count 27.0, hypertension: no, diabetes mellitus: no, coronary artery disease: no, poor appetite, pedal edema: no, anemia: no.",Not CKD
Predict whether the patient has chronic kidney disease (CKD) based on the given clinical description.,"The patient is 79 years old, with blood pressure 80 mmHg, specific gravity 1.025, albumin level 0.0, sugar level 0.0, normal red blood cells, normal pus cells, pus cell clumps: no, bacteria present: no, blood glucose random 111.0, blood urea 44.0, serum creatinine 1.2, sodium level 146.0, potassium level 3.6, hemoglobin 16.3, packed cell volume 25.0, white blood cell count 61.0, red blood cell count 42.0, hypertension: no, diabetes mellitus: no, coronary artery disease: no, poor appetite, pedal edema: no, anemia: no.",Not CKD
Predict whether the patient has chronic kidney disease (CKD) based on the given clinical description.,"The patient is 70 years old, with blood pressure 80 mmHg, specific gravity 1.02, albumin level 0.0, sugar level 0.0, normal red blood cells, normal pus cells, pus cell clumps: no, bacteria present: no, blood glucose random 74.0, blood urea 41.0, serum creatinine 0.5, sodium level 143.0, potassium level 4.5, hemoglobin 15.1, packed cell volume 33.0, white blood cell count 76.0, red blood cell count 34.0, hypertension: no, diabetes mellitus: no, coronary artery disease: no, poor appetite, pedal edema: no, anemia: no.",Not CKD
Predict whether the patient has chronic kidney disease (CKD) based on the given clinical description.,"The patient is 58 years old, with blood pressure 70 mmHg, specific gravity 1.025, albumin level 0.0, sugar level 0.0, normal red blood cells, normal pus cells, pus cell clumps: no, bacteria present: no, blood glucose random 88.0, blood urea 16.0, serum creatinine 1.1, sodium level 147.0, potassium level 3.5, hemoglobin 16.4, packed cell volume 38.0, white blood cell count 70.0, red blood cell count 30.0, hypertension: no, diabetes mellitus: no, coronary artery disease: no, poor appetite, pedal edema: no, anemia: no.",Not CKD
Predict whether the patient has chronic kidney disease (CKD) based on the given clinical description.,"The patient is 64 years old, with blood pressure 70 mmHg, specific gravity 1.02, albumin level 0.0, sugar level 0.0, normal red blood cells, normal pus cells, pus cell clumps: no, bacteria present: no, blood glucose random 97.0, blood urea 27.0, serum creatinine 0.7, sodium level 145.0, potassium level 4.8, hemoglobin 13.8, packed cell volume 34.0, white blood cell count 46.0, red blood cell count 26.0, hypertension: no, diabetes mellitus: no, coronary artery disease: no, poor appetite, pedal edema: no, anemia: no.",Not CKD
Predict whether the patient has chronic kidney disease (CKD) based on the given clinical description.,"The patient is 71 years old, with blood pressure 60 mmHg, specific gravity 1.025, albumin level 0.0, sugar level 0.0, normal red blood cells, normal pus cells, pus cell clumps: no, bacteria present: no, blood glucose random 118.0, blood urea 41.0, serum creatinine 0.9, sodium level 140.0, potassium level 4.8, hemoglobin 15.2, packed cell volume 27.0, white blood cell count 58.0, red blood cell count 33.0, hypertension: no, diabetes mellitus: no, coronary artery disease: no, poor appetite, pedal edema: no, anemia: no.",Not CKD
Predict whether the patient has chronic kidney disease (CKD) based on the given clinical description.,"The patient is 62 years old, with blood pressure 80 mmHg, specific gravity 1.025, albumin level 0.0, sugar level 0.0, normal red blood cells, normal pus cells, pus cell clumps: no, bacteria present: no, blood glucose random 78.0, blood urea 45.0, serum creatinine 0.6, sodium level 138.0, potassium level 3.5, hemoglobin 16.1, packed cell volume 35.0, white blood cell count 38.0, red blood cell count 35.0, hypertension: no, diabetes mellitus: no, coronary artery disease: no, poor appetite, pedal edema: no, anemia: no.",Not CKD
Predict whether the patient has chronic kidney disease (CKD) based on the given clinical description.,"The patient is 59 years old, with blood pressure 60 mmHg, specific gravity 1.02, albumin level 0.0, sugar level 0.0, normal red blood cells, normal pus cells, pus cell clumps: no, bacteria present: no, blood glucose random 113.0, blood urea 23.0, serum creatinine 1.1, sodium level 139.0, potassium level 3.5, hemoglobin 15.3, packed cell volume 39.0, white blood cell count 47.0, red blood cell count 27.0, hypertension: no, diabetes mellitus: no, coronary artery disease: no, poor appetite, pedal edema: no, anemia: no.",Not CKD
Predict whether the patient has chronic kidney disease (CKD) based on the given clinical description.,"The patient is 71 years old, with blood pressure 70 mmHg, specific gravity 1.025, albumin level 0.0, sugar level 0.0, normal red blood cells, normal pus cells, pus cell clumps: no, bacteria present: no, blood glucose random 79.0, blood urea 47.0, serum creatinine 0.5, sodium level 142.0, potassium level 4.8, hemoglobin 16.6, packed cell volume 25.0, white blood cell count 42.0, red blood cell count 37.0, hypertension: no, diabetes mellitus: no, coronary artery disease: no, poor appetite, pedal edema: no, anemia: no.",Not CKD
Predict whether the patient has chronic kidney disease (CKD) based on the given clinical description.,"The patient is 48 years old, with blood pressure 80 mmHg, specific gravity 1.025, albumin level 0.0, sugar level 0.0, normal red blood cells, normal pus cells, pus cell clumps: no, bacteria present: no, blood glucose random 75.0, blood urea 22.0, serum creatinine 0.8, sodium level 137.0, potassium level 5.0, hemoglobin 16.8, packed cell volume 36.0, white blood cell count 43.0, red blood cell count 43.0, hypertension: no, diabetes mellitus: no, coronary artery disease: no, poor appetite, pedal edema: no, anemia: no.",Not CKD
Predict whether the patient has chronic kidney disease (CKD) based on the given clinical description.,"The patient is 80 years old, with blood pressure 80 mmHg, specific gravity 1.025, albumin level 0.0, sugar level 0.0, normal red blood cells, normal pus cells, pus cell clumps: no, bacteria present: no, blood glucose random 119.0, blood urea 46.0, serum creatinine 0.7, sodium level 141.0, potassium level 4.9, hemoglobin 13.9, packed cell volume 34.0, white blood cell count 35.0, red blood cell count 28.0, hypertension: no, diabetes mellitus: no, coronary artery disease: no, poor appetite, pedal edema: no, anemia: no.",Not CKD
Predict whether the patient has chronic kidney disease (CKD) based on the given clinical description.,"The patient is 57 years old, with blood pressure 60 mmHg, specific gravity 1.02, albumin level 0.0, sugar level 0.0, normal red blood cells, normal pus cells, pus cell clumps: no, bacteria present: no, blood glucose random 132.0, blood urea 18.0, serum creatinine 1.1, sodium level 150.0, potassium level 4.7, hemoglobin 15.4, packed cell volume 27.0, white blood cell count 6.0, red blood cell count 23.0, hypertension: no, diabetes mellitus: no, coronary artery disease: no, poor appetite, pedal edema: no, anemia: no.",Not CKD
Predict whether the patient has chronic kidney disease (CKD) based on the given clinical description.,"The patient is 63 years old, with blood pressure 70 mmHg, specific gravity 1.02, albumin level 0.0, sugar level 0.0, normal red blood cells, normal pus cells, pus cell clumps: no, bacteria present: no, blood glucose random 113.0, blood urea 25.0, serum creatinine 0.6, sodium level 146.0, potassium level 4.9, hemoglobin 16.5, packed cell volume 37.0, white blood cell count 61.0, red blood cell count 29.0, hypertension: no, diabetes mellitus: no, coronary artery disease: no, poor appetite, pedal edema: no, anemia: no.",Not CKD
Predict whether the patient has chronic kidney disease (CKD) based on the given clinical description.,"The patient is 46 years old, with blood pressure 70 mmHg, specific gravity 1.025, albumin level 0.0, sugar level 0.0, normal red blood cells, normal pus cells, pus cell clumps: no, bacteria present: no, blood glucose random 100.0, blood urea 47.0, serum creatinine 0.5, sodium level 142.0, potassium level 3.5, hemoglobin 16.4, packed cell volume 28.0, white blood cell count 41.0, red blood cell count 43.0, hypertension: no, diabetes mellitus: no, coronary artery disease: no, poor appetite, pedal edema: no, anemia: no.",Not CKD
Predict whether the patient has chronic kidney disease (CKD) based on the given clinical description.,"The patient is 15 years old, with blood pressure 80 mmHg, specific gravity 1.025, albumin level 0.0, sugar level 0.0, normal red blood cells, normal pus cells, pus cell clumps: no, bacteria present: no, blood glucose random 93.0, blood urea 17.0, serum creatinine 0.9, sodium level 136.0, potassium level 3.9, hemoglobin 16.7, packed cell volume 35.0, white blood cell count 44.0, red blood cell count 30.0, hypertension: no, diabetes mellitus: no, coronary artery disease: no, poor appetite, pedal edema: no, anemia: no.",Not CKD
Predict whether the patient has chronic kidney disease (CKD) based on the given clinical description.,"The patient is 51 years old, with blood pressure 80 mmHg, specific gravity 1.02, albumin level 0.0, sugar level 0.0, normal red blood cells, normal pus cells, pus cell clumps: no, bacteria present: no, blood glucose random 94.0, blood urea 15.0, serum creatinine 1.2, sodium level 144.0, potassium level 3.7, hemoglobin 15.5, packed cell volume 31.0, white blood cell count 74.0, red blood cell count 42.0, hypertension: no, diabetes mellitus: no, coronary artery disease: no, poor appetite, pedal edema: no, anemia: no.",Not CKD
Predict whether the patient has chronic kidney disease (CKD) based on the given clinical description.,"The patient is 41 years old, with blood pressure 80 mmHg, specific gravity 1.025, albumin level 0.0, sugar level 0.0, normal red blood cells, normal pus cells, pus cell clumps: no, bacteria present: no, blood glucose random 112.0, blood urea 48.0, serum creatinine 0.7, sodium level 140.0, potassium level 5.0, hemoglobin 17.0, packed cell volume 37.0, white blood cell count 54.0, red blood cell count 36.0, hypertension: no, diabetes mellitus: no, coronary artery disease: no, poor appetite, pedal edema: no, anemia: no.",Not CKD
Predict whether the patient has chronic kidney disease (CKD) based on the given clinical description.,"The patient is 52 years old, with blood pressure 80 mmHg, specific gravity 1.025, albumin level 0.0, sugar level 0.0, normal red blood cells, normal pus cells, pus cell clumps: no, bacteria present: no, blood glucose random 99.0, blood urea 25.0, serum creatinine 0.8, sodium level 135.0, potassium level 3.7, hemoglobin 15.0, packed cell volume 37.0, white blood cell count 45.0, red blood cell count 31.0, hypertension: no, diabetes mellitus: no, coronary artery disease: no, poor appetite, pedal edema: no, anemia: no.",Not CKD
Predict whether the patient has chronic kidney disease (CKD) based on the given clinical description.,"The patient is 36 years old, with blood pressure 80 mmHg, specific gravity 1.025, albumin level 0.0, sugar level 0.0, normal red blood cells, normal pus cells, pus cell clumps: no, bacteria present: no, blood glucose random 85.0, blood urea 16.0, serum creatinine 1.1, sodium level 142.0, potassium level 4.1, hemoglobin 15.6, packed cell volume 29.0, white blood cell count 42.0, red blood cell count 41.0, hypertension: no, diabetes mellitus: no, coronary artery disease: no, poor appetite, pedal edema: no, anemia: no.",Not CKD
Predict whether the patient has chronic kidney disease (CKD) based on the given clinical description.,"The patient is 57 years old, with blood pressure 80 mmHg, specific gravity 1.02, albumin level 0.0, sugar level 0.0, normal red blood cells, normal pus cells, pus cell clumps: no, bacteria present: no, blood glucose random 133.0, blood urea 48.0, serum creatinine 1.2, sodium level 147.0, potassium level 4.3, hemoglobin 14.8, packed cell volume 31.0, white blood cell count 48.0, red blood cell count 33.0, hypertension: no, diabetes mellitus: no, coronary artery disease: no, poor appetite, pedal edema: no, anemia: no.",Not CKD
Predict whether the patient has chronic kidney disease (CKD) based on the given clinical description.,"The patient is 43 years old, with blood pressure 60 mmHg, specific gravity 1.025, albumin level 0.0, sugar level 0.0, normal red blood cells, normal pus cells, pus cell clumps: no, bacteria present: no, blood glucose random 117.0, blood urea 45.0, serum creatinine 0.7, sodium level 141.0, potassium level 4.4, hemoglobin 13.0, packed cell volume 39.0, white blood cell count 56.0, red blood cell count 32.0, hypertension: no, diabetes mellitus: no, coronary artery disease: no, poor appetite, pedal edema: no, anemia: no.",Not CKD
Predict whether the patient has chronic kidney disease (CKD) based on the given clinical description.,"The patient is 50 years old, with blood pressure 80 mmHg, specific gravity 1.02, albumin level 0.0, sugar level 0.0, normal red blood cells, normal pus cells, pus cell clumps: no, bacteria present: no, blood glucose random 137.0, blood urea 46.0, serum creatinine 0.8, sodium level 139.0, potassium level 5.0, hemoglobin 14.1, packed cell volume 30.0, white blood cell count 74.0, red blood cell count 24.0, hypertension: no, diabetes mellitus: no, coronary artery disease: no, poor appetite, pedal edema: no, anemia: no.",Not CKD
Predict whether the patient has chronic kidney disease (CKD) based on the given clinical description.,"The patient is 55 years old, with blood pressure 80 mmHg, specific gravity 1.02, albumin level 0.0, sugar level 0.0, normal red blood cells, normal pus cells, pus cell clumps: no, bacteria present: no, blood glucose random 140.0, blood urea 49.0, serum creatinine 0.5, sodium level 150.0, potassium level 4.9, hemoglobin 15.7, packed cell volume 32.0, white blood cell count 49.0, red blood cell count 27.0, hypertension: no, diabetes mellitus: no, coronary artery disease: no, poor appetite, pedal edema: no, anemia: no.",Not CKD
Predict whether the patient has chronic kidney disease (CKD) based on the given clinical description.,"The patient is 42 years old, with blood pressure 70 mmHg, specific gravity 1.025, albumin level 0.0, sugar level 0.0, normal red blood cells, normal pus cells, pus cell clumps: no, bacteria present: no, blood glucose random 75.0, blood urea 31.0, serum creatinine 1.2, sodium level 141.0, potassium level 3.5, hemoglobin 16.5, packed cell volume 39.0, white blood cell count 59.0, red blood cell count 40.0, hypertension: no, diabetes mellitus: no, coronary artery disease: no, poor appetite, pedal edema: no, anemia: no.",Not CKD
Predict whether the patient has chronic kidney disease (CKD) based on the given clinical description.,"The patient is 12 years old, with blood pressure 80 mmHg, specific gravity 1.02, albumin level 0.0, sugar level 0.0, normal red blood cells, normal pus cells, pus cell clumps: no, bacteria present: no, blood glucose random 100.0, blood urea 26.0, serum creatinine 0.6, sodium level 137.0, potassium level 4.4, hemoglobin 15.8, packed cell volume 34.0, white blood cell count 48.0, red blood cell count 32.0, hypertension: no, diabetes mellitus: no, coronary artery disease: no, poor appetite, pedal edema: no, anemia: no.",Not CKD
Predict whether the patient has chronic kidney disease (CKD) based on the given clinical description.,"The patient is 17 years old, with blood pressure 60 mmHg, specific gravity 1.025, albumin level 0.0, sugar level 0.0, normal red blood cells, normal pus cells, pus cell clumps: no, bacteria present: no, blood glucose random 114.0, blood urea 50.0, serum creatinine 1.0, sodium level 135.0, potassium level 4.9, hemoglobin 14.2, packed cell volume 36.0, white blood cell count 54.0, red blood cell count 37.0, hypertension: no, diabetes mellitus: no, coronary artery disease: no, poor appetite, pedal edema: no, anemia: no.",Not CKD
Predict whether the patient has chronic kidney disease (CKD) based on the given clinical description.,"The patient is 58 years old, with blood pressure 80 mmHg, specific gravity 1.025, albumin level 0.0, sugar level 0.0, normal red blood cells, normal pus cells, pus cell clumps: no, bacteria present: no, blood glucose random 131.0, blood urea 18.0, serum creatinine 1.1, sodium level 141.0, potassium level 3.5, hemoglobin 15.8, packed cell volume 38.0, white blood cell count 50.0, red blood cell count 39.0, hypertension: no, diabetes mellitus: no, coronary artery disease: no, poor appetite, pedal edema: no, anemia: no.",Not CKD
